user_id,event_time,event_type,page_id,product_id
975,2025-03-31 07:39:41.871144,purchase,52,13
163,2025-03-31 16:03:41.871202,page_view,5,33
825,2025-03-31 00:15:41.871208,add_to_cart,74,23
876,2025-03-31 00:28:41.871212,add_to_cart,83,5
487,2025-03-31 16:34:41.871214,page_view,62,30
570,2025-03-31 04:47:41.871217,page_view,48,49
454,2025-04-01 00:02:41.871220,purchase,36,4
947,2025-03-31 04:19:41.871223,purchase,37,50
945,2025-03-31 03:50:41.871226,add_to_cart,22,13
397,2025-03-31 13:53:41.871228,add_to_cart,75,50
567,2025-03-31 05:59:41.871230,add_to_cart,51,39
673,2025-03-31 12:12:41.871232,add_to_cart,87,49
89,2025-03-31 12:51:41.871235,purchase,18,28
965,2025-03-31 06:51:41.871237,page_view,70,22
436,2025-03-31 18:11:41.871239,page_view,17,38
630,2025-03-31 11:34:41.871241,page_view,49,45
556,2025-03-31 15:38:41.871243,purchase,33,35
834,2025-03-31 05:06:41.871245,add_to_cart,38,11
735,2025-03-31 15:56:41.871247,add_to_cart,17,35
437,2025-03-31 14:56:41.871249,add_to_cart,59,12
112,2025-03-31 10:06:41.871251,purchase,28,37
323,2025-03-31 01:31:41.871253,purchase,80,35
71,2025-03-31 08:16:41.871255,purchase,69,42
11,2025-03-31 23:34:41.871258,add_to_cart,82,16
169,2025-03-31 01:02:41.871260,page_view,73,41
880,2025-03-31 07:18:41.871263,purchase,32,41
232,2025-03-31 18:51:41.871265,purchase,24,1
721,2025-03-31 13:29:41.871268,page_view,3,22
999,2025-03-31 08:15:41.871270,purchase,24,31
70,2025-03-31 21:38:41.871272,purchase,15,10
784,2025-03-31 18:47:41.871274,purchase,51,11
356,2025-03-31 09:49:41.871276,purchase,92,22
395,2025-03-31 21:33:41.871278,page_view,15,33
580,2025-03-31 23:58:41.871281,purchase,34,23
716,2025-03-31 06:53:41.871283,purchase,49,16
742,2025-03-31 09:18:41.871285,page_view,77,8
801,2025-03-31 19:00:41.871287,add_to_cart,86,28
978,2025-03-31 00:10:41.871289,add_to_cart,55,14
453,2025-03-31 16:54:41.871291,add_to_cart,72,40
14,2025-03-31 12:05:41.871293,purchase,99,40
246,2025-03-31 02:10:41.871295,page_view,80,41
388,2025-03-31 15:42:41.871297,add_to_cart,13,27
250,2025-03-31 14:50:41.871299,add_to_cart,96,34
225,2025-03-31 20:50:41.871301,page_view,33,44
131,2025-03-31 06:32:41.871303,purchase,35,3
884,2025-03-31 04:33:41.871305,purchase,8,6
781,2025-03-31 21:20:41.871307,add_to_cart,88,36
210,2025-03-31 21:49:41.871310,purchase,18,47
408,2025-03-31 11:32:41.871312,purchase,17,24
900,2025-03-31 13:36:41.871314,page_view,73,29
551,2025-03-31 18:22:41.871316,purchase,11,46
310,2025-03-31 10:18:41.871318,purchase,68,5
948,2025-03-31 20:06:41.871320,add_to_cart,81,31
690,2025-03-31 22:57:41.871322,add_to_cart,11,1
155,2025-03-31 19:25:41.871324,add_to_cart,32,49
246,2025-03-31 00:35:41.871326,purchase,43,8
957,2025-03-31 17:18:41.871329,page_view,58,14
378,2025-03-31 05:26:41.871331,page_view,31,11
12,2025-03-31 18:40:41.871333,add_to_cart,20,50
576,2025-03-31 10:29:41.871335,page_view,95,25
478,2025-03-31 05:20:41.871337,add_to_cart,9,20
509,2025-03-31 02:03:41.871339,add_to_cart,65,3
955,2025-03-31 20:46:41.871341,page_view,72,40
420,2025-03-31 17:19:41.871343,purchase,56,29
887,2025-03-31 20:55:41.871345,purchase,14,13
929,2025-03-31 14:08:41.871348,page_view,14,20
221,2025-03-31 15:07:41.871350,page_view,99,27
827,2025-03-31 20:06:41.871352,add_to_cart,83,7
608,2025-03-31 18:29:41.871354,page_view,67,36
784,2025-03-31 16:28:41.871356,purchase,45,2
190,2025-03-31 22:36:41.871358,purchase,75,2
260,2025-03-31 06:54:41.871360,add_to_cart,64,21
4,2025-03-31 23:12:41.871362,page_view,61,3
85,2025-03-31 08:28:41.871364,add_to_cart,18,50
617,2025-03-31 21:05:41.871366,purchase,6,13
705,2025-03-31 03:03:41.871368,add_to_cart,8,28
520,2025-03-31 12:49:41.871370,add_to_cart,62,40
256,2025-03-31 15:53:41.871373,page_view,56,30
461,2025-03-31 22:28:41.871381,page_view,91,45
140,2025-03-31 18:39:41.871384,page_view,13,36
117,2025-03-31 07:11:41.871386,page_view,25,6
350,2025-03-31 16:08:41.871388,page_view,88,9
730,2025-03-31 19:52:41.871391,add_to_cart,49,24
683,2025-03-31 15:22:41.871393,purchase,6,45
43,2025-03-31 21:38:41.871395,add_to_cart,87,19
730,2025-03-31 12:01:41.871397,add_to_cart,13,2
710,2025-03-31 05:03:41.871399,purchase,64,10
923,2025-03-31 02:22:41.871401,page_view,26,49
824,2025-03-31 15:27:41.871403,page_view,15,36
398,2025-03-31 01:29:41.871405,purchase,55,26
293,2025-03-31 13:36:41.871407,add_to_cart,29,26
572,2025-03-31 04:37:41.871409,purchase,8,9
936,2025-03-31 00:09:41.871411,purchase,55,22
450,2025-03-31 23:05:41.871414,purchase,70,12
413,2025-03-31 12:19:41.871416,add_to_cart,63,9
779,2025-03-31 09:28:41.871418,add_to_cart,66,42
79,2025-03-31 04:26:41.871420,page_view,63,42
964,2025-03-31 01:46:41.871422,add_to_cart,37,50
672,2025-03-31 21:00:41.871424,add_to_cart,55,17
995,2025-03-31 20:50:41.871427,purchase,18,32
507,2025-03-31 23:47:41.871429,page_view,8,5
469,2025-03-31 23:44:41.871431,purchase,23,29
504,2025-03-31 09:26:41.871433,purchase,88,44
662,2025-03-31 09:03:41.871435,add_to_cart,20,18
219,2025-03-31 21:32:41.871438,purchase,20,12
695,2025-03-31 14:36:41.871440,page_view,38,47
296,2025-03-31 00:20:41.871442,purchase,20,1
761,2025-03-31 05:50:41.871444,purchase,76,43
267,2025-03-31 17:26:41.871446,purchase,15,46
645,2025-03-31 13:30:41.871448,page_view,55,21
897,2025-03-31 00:20:41.871450,purchase,29,1
20,2025-03-31 10:07:41.871453,purchase,31,28
521,2025-03-31 08:15:41.871455,page_view,70,7
509,2025-03-31 03:08:41.871457,page_view,98,48
919,2025-03-31 23:03:41.871459,add_to_cart,1,12
209,2025-03-31 01:36:41.871461,page_view,40,16
404,2025-03-31 03:46:41.871463,purchase,16,38
938,2025-03-31 19:46:41.871465,page_view,68,46
960,2025-03-31 01:38:41.871467,add_to_cart,51,10
846,2025-03-31 16:06:41.871469,page_view,90,42
16,2025-03-31 02:16:41.871471,page_view,89,33
623,2025-03-31 16:10:41.871473,page_view,98,30
878,2025-03-31 21:08:41.871475,add_to_cart,70,50
502,2025-03-31 02:42:41.871477,page_view,67,39
802,2025-03-31 20:36:41.871479,page_view,29,2
801,2025-03-31 02:58:41.871482,purchase,72,43
492,2025-03-31 20:36:41.871484,purchase,75,16
158,2025-03-31 10:13:41.871486,purchase,59,19
832,2025-03-31 13:41:41.871488,add_to_cart,47,28
10,2025-03-31 18:14:41.871491,purchase,4,12
306,2025-03-31 06:59:41.871493,purchase,18,24
79,2025-03-31 06:19:41.871495,page_view,53,6
280,2025-03-31 05:31:41.871497,page_view,2,4
640,2025-03-31 14:16:41.871499,page_view,18,24
149,2025-03-31 17:11:41.871501,purchase,51,22
457,2025-03-31 23:29:41.871503,page_view,78,6
111,2025-03-31 01:29:41.871505,purchase,73,15
724,2025-03-31 17:36:41.871507,page_view,57,49
740,2025-03-31 14:28:41.871509,page_view,63,47
740,2025-03-31 17:16:41.871511,page_view,57,39
108,2025-03-31 22:03:41.871513,page_view,87,20
95,2025-03-31 20:00:41.871515,page_view,50,41
529,2025-03-31 17:55:41.871517,page_view,51,43
735,2025-03-31 19:25:41.871519,purchase,84,37
186,2025-03-31 03:04:41.871521,add_to_cart,9,40
426,2025-03-31 13:12:41.871523,page_view,17,25
603,2025-03-31 23:42:41.871526,purchase,10,33
793,2025-03-31 17:03:41.871528,page_view,46,16
635,2025-03-31 23:39:41.871530,page_view,3,26
750,2025-03-31 23:49:41.871532,add_to_cart,39,17
321,2025-03-31 02:04:41.871534,page_view,16,1
355,2025-03-31 04:56:41.871536,add_to_cart,76,35
332,2025-03-31 23:11:41.871538,purchase,34,26
944,2025-03-31 01:01:41.871540,page_view,29,49
301,2025-03-31 22:51:41.871542,add_to_cart,8,33
897,2025-03-31 11:24:41.871544,page_view,31,12
470,2025-03-31 04:26:41.871546,page_view,14,39
5,2025-03-31 23:06:41.871548,purchase,85,2
80,2025-03-31 00:37:41.871550,page_view,9,11
771,2025-03-31 18:02:41.871553,page_view,44,23
70,2025-03-31 21:49:41.871555,add_to_cart,89,8
252,2025-03-31 18:36:41.871557,purchase,3,41
877,2025-03-31 10:22:41.871559,page_view,65,3
599,2025-03-31 19:08:41.871561,add_to_cart,81,13
651,2025-03-31 00:15:41.871563,page_view,32,43
68,2025-03-31 07:05:41.871565,add_to_cart,28,8
299,2025-03-31 05:09:41.871567,page_view,80,24
25,2025-03-31 14:31:41.871569,page_view,98,42
416,2025-03-31 17:29:41.871571,purchase,8,33
285,2025-03-31 12:15:41.871573,add_to_cart,86,30
575,2025-03-31 02:04:41.871575,page_view,19,24
695,2025-03-31 23:18:41.871577,add_to_cart,63,33
676,2025-03-31 04:52:41.871579,purchase,58,10
4,2025-03-31 00:33:41.871581,add_to_cart,48,17
593,2025-03-31 02:14:41.871583,purchase,76,6
340,2025-03-31 23:14:41.871585,purchase,10,24
717,2025-03-31 10:45:41.871587,purchase,9,12
667,2025-03-31 01:09:41.871589,page_view,35,30
542,2025-03-31 21:10:41.871592,page_view,18,16
568,2025-03-31 17:18:41.871594,purchase,41,42
443,2025-03-31 13:20:41.871596,purchase,19,17
826,2025-03-31 09:08:41.871598,add_to_cart,15,47
736,2025-03-31 07:45:41.871600,purchase,49,34
113,2025-03-31 12:59:41.871602,add_to_cart,80,23
767,2025-03-31 09:00:41.871604,purchase,84,39
735,2025-03-31 16:44:41.871606,purchase,59,40
96,2025-03-31 17:38:41.871608,add_to_cart,27,33
120,2025-03-31 12:16:41.871610,purchase,60,22
462,2025-03-31 04:40:41.871613,page_view,8,27
191,2025-03-31 23:55:41.871615,page_view,77,28
288,2025-03-31 00:08:41.871617,page_view,27,33
828,2025-03-31 08:30:41.871619,page_view,47,5
101,2025-03-31 12:35:41.871621,page_view,40,37
380,2025-03-31 10:11:41.871623,purchase,43,20
687,2025-03-31 14:36:41.871625,page_view,54,28
661,2025-03-31 15:43:41.871627,page_view,33,27
914,2025-03-31 20:07:41.871629,page_view,91,21
363,2025-03-31 06:56:41.871631,add_to_cart,61,13
927,2025-03-31 17:38:41.871633,purchase,90,44
599,2025-03-31 17:45:41.871635,purchase,40,44
683,2025-03-31 22:06:41.871637,add_to_cart,1,11
1,2025-03-31 22:29:41.871639,purchase,27,22
339,2025-03-31 13:40:41.871642,purchase,96,28
268,2025-03-31 19:46:41.871644,purchase,81,1
589,2025-03-31 06:07:41.871646,add_to_cart,40,1
895,2025-03-31 12:26:41.871648,add_to_cart,100,39
792,2025-03-31 05:21:41.871650,page_view,25,37
762,2025-03-31 08:40:41.871652,page_view,4,32
868,2025-03-31 08:12:41.871654,page_view,52,14
770,2025-03-31 10:00:41.871656,page_view,9,48
166,2025-03-31 13:44:41.871658,page_view,92,1
426,2025-03-31 21:59:41.871660,page_view,71,27
366,2025-03-31 07:06:41.871662,purchase,36,50
493,2025-03-31 06:37:41.871664,add_to_cart,67,13
532,2025-03-31 17:15:41.871666,purchase,56,25
680,2025-03-31 11:13:41.871668,purchase,5,25
390,2025-03-31 20:30:41.871670,add_to_cart,26,8
521,2025-03-31 18:12:41.871672,add_to_cart,15,14
841,2025-03-31 05:45:41.871674,add_to_cart,98,41
658,2025-03-31 08:45:41.871676,page_view,42,44
909,2025-03-31 09:52:41.871678,add_to_cart,67,36
429,2025-03-31 12:57:41.871680,page_view,74,29
755,2025-03-31 04:09:41.871682,page_view,12,25
956,2025-03-31 02:48:41.871684,add_to_cart,78,12
752,2025-03-31 19:02:41.871686,page_view,41,41
675,2025-03-31 17:25:41.871688,add_to_cart,71,5
127,2025-03-31 08:24:41.871690,page_view,95,30
182,2025-03-31 13:56:41.871692,page_view,27,15
548,2025-03-31 02:10:41.871694,purchase,21,14
372,2025-03-31 15:44:41.871696,purchase,68,8
458,2025-03-31 11:42:41.871698,add_to_cart,26,13
391,2025-03-31 15:31:41.871700,page_view,41,21
410,2025-03-31 11:38:41.871702,add_to_cart,96,30
727,2025-03-31 19:18:41.871704,page_view,24,16
630,2025-03-31 06:04:41.871706,add_to_cart,18,10
574,2025-03-31 05:32:41.871708,purchase,53,39
896,2025-03-31 12:48:41.871710,purchase,69,20
126,2025-03-31 19:41:41.871712,page_view,27,5
156,2025-03-31 20:57:41.871715,add_to_cart,61,44
18,2025-03-31 21:34:41.871717,page_view,89,15
230,2025-03-31 13:26:41.871719,page_view,89,21
873,2025-03-31 05:31:41.871721,add_to_cart,42,35
226,2025-03-31 05:33:41.871723,add_to_cart,31,9
978,2025-03-31 00:48:41.871725,purchase,94,41
416,2025-03-31 02:41:41.871727,add_to_cart,9,48
107,2025-03-31 23:31:41.871729,add_to_cart,66,19
18,2025-03-31 17:34:41.871731,add_to_cart,97,2
329,2025-03-31 02:57:41.871734,page_view,38,19
956,2025-03-31 10:28:41.871736,purchase,74,19
650,2025-03-31 18:38:41.871738,add_to_cart,12,38
702,2025-03-31 18:34:41.871740,add_to_cart,77,19
62,2025-03-31 20:10:41.871742,page_view,80,33
469,2025-03-31 18:09:41.871745,page_view,44,26
251,2025-03-31 16:51:41.871747,purchase,100,36
443,2025-03-31 00:56:41.871749,page_view,49,12
796,2025-03-31 05:05:41.871751,page_view,86,2
860,2025-03-31 13:51:41.871753,purchase,66,42
619,2025-03-31 17:58:41.871755,purchase,1,17
345,2025-03-31 06:38:41.871757,add_to_cart,87,30
679,2025-03-31 08:36:41.871759,page_view,74,43
687,2025-03-31 17:04:41.871761,add_to_cart,19,9
468,2025-03-31 07:11:41.871763,page_view,11,30
374,2025-03-31 05:58:41.871765,page_view,17,44
588,2025-03-31 03:09:41.871767,page_view,3,44
821,2025-03-31 13:34:41.871769,purchase,8,9
920,2025-03-31 04:19:41.871771,add_to_cart,72,24
35,2025-03-31 13:47:41.871773,add_to_cart,9,6
899,2025-03-31 20:29:41.871775,page_view,45,26
454,2025-03-31 02:29:41.871777,purchase,85,15
86,2025-03-31 15:11:41.871779,add_to_cart,87,34
48,2025-03-31 10:11:41.871781,page_view,16,33
160,2025-03-31 06:27:41.871783,page_view,92,46
22,2025-03-31 15:23:41.871785,purchase,19,18
819,2025-03-31 17:12:41.871787,purchase,3,1
76,2025-03-31 00:10:41.871790,add_to_cart,60,6
54,2025-03-31 05:15:41.871792,page_view,9,40
1,2025-03-31 20:41:41.871794,purchase,8,45
536,2025-03-31 17:00:41.871796,page_view,99,26
733,2025-03-31 06:12:41.871798,page_view,24,16
837,2025-03-31 03:12:41.871800,purchase,19,41
113,2025-03-31 12:00:41.871802,purchase,40,13
862,2025-03-31 06:56:41.871804,purchase,73,46
841,2025-03-31 18:43:41.871806,purchase,19,49
720,2025-03-31 07:37:41.871809,add_to_cart,35,3
923,2025-03-31 21:28:41.871811,purchase,66,6
89,2025-03-31 16:16:41.871813,add_to_cart,20,35
386,2025-03-31 13:41:41.871815,add_to_cart,61,38
746,2025-03-31 19:14:41.871817,page_view,36,12
865,2025-03-31 03:30:41.871819,page_view,90,3
825,2025-03-31 18:24:41.871821,add_to_cart,51,48
426,2025-03-31 02:33:41.871823,add_to_cart,13,38
714,2025-03-31 13:39:41.871825,purchase,38,46
197,2025-03-31 01:56:41.871827,purchase,46,23
287,2025-03-31 19:19:41.871829,purchase,58,37
825,2025-03-31 00:39:41.871831,purchase,76,40
470,2025-03-31 02:52:41.871833,add_to_cart,48,28
543,2025-03-31 11:43:41.871835,add_to_cart,26,35
413,2025-03-31 09:40:41.871837,purchase,23,49
764,2025-03-31 19:48:41.871839,purchase,18,24
292,2025-03-31 13:51:41.871841,page_view,13,36
438,2025-03-31 16:40:41.871843,purchase,59,3
894,2025-03-31 13:02:41.871845,purchase,69,46
401,2025-03-31 04:14:41.871847,page_view,20,44
591,2025-03-31 01:33:41.871849,page_view,41,8
487,2025-03-31 03:51:41.871851,page_view,52,39
991,2025-03-31 13:43:41.871853,page_view,2,14
802,2025-03-31 18:23:41.871855,page_view,34,39
502,2025-03-31 17:20:41.871857,add_to_cart,80,41
41,2025-03-31 22:34:41.871859,purchase,30,36
291,2025-03-31 01:32:41.871862,add_to_cart,8,40
732,2025-03-31 08:22:41.871864,page_view,86,16
713,2025-03-31 15:30:41.871866,purchase,33,9
734,2025-03-31 19:04:41.871868,add_to_cart,76,17
359,2025-03-31 04:11:41.871870,page_view,96,34
512,2025-03-31 03:01:41.871872,page_view,69,5
609,2025-03-31 18:41:41.871874,add_to_cart,59,40
452,2025-03-31 09:50:41.871876,purchase,27,16
540,2025-03-31 04:27:41.871878,add_to_cart,43,43
527,2025-03-31 11:22:41.871880,add_to_cart,30,45
191,2025-03-31 21:28:41.871882,purchase,2,33
632,2025-03-31 21:08:41.871885,page_view,11,12
750,2025-03-31 17:34:41.871887,page_view,51,21
698,2025-03-31 08:22:41.871888,page_view,72,46
540,2025-03-31 10:49:41.871890,page_view,83,34
675,2025-03-31 03:29:41.871892,page_view,23,32
31,2025-03-31 14:05:41.871895,add_to_cart,76,20
363,2025-03-31 22:44:41.871897,add_to_cart,45,35
305,2025-03-31 21:21:41.871899,purchase,60,35
707,2025-03-31 07:49:41.871901,purchase,19,30
494,2025-03-31 15:27:41.871903,purchase,55,10
725,2025-03-31 02:29:41.871905,page_view,19,21
866,2025-03-31 22:10:41.871907,purchase,93,4
800,2025-03-31 13:37:41.871909,purchase,30,15
957,2025-03-31 06:45:41.871911,purchase,6,6
625,2025-03-31 07:02:41.871913,page_view,55,15
686,2025-03-31 12:00:41.871915,add_to_cart,32,3
305,2025-03-31 10:46:41.871917,add_to_cart,37,12
244,2025-03-31 08:23:41.871919,add_to_cart,7,49
542,2025-03-31 02:32:41.871921,add_to_cart,42,30
139,2025-03-31 07:41:41.871923,add_to_cart,77,1
730,2025-03-31 14:40:41.871925,page_view,76,15
154,2025-03-31 16:45:41.871927,add_to_cart,30,4
587,2025-03-31 00:37:41.871929,add_to_cart,71,13
201,2025-03-31 03:28:41.871931,purchase,92,39
431,2025-03-31 01:39:41.871933,page_view,20,41
299,2025-03-31 20:09:41.871935,page_view,6,43
776,2025-03-31 09:21:41.871937,page_view,64,40
301,2025-03-31 22:28:41.871939,purchase,79,20
915,2025-03-31 07:07:41.871941,add_to_cart,84,43
976,2025-03-31 21:47:41.871943,purchase,11,2
571,2025-03-31 11:05:41.871945,page_view,59,36
13,2025-03-31 08:02:41.871947,purchase,14,47
158,2025-03-31 07:33:41.871949,purchase,61,50
573,2025-03-31 00:36:41.871952,page_view,60,43
71,2025-03-31 00:53:41.871954,purchase,89,38
893,2025-03-31 23:43:41.871956,purchase,19,40
220,2025-03-31 03:48:41.871958,add_to_cart,3,30
397,2025-03-31 23:47:41.871960,add_to_cart,89,33
354,2025-03-31 18:16:41.871962,page_view,93,2
849,2025-03-31 07:34:41.871964,add_to_cart,35,6
814,2025-03-31 06:38:41.871966,page_view,24,31
390,2025-03-31 03:32:41.871968,add_to_cart,56,16
331,2025-03-31 18:24:41.871970,page_view,43,15
784,2025-03-31 04:47:41.871972,add_to_cart,61,30
494,2025-03-31 11:08:41.871974,purchase,51,19
463,2025-03-31 03:08:41.871979,add_to_cart,100,32
155,2025-03-31 07:34:41.871981,page_view,68,44
530,2025-03-31 20:04:41.871983,add_to_cart,15,11
304,2025-03-31 07:04:41.871986,add_to_cart,46,35
148,2025-03-31 01:54:41.871988,purchase,50,11
394,2025-03-31 16:24:41.871990,purchase,56,8
659,2025-03-31 20:24:41.871992,purchase,18,50
24,2025-03-31 00:08:41.871994,purchase,67,22
715,2025-03-31 11:16:41.871996,purchase,78,7
118,2025-03-31 04:30:41.871998,add_to_cart,37,35
192,2025-03-31 03:52:41.872000,add_to_cart,66,48
685,2025-03-31 21:00:41.872002,purchase,83,20
680,2025-03-31 13:36:41.872004,add_to_cart,65,4
353,2025-03-31 17:41:41.872006,add_to_cart,74,29
84,2025-03-31 16:48:41.872008,page_view,79,7
832,2025-03-31 20:18:41.872010,purchase,98,27
287,2025-03-31 06:17:41.872012,page_view,91,43
694,2025-03-31 15:17:41.872014,add_to_cart,53,8
150,2025-03-31 18:51:41.872016,page_view,49,44
849,2025-03-31 08:23:41.872018,purchase,14,25
12,2025-03-31 11:36:41.872020,page_view,29,16
955,2025-03-31 12:25:41.872022,page_view,37,48
103,2025-03-31 16:23:41.872024,purchase,61,34
890,2025-03-31 04:07:41.872026,add_to_cart,56,2
27,2025-03-31 14:11:41.872029,page_view,17,44
850,2025-03-31 17:25:41.872031,page_view,52,36
733,2025-03-31 02:42:41.872033,add_to_cart,90,21
474,2025-03-31 12:08:41.872035,page_view,58,38
728,2025-03-31 03:42:41.872037,purchase,29,10
929,2025-03-31 07:50:41.872039,add_to_cart,32,39
759,2025-03-31 06:24:41.872041,add_to_cart,44,29
741,2025-03-31 00:26:41.872044,add_to_cart,50,47
12,2025-03-31 09:53:41.872046,purchase,29,15
385,2025-03-31 07:27:41.872048,purchase,32,15
621,2025-03-31 12:33:41.872050,page_view,32,50
118,2025-03-31 02:58:41.872052,add_to_cart,22,9
148,2025-03-31 14:09:41.872054,page_view,47,40
129,2025-03-31 07:11:41.872056,add_to_cart,71,23
154,2025-03-31 20:15:41.872058,purchase,23,46
710,2025-03-31 03:22:41.872060,page_view,38,30
884,2025-03-31 22:32:41.872063,add_to_cart,72,43
396,2025-03-31 18:37:41.872065,purchase,29,30
792,2025-03-31 07:25:41.872067,page_view,84,3
900,2025-03-31 05:59:41.872069,page_view,78,5
500,2025-03-31 04:00:41.872071,purchase,7,39
818,2025-03-31 13:30:41.872073,page_view,50,31
906,2025-03-31 20:36:41.872075,add_to_cart,56,16
229,2025-03-31 17:00:41.872077,add_to_cart,25,36
22,2025-03-31 09:24:41.872079,purchase,30,46
407,2025-03-31 04:47:41.872082,add_to_cart,50,36
455,2025-03-31 21:53:41.872083,purchase,94,39
28,2025-03-31 08:34:41.872085,add_to_cart,63,38
399,2025-03-31 14:14:41.872088,page_view,95,20
64,2025-03-31 19:31:41.872090,purchase,5,25
484,2025-03-31 04:47:41.872092,page_view,79,17
34,2025-03-31 11:04:41.872094,page_view,57,4
785,2025-03-31 03:38:41.872096,add_to_cart,71,9
718,2025-03-31 02:50:41.872098,purchase,56,7
576,2025-03-31 10:18:41.872100,page_view,10,5
175,2025-03-31 08:41:41.872102,add_to_cart,42,31
355,2025-03-31 13:14:41.872104,purchase,40,31
790,2025-03-31 11:46:41.872106,add_to_cart,14,8
53,2025-03-31 18:01:41.872108,page_view,68,48
219,2025-03-31 03:08:41.872110,purchase,37,34
377,2025-03-31 03:13:41.872115,add_to_cart,29,27
230,2025-03-31 11:10:41.872117,page_view,18,48
496,2025-03-31 22:42:41.872119,purchase,20,13
40,2025-03-31 18:37:41.872121,purchase,84,8
994,2025-03-31 16:45:41.872123,page_view,2,9
806,2025-03-31 19:55:41.872125,add_to_cart,31,48
70,2025-03-31 23:52:41.872127,purchase,96,11
803,2025-03-31 16:55:41.872129,page_view,12,8
536,2025-03-31 15:25:41.872131,page_view,40,13
591,2025-03-31 08:57:41.872138,page_view,59,5
938,2025-03-31 04:25:41.872140,add_to_cart,85,1
131,2025-03-31 23:40:41.872142,add_to_cart,72,35
68,2025-03-31 10:50:41.872144,add_to_cart,16,10
690,2025-03-31 08:09:41.872146,page_view,1,21
740,2025-03-31 19:14:41.872148,purchase,37,33
517,2025-03-31 06:24:41.872150,add_to_cart,84,20
535,2025-03-31 09:18:41.872152,add_to_cart,27,5
70,2025-03-31 16:38:41.872154,purchase,22,43
24,2025-03-31 05:34:41.872157,add_to_cart,52,49
159,2025-03-31 10:32:41.872159,page_view,37,35
400,2025-03-31 16:23:41.872161,purchase,61,28
860,2025-03-31 14:03:41.872163,add_to_cart,87,34
533,2025-03-31 04:51:41.872165,page_view,73,11
334,2025-04-01 00:05:41.872167,purchase,79,8
557,2025-03-31 20:07:41.872169,purchase,30,17
633,2025-03-31 05:54:41.872171,add_to_cart,37,37
620,2025-03-31 18:44:41.872173,purchase,12,49
187,2025-03-31 21:10:41.872175,add_to_cart,2,9
585,2025-03-31 03:53:41.872178,add_to_cart,11,7
446,2025-03-31 08:22:41.872180,page_view,60,22
642,2025-03-31 10:28:41.872182,add_to_cart,84,33
596,2025-03-31 10:24:41.872184,page_view,68,6
849,2025-03-31 06:19:41.872186,page_view,61,26
446,2025-03-31 01:09:41.872188,purchase,40,46
521,2025-03-31 09:52:41.872190,page_view,17,18
465,2025-03-31 16:06:41.872192,add_to_cart,47,26
668,2025-03-31 10:42:41.872194,purchase,66,29
443,2025-03-31 21:33:41.872196,purchase,47,37
204,2025-03-31 00:30:41.872198,purchase,62,24
762,2025-03-31 01:52:41.872200,purchase,26,14
645,2025-03-31 00:44:41.872202,add_to_cart,34,34
345,2025-03-31 18:26:41.872204,page_view,41,13
911,2025-03-31 20:59:41.872206,purchase,69,18
186,2025-03-31 14:54:41.872209,page_view,10,41
97,2025-03-31 20:45:41.872211,page_view,87,38
910,2025-03-31 20:03:41.872213,purchase,60,11
78,2025-03-31 21:39:41.872215,purchase,6,44
5,2025-03-31 03:36:41.872217,add_to_cart,30,33
88,2025-03-31 04:35:41.872219,add_to_cart,9,9
857,2025-03-31 22:00:41.872221,purchase,59,42
574,2025-03-31 07:27:41.872223,purchase,54,42
472,2025-03-31 02:28:41.872225,add_to_cart,24,11
333,2025-03-31 12:32:41.872227,purchase,77,11
367,2025-03-31 13:42:41.872229,add_to_cart,56,8
22,2025-03-31 21:21:41.872231,purchase,96,47
236,2025-03-31 08:33:41.872233,add_to_cart,85,24
221,2025-03-31 10:38:41.872235,page_view,96,40
480,2025-03-31 17:37:41.872237,add_to_cart,1,38
538,2025-03-31 16:45:41.872239,add_to_cart,39,19
608,2025-03-31 03:13:41.872241,purchase,92,40
130,2025-03-31 09:36:41.872244,purchase,8,14
54,2025-03-31 06:57:41.872246,add_to_cart,68,41
302,2025-03-31 20:05:41.872248,page_view,63,35
403,2025-03-31 16:28:41.872250,purchase,9,33
480,2025-03-31 08:12:41.872252,add_to_cart,68,38
850,2025-03-31 15:07:41.872254,page_view,3,9
956,2025-03-31 21:31:41.872256,add_to_cart,15,39
862,2025-03-31 16:41:41.872258,purchase,84,12
105,2025-03-31 19:06:41.872260,purchase,82,9
201,2025-03-31 07:02:41.872262,purchase,51,31
738,2025-03-31 19:07:41.872264,add_to_cart,54,14
907,2025-03-31 19:56:41.872266,add_to_cart,10,30
185,2025-03-31 20:01:41.872268,purchase,25,40
476,2025-03-31 19:09:41.872270,add_to_cart,79,28
885,2025-03-31 04:58:41.872272,purchase,40,29
660,2025-03-31 01:02:41.872274,page_view,53,7
347,2025-03-31 07:54:41.872276,purchase,84,16
209,2025-03-31 03:02:41.872278,page_view,9,10
59,2025-03-31 09:31:41.872281,purchase,55,34
360,2025-03-31 20:54:41.872283,purchase,31,13
334,2025-03-31 16:29:41.872285,add_to_cart,49,34
946,2025-03-31 15:27:41.872287,purchase,67,2
771,2025-03-31 19:30:41.872289,add_to_cart,74,24
152,2025-03-31 23:32:41.872291,purchase,76,39
622,2025-03-31 02:34:41.872293,add_to_cart,36,11
104,2025-03-31 14:39:41.872295,purchase,27,33
922,2025-03-31 01:19:41.872297,add_to_cart,12,6
745,2025-03-31 22:54:41.872299,purchase,86,5
639,2025-03-31 16:00:41.872301,purchase,24,26
375,2025-03-31 17:21:41.872303,purchase,48,46
1,2025-03-31 20:35:41.872305,page_view,25,12
870,2025-03-31 08:25:41.872307,page_view,44,15
360,2025-03-31 16:46:41.872309,purchase,93,28
950,2025-03-31 11:10:41.872311,purchase,17,21
876,2025-03-31 18:13:41.872313,purchase,5,40
370,2025-03-31 05:27:41.872316,purchase,26,34
392,2025-03-31 22:38:41.872318,page_view,88,8
179,2025-03-31 16:27:41.872320,add_to_cart,31,1
211,2025-03-31 11:27:41.872322,add_to_cart,29,25
770,2025-03-31 13:00:41.872324,add_to_cart,90,7
530,2025-03-31 22:47:41.872326,add_to_cart,55,9
9,2025-03-31 11:33:41.872328,page_view,73,42
696,2025-03-31 16:00:41.872330,purchase,86,16
504,2025-03-31 16:20:41.872333,add_to_cart,36,1
146,2025-03-31 20:47:41.872335,page_view,44,6
478,2025-03-31 09:38:41.872337,purchase,95,25
501,2025-03-31 07:41:41.872339,page_view,2,7
244,2025-03-31 08:06:41.872341,purchase,44,11
857,2025-03-31 12:57:41.872343,add_to_cart,47,13
164,2025-03-31 10:51:41.872345,purchase,95,12
859,2025-03-31 09:15:41.872347,purchase,38,43
72,2025-03-31 10:34:41.872349,page_view,89,23
84,2025-03-31 07:22:41.872351,page_view,90,30
370,2025-03-31 08:03:41.872353,page_view,18,26
306,2025-03-31 04:09:41.872355,purchase,64,3
479,2025-04-01 00:00:41.872357,add_to_cart,46,8
553,2025-03-31 16:45:41.872359,add_to_cart,66,35
968,2025-03-31 09:55:41.872361,purchase,70,18
889,2025-03-31 07:51:41.872363,purchase,88,14
246,2025-03-31 06:53:41.872365,page_view,15,50
234,2025-03-31 20:26:41.872367,add_to_cart,62,30
567,2025-03-31 02:05:41.872370,purchase,48,31
334,2025-03-31 07:10:41.872372,page_view,3,20
841,2025-03-31 11:33:41.872374,purchase,41,10
938,2025-03-31 23:40:41.872376,add_to_cart,21,40
547,2025-03-31 14:36:41.872378,page_view,77,22
489,2025-03-31 21:17:41.872380,purchase,95,9
410,2025-03-31 17:59:41.872382,page_view,29,17
811,2025-03-31 09:16:41.872384,purchase,56,29
234,2025-03-31 03:51:41.872386,add_to_cart,64,3
790,2025-03-31 21:20:41.872388,add_to_cart,65,4
629,2025-03-31 06:25:41.872390,page_view,50,50
230,2025-03-31 01:42:41.872392,add_to_cart,14,26
305,2025-03-31 06:55:41.872394,purchase,4,25
186,2025-03-31 20:22:41.872396,add_to_cart,76,19
476,2025-03-31 02:21:41.872398,page_view,88,48
967,2025-03-31 17:35:41.872400,add_to_cart,61,6
415,2025-03-31 10:01:41.872403,page_view,75,38
407,2025-03-31 23:22:41.872405,add_to_cart,76,42
2,2025-03-31 15:46:41.872407,page_view,9,6
944,2025-03-31 09:47:41.872409,purchase,59,41
3,2025-03-31 00:08:41.872411,add_to_cart,48,32
113,2025-03-31 16:49:41.872413,page_view,89,47
628,2025-03-31 11:33:41.872415,page_view,8,14
295,2025-03-31 06:53:41.872417,page_view,93,22
104,2025-03-31 03:02:41.872419,purchase,64,23
101,2025-03-31 07:49:41.872421,purchase,54,44
260,2025-03-31 11:43:41.872423,page_view,85,49
804,2025-03-31 10:52:41.872425,add_to_cart,63,48
259,2025-03-31 07:11:41.872427,add_to_cart,60,25
881,2025-03-31 16:34:41.872429,add_to_cart,70,13
849,2025-03-31 10:00:41.872431,page_view,37,31
430,2025-03-31 09:46:41.872433,add_to_cart,58,22
746,2025-03-31 02:29:41.872435,add_to_cart,9,50
919,2025-03-31 05:28:41.872437,add_to_cart,91,35
813,2025-03-31 09:49:41.872439,page_view,31,26
531,2025-03-31 15:55:41.872441,add_to_cart,68,12
30,2025-03-31 19:51:41.872443,page_view,92,31
860,2025-03-31 15:32:41.872445,add_to_cart,76,37
627,2025-03-31 07:07:41.872447,add_to_cart,5,3
317,2025-03-31 02:59:41.872449,page_view,90,10
952,2025-03-31 22:47:41.872451,page_view,26,34
676,2025-03-31 01:50:41.872453,purchase,56,40
730,2025-03-31 20:10:41.872455,add_to_cart,50,33
923,2025-03-31 13:54:41.872458,purchase,69,14
768,2025-03-31 11:09:41.872460,page_view,32,2
601,2025-03-31 16:06:41.872462,add_to_cart,7,47
739,2025-03-31 16:29:41.872464,page_view,24,5
933,2025-03-31 00:52:41.872466,page_view,15,1
519,2025-03-31 05:33:41.872468,purchase,51,40
963,2025-03-31 13:37:41.872470,add_to_cart,72,36
834,2025-03-31 16:53:41.872472,add_to_cart,83,9
991,2025-03-31 09:55:41.872474,add_to_cart,60,38
166,2025-03-31 07:52:41.872476,purchase,67,12
803,2025-03-31 23:27:41.872478,page_view,81,9
809,2025-03-31 19:15:41.872480,add_to_cart,98,12
57,2025-03-31 21:24:41.872482,purchase,79,37
815,2025-03-31 17:13:41.872484,page_view,42,32
536,2025-03-31 17:19:41.872486,purchase,8,12
939,2025-03-31 00:12:41.872488,page_view,60,19
774,2025-03-31 06:58:41.872490,add_to_cart,77,25
768,2025-03-31 01:37:41.872492,add_to_cart,1,37
303,2025-03-31 20:14:41.872494,add_to_cart,90,38
460,2025-03-31 18:08:41.872496,page_view,57,1
112,2025-03-31 07:59:41.872498,page_view,18,42
316,2025-03-31 05:49:41.872500,page_view,90,27
100,2025-03-31 21:05:41.872502,purchase,52,11
524,2025-03-31 19:28:41.872504,add_to_cart,75,14
63,2025-03-31 23:54:41.872506,add_to_cart,78,12
984,2025-03-31 11:38:41.872508,add_to_cart,6,14
670,2025-03-31 20:32:41.872510,page_view,49,45
920,2025-03-31 08:25:41.872512,add_to_cart,47,14
384,2025-03-31 16:57:41.872514,purchase,70,10
697,2025-03-31 15:54:41.872516,page_view,20,47
495,2025-03-31 04:36:41.872518,purchase,50,22
110,2025-03-31 05:34:41.872520,add_to_cart,85,34
540,2025-03-31 02:34:41.872522,purchase,34,12
585,2025-03-31 02:34:41.872524,add_to_cart,78,14
721,2025-03-31 12:58:41.872526,add_to_cart,5,35
298,2025-03-31 01:36:41.872528,purchase,17,36
47,2025-03-31 08:07:41.872530,page_view,43,8
24,2025-03-31 12:11:41.872532,add_to_cart,98,9
459,2025-03-31 14:15:41.872534,page_view,43,25
955,2025-03-31 00:25:41.872536,purchase,97,37
774,2025-03-31 22:08:41.872538,page_view,30,13
394,2025-03-31 19:48:41.872541,page_view,6,5
81,2025-03-31 14:54:41.872543,page_view,59,16
231,2025-03-31 15:34:41.872545,add_to_cart,88,23
45,2025-03-31 21:28:41.872546,add_to_cart,51,1
2,2025-03-31 14:43:41.872549,page_view,41,48
171,2025-03-31 09:17:41.872551,add_to_cart,90,8
138,2025-03-31 08:35:41.872553,purchase,6,32
772,2025-03-31 00:49:41.872555,purchase,82,29
336,2025-03-31 16:12:41.872557,add_to_cart,81,30
558,2025-03-31 20:52:41.872559,purchase,71,15
231,2025-03-31 12:21:41.872561,add_to_cart,44,13
165,2025-03-31 10:37:41.872563,page_view,39,4
538,2025-03-31 08:12:41.872565,add_to_cart,34,25
187,2025-03-31 04:23:41.872567,add_to_cart,88,24
25,2025-03-31 12:02:41.872569,page_view,23,38
388,2025-03-31 21:26:41.872571,add_to_cart,31,9
574,2025-03-31 07:16:41.872573,purchase,94,24
176,2025-03-31 18:06:41.872575,purchase,91,7
970,2025-03-31 20:21:41.872577,add_to_cart,46,28
433,2025-03-31 05:36:41.872579,page_view,100,36
161,2025-03-31 03:04:41.872581,purchase,35,1
702,2025-03-31 18:04:41.872583,page_view,10,39
799,2025-03-31 05:13:41.872585,page_view,35,41
129,2025-03-31 06:24:41.872587,page_view,17,9
550,2025-03-31 05:30:41.872589,purchase,73,5
541,2025-03-31 03:07:41.872591,add_to_cart,49,41
20,2025-03-31 16:50:41.872593,add_to_cart,85,22
610,2025-03-31 08:00:41.872595,purchase,56,12
196,2025-03-31 20:10:41.872598,add_to_cart,39,30
596,2025-03-31 07:38:41.872600,add_to_cart,20,12
835,2025-03-31 07:33:41.872602,page_view,64,20
682,2025-03-31 06:00:41.872604,purchase,1,23
86,2025-03-31 08:35:41.872606,page_view,3,28
825,2025-03-31 20:27:41.872608,page_view,13,28
114,2025-03-31 23:23:41.872610,page_view,1,41
734,2025-03-31 01:49:41.872612,purchase,81,4
861,2025-03-31 03:20:41.872614,add_to_cart,90,28
311,2025-03-31 20:43:41.872616,add_to_cart,72,32
198,2025-03-31 04:53:41.872618,page_view,18,24
272,2025-03-31 12:20:41.872621,add_to_cart,68,17
578,2025-03-31 00:11:41.872623,page_view,72,14
80,2025-03-31 04:28:41.872625,page_view,46,17
87,2025-03-31 19:36:41.872627,add_to_cart,4,3
474,2025-03-31 23:35:41.872629,add_to_cart,65,22
206,2025-03-31 09:25:41.872631,purchase,34,10
866,2025-03-31 21:56:41.872633,add_to_cart,35,23
847,2025-03-31 15:45:41.872635,add_to_cart,60,13
933,2025-03-31 00:19:41.872637,page_view,31,12
760,2025-03-31 11:38:41.872639,purchase,36,43
95,2025-03-31 03:28:41.872641,add_to_cart,80,8
936,2025-03-31 18:20:41.872644,add_to_cart,26,34
707,2025-03-31 15:25:41.872646,page_view,68,35
528,2025-03-31 09:09:41.872648,page_view,79,25
128,2025-03-31 16:17:41.872650,page_view,44,15
98,2025-03-31 06:51:41.872652,add_to_cart,85,32
136,2025-03-31 17:18:41.872654,page_view,76,6
990,2025-03-31 08:25:41.872657,purchase,7,27
595,2025-03-31 15:59:41.872659,purchase,17,21
401,2025-03-31 21:54:41.872661,purchase,94,26
167,2025-03-31 00:44:41.872663,page_view,99,30
715,2025-03-31 02:24:41.872665,add_to_cart,91,35
97,2025-03-31 10:41:41.872667,purchase,59,28
758,2025-03-31 14:25:41.872669,purchase,42,6
514,2025-03-31 18:07:41.872671,purchase,74,30
775,2025-03-31 14:31:41.872673,add_to_cart,80,50
456,2025-03-31 19:01:41.872675,add_to_cart,1,41
119,2025-03-31 08:15:41.872678,purchase,79,40
748,2025-03-31 22:54:41.872680,add_to_cart,12,7
893,2025-03-31 18:22:41.872682,add_to_cart,2,6
443,2025-03-31 03:56:41.872684,purchase,44,5
938,2025-03-31 04:10:41.872686,purchase,39,11
705,2025-03-31 23:28:41.872690,page_view,29,24
641,2025-03-31 15:26:41.872693,add_to_cart,94,12
865,2025-03-31 01:09:41.872695,purchase,45,41
357,2025-03-31 07:19:41.872697,purchase,67,39
44,2025-03-31 23:50:41.872699,purchase,60,9
802,2025-03-31 22:47:41.872701,page_view,51,15
228,2025-03-31 12:24:41.872703,purchase,23,49
927,2025-03-31 16:30:41.872705,page_view,72,24
177,2025-03-31 16:33:41.872707,purchase,82,43
546,2025-03-31 04:02:41.872709,purchase,50,11
811,2025-03-31 22:42:41.872711,add_to_cart,19,12
211,2025-03-31 03:08:41.872713,page_view,79,34
105,2025-03-31 10:21:41.872715,purchase,90,19
747,2025-03-31 20:41:41.872717,page_view,21,9
467,2025-03-31 21:41:41.872720,page_view,86,35
455,2025-03-31 12:39:41.872722,purchase,90,5
893,2025-03-31 19:16:41.872724,purchase,75,49
717,2025-03-31 00:37:41.872726,purchase,62,27
560,2025-03-31 09:12:41.872728,purchase,51,47
847,2025-03-31 14:01:41.872730,add_to_cart,87,15
660,2025-03-31 17:29:41.872732,add_to_cart,95,42
141,2025-03-31 19:50:41.872734,purchase,9,41
20,2025-03-31 20:49:41.872737,purchase,10,36
780,2025-03-31 21:41:41.872739,add_to_cart,32,50
672,2025-03-31 17:53:41.872741,add_to_cart,52,12
952,2025-03-31 05:09:41.872743,purchase,97,3
30,2025-03-31 14:31:41.872745,page_view,33,27
363,2025-03-31 12:43:41.872747,add_to_cart,47,25
396,2025-03-31 04:33:41.872749,page_view,16,3
504,2025-03-31 00:33:41.872751,page_view,20,17
990,2025-03-31 19:01:41.872753,page_view,65,31
411,2025-03-31 03:48:41.872756,page_view,97,50
617,2025-03-31 10:47:41.872757,purchase,32,31
63,2025-03-31 10:57:41.872759,page_view,71,16
87,2025-03-31 12:26:41.872761,purchase,43,38
625,2025-03-31 20:04:41.872764,page_view,44,17
514,2025-03-31 15:46:41.872766,add_to_cart,40,32
971,2025-03-31 17:11:41.872768,purchase,50,47
462,2025-03-31 00:44:41.872770,page_view,17,40
979,2025-03-31 07:15:41.872772,add_to_cart,27,19
666,2025-03-31 16:20:41.872774,add_to_cart,81,4
733,2025-03-31 19:01:41.872777,add_to_cart,31,13
181,2025-03-31 17:15:41.872779,page_view,29,44
402,2025-03-31 16:38:41.872781,add_to_cart,25,23
932,2025-03-31 16:38:41.872782,page_view,10,33
862,2025-03-31 09:53:41.872784,add_to_cart,32,46
707,2025-03-31 19:59:41.872786,purchase,79,30
502,2025-03-31 03:10:41.872789,purchase,40,43
197,2025-03-31 21:29:41.872791,add_to_cart,70,2
421,2025-03-31 08:02:41.872793,page_view,30,16
405,2025-03-31 18:41:41.872795,add_to_cart,55,17
779,2025-03-31 13:06:41.872797,page_view,84,47
296,2025-03-31 02:40:41.872799,page_view,63,5
577,2025-03-31 23:11:41.872801,add_to_cart,56,20
19,2025-03-31 03:14:41.872803,add_to_cart,82,32
535,2025-03-31 20:08:41.872805,page_view,71,18
863,2025-03-31 14:38:41.872807,purchase,18,26
933,2025-03-31 11:34:41.872809,page_view,10,31
303,2025-03-31 12:09:41.872811,add_to_cart,27,16
115,2025-03-31 03:41:41.872813,purchase,67,44
552,2025-03-31 13:35:41.872815,add_to_cart,95,25
261,2025-03-31 06:24:41.872817,purchase,12,34
303,2025-03-31 12:47:41.872819,page_view,95,41
554,2025-03-31 05:50:41.872821,page_view,72,8
751,2025-03-31 10:37:41.872823,page_view,29,33
36,2025-03-31 22:23:41.872825,page_view,37,13
794,2025-03-31 11:37:41.872827,page_view,76,40
187,2025-03-31 10:30:41.872829,page_view,69,31
339,2025-03-31 12:19:41.872831,page_view,18,45
19,2025-03-31 11:44:41.872833,purchase,24,47
445,2025-03-31 13:05:41.872835,add_to_cart,44,37
343,2025-03-31 22:18:41.872837,page_view,25,41
127,2025-03-31 04:44:41.872839,add_to_cart,71,18
451,2025-03-31 07:31:41.872841,page_view,70,50
938,2025-03-31 04:44:41.872843,purchase,88,38
987,2025-03-31 10:18:41.872845,page_view,67,48
288,2025-03-31 20:34:41.872847,page_view,81,22
94,2025-03-31 15:30:41.872849,page_view,92,36
766,2025-03-31 18:45:41.872851,page_view,21,22
443,2025-03-31 17:44:41.872853,add_to_cart,34,32
258,2025-03-31 21:56:41.872855,page_view,82,47
892,2025-03-31 04:47:41.872857,page_view,99,50
173,2025-03-31 01:22:41.872859,page_view,29,48
207,2025-03-31 08:54:41.872861,add_to_cart,9,39
606,2025-03-31 19:51:41.872863,page_view,52,12
948,2025-03-31 09:50:41.872865,page_view,69,47
802,2025-03-31 14:52:41.872867,page_view,88,46
864,2025-03-31 02:46:41.872869,purchase,71,32
127,2025-03-31 11:21:41.872871,page_view,22,19
971,2025-03-31 15:50:41.872873,purchase,74,29
782,2025-03-31 18:14:41.872875,page_view,65,5
64,2025-03-31 12:45:41.872878,add_to_cart,98,21
992,2025-03-31 19:15:41.872879,purchase,37,2
640,2025-03-31 17:15:41.872882,page_view,84,17
826,2025-03-31 15:29:41.872884,page_view,8,15
26,2025-03-31 19:48:41.872886,page_view,89,44
452,2025-03-31 22:33:41.872888,page_view,94,43
77,2025-03-31 04:49:41.872890,purchase,38,17
452,2025-03-31 12:25:41.872892,add_to_cart,6,46
548,2025-03-31 01:31:41.872894,purchase,36,6
165,2025-03-31 15:28:41.872896,page_view,77,29
347,2025-03-31 13:19:41.872898,purchase,24,50
452,2025-03-31 01:31:41.872900,add_to_cart,19,39
46,2025-03-31 19:00:41.872902,purchase,14,30
626,2025-03-31 15:13:41.872904,purchase,29,23
216,2025-03-31 12:56:41.872906,page_view,40,43
993,2025-03-31 14:07:41.872908,purchase,48,44
227,2025-03-31 16:19:41.872910,add_to_cart,51,5
566,2025-03-31 07:05:41.872912,page_view,63,26
165,2025-03-31 03:53:41.872914,purchase,83,41
57,2025-03-31 05:59:41.872916,purchase,15,49
816,2025-03-31 21:41:41.872918,purchase,67,43
344,2025-03-31 13:13:41.872920,purchase,26,3
113,2025-03-31 08:31:41.872922,add_to_cart,99,22
604,2025-03-31 03:58:41.872924,add_to_cart,35,34
77,2025-03-31 06:39:41.872926,purchase,58,49
203,2025-03-31 23:31:41.872928,add_to_cart,74,21
814,2025-03-31 17:26:41.872930,purchase,16,41
297,2025-03-31 23:13:41.872933,add_to_cart,90,3
464,2025-03-31 15:22:41.872935,add_to_cart,93,44
914,2025-03-31 13:24:41.872937,add_to_cart,36,28
650,2025-03-31 10:32:41.872939,page_view,64,23
368,2025-03-31 18:17:41.872941,page_view,75,36
640,2025-03-31 08:13:41.872943,add_to_cart,78,22
108,2025-03-31 04:29:41.872945,add_to_cart,6,45
748,2025-03-31 09:22:41.872947,add_to_cart,64,30
751,2025-03-31 14:24:41.872949,page_view,99,39
533,2025-03-31 18:25:41.872951,purchase,94,7
616,2025-03-31 13:09:41.872953,purchase,68,42
357,2025-03-31 08:46:41.872955,purchase,2,32
301,2025-03-31 02:25:41.872957,add_to_cart,52,1
283,2025-03-31 18:58:41.872959,purchase,28,12
114,2025-03-31 17:28:41.872961,add_to_cart,26,21
144,2025-03-31 21:51:41.872963,page_view,100,16
934,2025-03-31 06:07:41.872965,purchase,57,7
687,2025-03-31 13:48:41.872967,purchase,8,41
314,2025-03-31 14:59:41.872969,purchase,49,7
806,2025-04-01 00:01:41.872971,purchase,11,32
949,2025-03-31 09:57:41.872973,page_view,80,41
492,2025-03-31 13:13:41.872975,page_view,29,29
505,2025-03-31 08:58:41.872977,page_view,70,28
818,2025-03-31 14:36:41.872980,page_view,11,7
666,2025-03-31 13:42:41.872981,page_view,88,41
283,2025-03-31 09:02:41.872984,add_to_cart,52,23
835,2025-03-31 02:01:41.872986,page_view,92,49
234,2025-03-31 21:52:41.872987,add_to_cart,82,6
878,2025-03-31 21:18:41.872991,purchase,62,37
60,2025-03-31 17:38:41.872993,page_view,25,6
30,2025-03-31 19:54:41.872995,purchase,24,5
815,2025-03-31 22:27:41.872997,purchase,51,43
23,2025-03-31 15:11:41.872999,purchase,6,48
530,2025-03-31 07:49:41.873001,purchase,1,11
381,2025-03-31 02:16:41.873003,add_to_cart,20,18
50,2025-03-31 04:40:41.873005,page_view,39,3
932,2025-03-31 08:49:41.873007,add_to_cart,26,6
510,2025-03-31 05:17:41.873009,page_view,81,48
741,2025-03-31 06:44:41.873011,purchase,95,44
113,2025-03-31 01:17:41.873013,page_view,18,31
404,2025-03-31 01:57:41.873015,purchase,18,30
977,2025-03-31 13:44:41.873017,purchase,56,16
544,2025-03-31 22:30:41.873019,add_to_cart,48,1
840,2025-03-31 12:25:41.873021,page_view,3,43
311,2025-03-31 13:12:41.873023,purchase,96,46
169,2025-03-31 00:56:41.873025,add_to_cart,82,39
91,2025-03-31 06:54:41.873027,purchase,82,2
920,2025-03-31 20:07:41.873029,add_to_cart,96,50
937,2025-03-31 19:21:41.873031,purchase,93,8
706,2025-03-31 12:52:41.873033,page_view,36,46
103,2025-03-31 10:29:41.873035,purchase,74,4
470,2025-03-31 03:31:41.873037,page_view,59,17
996,2025-03-31 09:02:41.873039,page_view,24,12
533,2025-03-31 11:09:41.873041,purchase,9,26
644,2025-03-31 14:45:41.873043,purchase,43,7
658,2025-03-31 04:09:41.873045,add_to_cart,63,37
284,2025-03-31 13:34:41.873048,purchase,22,42
718,2025-03-31 16:54:41.873050,page_view,80,16
512,2025-03-31 23:00:41.873052,purchase,35,1
286,2025-03-31 08:55:41.873054,purchase,32,12
508,2025-03-31 22:12:41.873056,add_to_cart,67,23
467,2025-03-31 15:32:41.873058,page_view,21,20
32,2025-03-31 02:13:41.873060,page_view,25,25
161,2025-03-31 19:05:41.873062,add_to_cart,95,16
627,2025-03-31 23:34:41.873064,page_view,76,48
296,2025-03-31 05:28:41.873066,add_to_cart,8,36
855,2025-03-31 17:15:41.873068,purchase,28,31
580,2025-03-31 11:32:41.873071,purchase,61,11
902,2025-03-31 01:04:41.873073,page_view,83,14
463,2025-03-31 17:24:41.873075,page_view,85,33
242,2025-03-31 23:04:41.873077,page_view,92,40
417,2025-03-31 06:41:41.873079,page_view,92,13
749,2025-03-31 00:52:41.873081,purchase,39,36
624,2025-03-31 02:31:41.873083,page_view,65,23
555,2025-03-31 21:41:41.873085,add_to_cart,40,26
117,2025-03-31 21:09:41.873087,purchase,95,35
687,2025-03-31 19:46:41.873089,purchase,14,12
771,2025-03-31 21:58:41.873091,page_view,56,48
235,2025-03-31 07:11:41.873093,add_to_cart,97,14
415,2025-03-31 09:48:41.873095,purchase,32,26
437,2025-03-31 18:34:41.873097,page_view,47,8
553,2025-03-31 03:55:41.873100,purchase,50,30
965,2025-03-31 12:30:41.873102,add_to_cart,100,40
972,2025-03-31 00:41:41.873104,page_view,93,2
799,2025-03-31 13:04:41.873106,page_view,92,42
13,2025-03-31 11:15:41.873108,page_view,49,44
869,2025-04-01 00:05:41.873110,page_view,40,34
286,2025-03-31 02:49:41.873112,page_view,35,8
298,2025-03-31 15:01:41.873114,add_to_cart,53,8
183,2025-03-31 04:06:41.873116,add_to_cart,84,26
61,2025-03-31 08:46:41.873118,page_view,93,5
986,2025-03-31 10:18:41.873120,purchase,48,49
284,2025-03-31 16:16:41.873122,purchase,72,17
489,2025-04-01 00:04:41.873124,purchase,34,32
277,2025-03-31 04:08:41.873127,page_view,53,1
787,2025-03-31 20:02:41.873129,page_view,24,38
511,2025-03-31 20:31:41.873131,purchase,40,47
889,2025-03-31 02:45:41.873133,purchase,65,46
38,2025-03-31 23:15:41.873135,add_to_cart,83,32
6,2025-03-31 02:35:41.873137,page_view,30,33
697,2025-03-31 14:10:41.873140,purchase,14,27
923,2025-03-31 01:52:41.873142,page_view,48,33
384,2025-03-31 17:22:41.873144,page_view,31,39
345,2025-03-31 15:06:41.873146,add_to_cart,65,8
582,2025-03-31 20:01:41.873148,add_to_cart,3,44
61,2025-03-31 08:57:41.873150,page_view,58,41
633,2025-03-31 07:53:41.873152,page_view,51,20
819,2025-03-31 23:58:41.873154,add_to_cart,4,49
441,2025-03-31 13:54:41.873156,add_to_cart,68,16
357,2025-03-31 01:08:41.873158,purchase,66,33
862,2025-03-31 14:44:41.873161,purchase,8,28
549,2025-03-31 01:03:41.873163,page_view,59,32
615,2025-03-31 01:42:41.873165,add_to_cart,7,21
457,2025-03-31 01:50:41.873167,add_to_cart,36,9
110,2025-03-31 23:44:41.873169,purchase,91,7
887,2025-03-31 08:48:41.873171,purchase,90,41
892,2025-03-31 21:19:41.873173,page_view,54,31
167,2025-03-31 20:11:41.873175,purchase,48,22
432,2025-03-31 16:25:41.873177,purchase,81,25
324,2025-03-31 03:09:41.873179,purchase,60,14
463,2025-03-31 19:18:41.873181,purchase,38,24
156,2025-03-31 09:13:41.873184,page_view,57,39
990,2025-03-31 03:55:41.873185,purchase,76,18
604,2025-03-31 15:30:41.873187,purchase,1,43
191,2025-03-31 14:29:41.873190,purchase,99,9
881,2025-03-31 13:03:41.873192,page_view,36,4
25,2025-03-31 21:03:41.873194,page_view,20,43
269,2025-03-31 12:40:41.873196,purchase,17,21
778,2025-03-31 11:44:41.873198,purchase,94,6
466,2025-03-31 13:56:41.873200,add_to_cart,8,30
550,2025-03-31 23:17:41.873202,purchase,99,39
904,2025-03-31 23:22:41.873204,add_to_cart,72,3
181,2025-03-31 14:05:41.873206,purchase,89,36
980,2025-03-31 00:57:41.873208,purchase,56,28
357,2025-03-31 04:08:41.873211,page_view,11,19
310,2025-03-31 01:20:41.873212,page_view,46,21
789,2025-03-31 16:28:41.873214,page_view,8,30
787,2025-03-31 03:32:41.873216,add_to_cart,8,13
76,2025-03-31 09:59:41.873218,purchase,19,8
295,2025-03-31 09:24:41.873220,page_view,81,28
346,2025-03-31 04:52:41.873222,add_to_cart,82,4
358,2025-03-31 12:06:41.873224,purchase,37,7
83,2025-03-31 10:04:41.873226,purchase,57,28
785,2025-03-31 16:39:41.873228,add_to_cart,32,18
764,2025-03-31 08:00:41.873230,page_view,17,43
21,2025-03-31 08:09:41.873232,add_to_cart,26,43
911,2025-03-31 09:38:41.873234,purchase,56,7
878,2025-03-31 04:47:41.873236,purchase,88,31
167,2025-03-31 13:16:41.873238,purchase,87,13
280,2025-03-31 01:48:41.873240,page_view,29,43
537,2025-03-31 17:54:41.873243,purchase,73,47
962,2025-03-31 15:09:41.873245,purchase,14,49
39,2025-03-31 07:48:41.873247,purchase,8,4
779,2025-03-31 19:29:41.873249,add_to_cart,28,5
803,2025-03-31 00:25:41.873251,page_view,47,23
418,2025-03-31 00:28:41.873253,add_to_cart,85,34
208,2025-03-31 22:20:41.873255,purchase,18,36
958,2025-03-31 09:52:41.873257,page_view,80,40
58,2025-03-31 16:11:41.873260,add_to_cart,65,47
545,2025-03-31 18:10:41.873262,add_to_cart,86,28
696,2025-03-31 02:53:41.873264,add_to_cart,65,14
50,2025-03-31 08:33:41.873266,add_to_cart,52,13
188,2025-03-31 07:36:41.873268,add_to_cart,99,48
40,2025-03-31 18:15:41.873270,page_view,81,46
453,2025-03-31 11:23:41.873272,add_to_cart,68,27
191,2025-03-31 09:57:41.873274,page_view,43,42
62,2025-03-31 12:16:41.873276,add_to_cart,87,17
858,2025-03-31 06:41:41.873278,purchase,32,3
260,2025-03-31 13:42:41.873280,add_to_cart,78,17
612,2025-03-31 06:10:41.873282,purchase,70,38
103,2025-03-31 10:12:41.873284,add_to_cart,54,48
664,2025-03-31 19:19:41.873286,add_to_cart,30,45
896,2025-03-31 04:04:41.873288,add_to_cart,91,36
160,2025-03-31 08:46:41.873290,add_to_cart,85,47
518,2025-03-31 13:40:41.873292,add_to_cart,50,17
291,2025-03-31 11:18:41.873294,add_to_cart,95,48
3,2025-03-31 04:14:41.873296,page_view,92,34
663,2025-03-31 07:27:41.873299,add_to_cart,29,24
660,2025-03-31 15:48:41.873301,purchase,92,43
727,2025-03-31 12:46:41.873302,add_to_cart,46,13
73,2025-03-31 22:33:41.873304,page_view,82,38
37,2025-03-31 21:35:41.873307,add_to_cart,54,1
345,2025-03-31 15:52:41.873309,page_view,68,40
180,2025-03-31 15:26:41.873311,page_view,5,36
99,2025-03-31 04:40:41.873313,purchase,58,13
915,2025-03-31 11:14:41.873315,add_to_cart,19,32
479,2025-03-31 20:37:41.873317,add_to_cart,99,47
618,2025-03-31 21:39:41.873319,add_to_cart,28,23
119,2025-03-31 15:09:41.873321,add_to_cart,12,10
556,2025-03-31 01:17:41.873323,page_view,76,22
536,2025-03-31 11:52:41.873325,page_view,22,31
190,2025-03-31 12:11:41.873328,add_to_cart,21,30
230,2025-03-31 09:37:41.873330,purchase,12,1
684,2025-03-31 19:49:41.873332,purchase,72,23
194,2025-03-31 22:33:41.873334,page_view,67,20
983,2025-03-31 01:05:41.873336,purchase,55,29
966,2025-03-31 17:57:41.873338,add_to_cart,75,34
920,2025-03-31 08:08:41.873340,page_view,34,17
77,2025-03-31 21:09:41.873342,add_to_cart,13,40
328,2025-03-31 07:39:41.873344,purchase,78,21
296,2025-03-31 05:56:41.873346,purchase,75,33
632,2025-03-31 18:10:41.873348,purchase,41,48
296,2025-03-31 21:19:41.873350,add_to_cart,28,25
981,2025-03-31 01:15:41.873352,add_to_cart,69,37
304,2025-03-31 12:24:41.873354,page_view,11,1
533,2025-03-31 15:00:41.873356,purchase,61,17
356,2025-03-31 02:20:41.873358,page_view,16,47
950,2025-03-31 10:15:41.873360,purchase,21,28
298,2025-03-31 00:15:41.873362,add_to_cart,81,23
194,2025-03-31 14:47:41.873364,add_to_cart,28,35
367,2025-03-31 19:29:41.873367,add_to_cart,26,2
934,2025-03-31 22:53:41.873369,purchase,35,28
867,2025-03-31 13:37:41.873371,add_to_cart,71,37
9,2025-03-31 14:28:41.873373,add_to_cart,75,44
451,2025-03-31 04:12:41.873375,purchase,56,45
337,2025-03-31 17:11:41.873377,page_view,78,20
867,2025-03-31 14:55:41.873379,add_to_cart,17,35
267,2025-03-31 22:17:41.873381,add_to_cart,67,8
253,2025-03-31 01:33:41.873383,purchase,35,47
90,2025-03-31 06:04:41.873385,purchase,36,33
774,2025-03-31 03:12:41.873387,add_to_cart,63,2
687,2025-03-31 06:17:41.873390,page_view,51,36
504,2025-03-31 11:15:41.873394,purchase,12,3
46,2025-03-31 03:20:41.873396,page_view,50,26
884,2025-03-31 01:36:41.873398,page_view,61,39
527,2025-03-31 21:55:41.873400,add_to_cart,13,50
56,2025-03-31 13:47:41.873402,page_view,70,38
916,2025-03-31 07:12:41.873404,purchase,27,38
332,2025-03-31 15:14:41.873406,add_to_cart,91,16
9,2025-03-31 14:05:41.873408,add_to_cart,79,48
43,2025-03-31 07:34:41.873410,add_to_cart,76,20
727,2025-03-31 00:29:41.873412,add_to_cart,54,24
967,2025-03-31 20:28:41.873414,add_to_cart,26,13
466,2025-03-31 20:45:41.873417,add_to_cart,69,36
118,2025-03-31 20:26:41.873419,purchase,91,2
484,2025-03-31 15:44:41.873421,purchase,24,48
312,2025-03-31 10:08:41.873423,purchase,94,28
322,2025-03-31 20:05:41.873425,page_view,26,18
290,2025-03-31 04:45:41.873427,purchase,72,23
105,2025-03-31 00:10:41.873429,page_view,11,42
615,2025-03-31 10:49:41.873431,page_view,15,38
933,2025-03-31 23:12:41.873433,add_to_cart,35,40
914,2025-03-31 04:37:41.873435,add_to_cart,66,41
470,2025-03-31 22:11:41.873437,page_view,36,15
190,2025-03-31 21:41:41.873440,add_to_cart,22,36
70,2025-03-31 12:21:41.873442,add_to_cart,40,32
558,2025-03-31 15:17:41.873444,purchase,93,3
293,2025-03-31 23:58:41.873446,purchase,2,41
422,2025-03-31 09:11:41.873448,page_view,39,23
832,2025-03-31 11:12:41.873450,purchase,29,38
268,2025-03-31 20:48:41.873452,add_to_cart,98,19
479,2025-03-31 22:00:41.873454,add_to_cart,70,40
569,2025-03-31 03:44:41.873456,page_view,37,37
984,2025-03-31 10:07:41.873458,add_to_cart,66,24
205,2025-03-31 11:26:41.873460,purchase,11,24
956,2025-03-31 04:28:41.873462,page_view,6,3
594,2025-03-31 16:39:41.873464,page_view,22,23
418,2025-03-31 01:05:41.873466,purchase,18,25
394,2025-03-31 17:31:41.873468,purchase,50,25
383,2025-03-31 04:00:41.873470,page_view,72,37
291,2025-03-31 20:00:41.873472,page_view,55,19
426,2025-03-31 19:31:41.873474,page_view,76,41
619,2025-03-31 09:03:41.873476,add_to_cart,96,47
782,2025-03-31 14:49:41.873479,add_to_cart,68,13
145,2025-03-31 22:14:41.873481,page_view,56,8
414,2025-03-31 10:41:41.873483,purchase,56,39
49,2025-03-31 07:06:41.873485,add_to_cart,58,1
541,2025-03-31 02:53:41.873487,add_to_cart,34,27
801,2025-03-31 04:30:41.873489,purchase,20,48
119,2025-03-31 07:00:41.873491,add_to_cart,12,37
938,2025-03-31 18:32:41.873493,purchase,7,46
572,2025-03-31 17:30:41.873495,page_view,14,6
618,2025-03-31 23:50:41.873497,add_to_cart,9,21
713,2025-03-31 01:24:41.873499,purchase,82,27
520,2025-03-31 04:32:41.873501,page_view,63,16
693,2025-03-31 17:15:41.873503,page_view,91,24
946,2025-03-31 17:25:41.873505,add_to_cart,53,18
830,2025-03-31 07:25:41.873507,purchase,49,47
464,2025-03-31 19:54:41.873510,page_view,8,19
367,2025-03-31 13:37:41.873512,add_to_cart,83,16
74,2025-03-31 20:46:41.873514,add_to_cart,12,23
822,2025-03-31 15:08:41.873516,purchase,84,4
590,2025-03-31 15:59:41.873518,purchase,33,14
566,2025-03-31 12:56:41.873520,add_to_cart,44,19
395,2025-03-31 14:20:41.873522,page_view,62,17
701,2025-03-31 20:01:41.873524,purchase,37,32
481,2025-03-31 23:49:41.873527,purchase,97,17
572,2025-03-31 23:01:41.873529,purchase,52,19
70,2025-03-31 02:15:41.873531,add_to_cart,63,10
295,2025-03-31 04:49:41.873533,add_to_cart,63,24
167,2025-03-31 16:44:41.873535,add_to_cart,54,35
378,2025-03-31 05:04:41.873537,purchase,42,32
531,2025-03-31 22:03:41.873539,purchase,33,7
309,2025-03-31 21:09:41.873541,purchase,85,21
277,2025-03-31 16:13:41.873543,page_view,58,7
825,2025-03-31 12:49:41.873545,page_view,37,48
332,2025-03-31 10:07:41.873547,page_view,31,10
66,2025-03-31 01:41:41.873549,page_view,82,20
402,2025-03-31 03:45:41.873551,page_view,66,41
182,2025-03-31 11:28:41.873553,add_to_cart,7,50
824,2025-03-31 18:17:41.873555,purchase,84,45
500,2025-03-31 21:56:41.873557,add_to_cart,25,32
500,2025-03-31 02:20:41.873559,purchase,70,27
204,2025-03-31 11:11:41.873561,add_to_cart,87,12
164,2025-03-31 00:17:41.873563,page_view,62,28
467,2025-03-31 01:17:41.873565,purchase,1,48
437,2025-03-31 00:12:41.873567,page_view,100,41
178,2025-03-31 21:34:41.873569,page_view,66,41
966,2025-03-31 19:12:41.873571,page_view,77,29
528,2025-03-31 08:04:41.873573,purchase,11,30
848,2025-03-31 04:58:41.873576,purchase,82,17
829,2025-03-31 19:05:41.873578,add_to_cart,83,35
5,2025-03-31 09:13:41.873580,page_view,12,12
976,2025-03-31 14:51:41.873582,page_view,53,44
191,2025-03-31 02:55:41.873584,purchase,8,15
164,2025-03-31 02:10:41.873586,page_view,21,34
955,2025-03-31 00:21:41.873588,add_to_cart,22,21
492,2025-03-31 12:23:41.873590,purchase,79,44
93,2025-03-31 15:10:41.873592,page_view,39,9
41,2025-03-31 05:53:41.873594,page_view,60,33
474,2025-03-31 18:16:41.873596,page_view,13,39
459,2025-03-31 16:44:41.873598,purchase,29,48
685,2025-03-31 01:15:41.873600,add_to_cart,48,1
35,2025-03-31 16:19:41.873602,page_view,90,23
687,2025-03-31 16:23:41.873605,page_view,16,41
786,2025-03-31 11:19:41.873607,add_to_cart,90,30
104,2025-03-31 06:26:41.873609,purchase,41,38
395,2025-03-31 18:25:41.873611,purchase,64,47
735,2025-03-31 08:43:41.873613,page_view,78,43
384,2025-03-31 16:25:41.873615,page_view,76,49
373,2025-03-31 10:32:41.873617,purchase,19,8
32,2025-03-31 20:49:41.873619,add_to_cart,12,13
343,2025-03-31 18:41:41.873621,page_view,40,13
504,2025-03-31 23:22:41.873623,add_to_cart,17,24
889,2025-03-31 09:53:41.873625,add_to_cart,92,44
228,2025-03-31 04:08:41.873628,page_view,98,23
77,2025-03-31 02:17:41.873630,add_to_cart,53,33
175,2025-03-31 07:01:41.873632,add_to_cart,73,45
921,2025-03-31 02:40:41.873634,purchase,76,11
843,2025-03-31 03:48:41.873636,add_to_cart,6,28
973,2025-03-31 20:58:41.873638,add_to_cart,93,24
552,2025-03-31 08:43:41.873640,add_to_cart,26,23
794,2025-03-31 04:03:41.873642,purchase,95,13
604,2025-03-31 16:28:41.873644,page_view,34,27
812,2025-03-31 13:44:41.873646,add_to_cart,29,46
785,2025-03-31 21:33:41.873647,purchase,65,46
122,2025-03-31 10:37:41.873649,purchase,56,50
272,2025-03-31 10:31:41.873652,add_to_cart,66,26
886,2025-03-31 17:35:41.873654,add_to_cart,2,30
925,2025-03-31 14:00:41.873656,purchase,24,6
985,2025-03-31 14:31:41.873658,add_to_cart,73,1
143,2025-03-31 20:58:41.873660,purchase,97,47
669,2025-03-31 16:19:41.873662,add_to_cart,64,27
78,2025-03-31 17:31:41.873664,add_to_cart,44,21
108,2025-03-31 17:43:41.873666,page_view,95,9
999,2025-03-31 19:56:41.873668,page_view,27,18
670,2025-03-31 04:49:41.873670,add_to_cart,40,13
395,2025-03-31 13:32:41.873672,purchase,68,32
747,2025-03-31 22:46:41.873674,page_view,82,10
139,2025-03-31 12:38:41.873676,page_view,49,41
836,2025-03-31 02:04:41.873678,page_view,10,27
307,2025-03-31 13:18:41.873680,page_view,27,4
16,2025-03-31 12:46:41.873682,purchase,60,8
950,2025-03-31 10:20:41.873684,purchase,22,22
825,2025-03-31 20:36:41.873686,purchase,15,10
939,2025-03-31 22:57:41.873688,purchase,26,8
473,2025-03-31 04:13:41.873690,add_to_cart,74,49
279,2025-03-31 08:05:41.873692,add_to_cart,58,35
493,2025-03-31 14:13:41.873694,add_to_cart,75,27
224,2025-03-31 10:57:41.873696,page_view,24,10
195,2025-03-31 03:45:41.873698,purchase,26,3
998,2025-03-31 21:10:41.873700,add_to_cart,36,46
336,2025-03-31 02:10:41.873702,purchase,45,28
552,2025-03-31 15:08:41.873704,add_to_cart,82,43
772,2025-03-31 18:11:41.873706,page_view,92,17
17,2025-03-31 03:50:41.873708,purchase,46,33
710,2025-03-31 10:29:41.873710,add_to_cart,100,27
650,2025-03-31 07:11:41.873712,purchase,86,5
477,2025-03-31 20:00:41.873714,page_view,33,32
366,2025-03-31 03:34:41.873716,page_view,35,12
985,2025-03-31 00:15:41.873718,add_to_cart,31,29
75,2025-03-31 14:13:41.873721,add_to_cart,36,8
542,2025-03-31 21:33:41.873723,purchase,55,48
53,2025-03-31 07:25:41.873725,add_to_cart,42,12
499,2025-03-31 01:02:41.873727,purchase,80,39
232,2025-03-31 13:56:41.873729,purchase,76,19
768,2025-03-31 01:43:41.873731,purchase,89,1
774,2025-03-31 16:09:41.873733,add_to_cart,90,36
968,2025-03-31 20:42:41.873735,add_to_cart,68,1
627,2025-03-31 00:48:41.873737,page_view,60,14
218,2025-03-31 03:24:41.873739,page_view,88,31
518,2025-03-31 10:17:41.873741,page_view,38,39
793,2025-03-31 00:12:41.873743,purchase,34,46
721,2025-03-31 01:59:41.873745,page_view,52,46
793,2025-03-31 15:37:41.873747,add_to_cart,97,29
801,2025-03-31 22:50:41.873749,purchase,34,19
444,2025-03-31 23:32:41.873751,page_view,35,8
217,2025-03-31 19:17:41.873753,purchase,33,40
190,2025-03-31 20:54:41.873755,page_view,1,5
225,2025-03-31 19:50:41.873757,purchase,85,4
391,2025-03-31 18:49:41.873759,add_to_cart,22,24
930,2025-03-31 13:13:41.873761,purchase,42,23
858,2025-03-31 02:56:41.873763,purchase,53,25
404,2025-03-31 01:03:41.873765,page_view,53,36
456,2025-03-31 06:51:41.873767,purchase,57,11
109,2025-03-31 23:00:41.873769,page_view,69,16
888,2025-03-31 13:44:41.873771,page_view,27,49
874,2025-04-01 00:05:41.873774,purchase,1,14
770,2025-03-31 01:42:41.873776,page_view,37,5
295,2025-03-31 21:17:41.873778,add_to_cart,22,47
408,2025-03-31 12:07:41.873780,purchase,71,8
493,2025-03-31 05:35:41.873782,purchase,17,43
647,2025-03-31 04:34:41.873784,purchase,93,31
421,2025-03-31 16:28:41.873786,purchase,16,10
28,2025-03-31 21:29:41.873788,page_view,71,18
685,2025-03-31 23:48:41.873790,add_to_cart,61,15
572,2025-03-31 19:18:41.873792,add_to_cart,31,21
288,2025-03-31 12:36:41.873794,page_view,78,34
699,2025-03-31 20:15:41.873796,add_to_cart,72,2
373,2025-03-31 04:49:41.873798,purchase,77,42
220,2025-03-31 17:57:41.873800,purchase,71,37
766,2025-03-31 17:45:41.873802,page_view,58,28
659,2025-03-31 14:21:41.873804,add_to_cart,47,6
989,2025-03-31 09:58:41.873806,add_to_cart,53,37
504,2025-03-31 03:18:41.873808,add_to_cart,90,36
224,2025-03-31 12:48:41.873811,purchase,9,18
684,2025-03-31 23:37:41.873812,page_view,30,50
539,2025-03-31 21:04:41.873814,page_view,46,34
325,2025-03-31 15:47:41.873816,add_to_cart,52,1
622,2025-03-31 05:00:41.873819,page_view,50,34
891,2025-03-31 06:51:41.873821,add_to_cart,85,16
218,2025-03-31 20:49:41.873823,add_to_cart,89,16
637,2025-03-31 04:56:41.873825,purchase,49,25
999,2025-03-31 02:48:41.873827,purchase,66,42
9,2025-03-31 19:36:41.873829,add_to_cart,53,49
369,2025-03-31 07:15:41.873831,purchase,34,27
747,2025-03-31 09:53:41.873833,add_to_cart,29,32
528,2025-03-31 13:46:41.873835,add_to_cart,51,4
142,2025-03-31 06:08:41.873837,purchase,6,1
562,2025-03-31 10:43:41.873839,add_to_cart,75,25
809,2025-03-31 04:21:41.873841,purchase,39,16
842,2025-03-31 05:23:41.873843,page_view,48,17
576,2025-03-31 12:09:41.873845,purchase,68,14
174,2025-03-31 22:36:41.873847,page_view,61,40
692,2025-03-31 03:33:41.873849,add_to_cart,36,22
454,2025-03-31 04:28:41.873851,purchase,1,15
654,2025-03-31 05:50:41.873853,add_to_cart,72,33
443,2025-03-31 04:31:41.873855,add_to_cart,91,4
653,2025-03-31 03:59:41.873857,purchase,98,37
469,2025-03-31 12:30:41.873863,add_to_cart,9,14
320,2025-03-31 04:57:41.873865,add_to_cart,92,11
787,2025-03-31 09:22:41.873867,page_view,7,36
379,2025-03-31 05:15:41.873869,add_to_cart,73,7
825,2025-03-31 06:19:41.873871,purchase,21,10
768,2025-03-31 22:23:41.873873,add_to_cart,44,46
90,2025-03-31 07:08:41.873875,purchase,86,25
300,2025-03-31 15:25:41.873877,add_to_cart,98,16
923,2025-03-31 04:56:41.873879,purchase,76,16
743,2025-03-31 15:50:41.873882,page_view,26,17
496,2025-03-31 13:59:41.873884,add_to_cart,83,4
378,2025-03-31 20:18:41.873886,purchase,21,3
972,2025-03-31 20:50:41.873888,purchase,78,21
905,2025-03-31 21:21:41.873890,add_to_cart,21,21
83,2025-03-31 23:25:41.873892,add_to_cart,86,42
171,2025-03-31 08:47:41.873894,page_view,34,42
286,2025-03-31 04:29:41.873899,page_view,75,28
806,2025-03-31 17:06:41.873901,purchase,21,5
962,2025-03-31 20:32:41.873904,add_to_cart,7,41
997,2025-03-31 05:56:41.873906,page_view,65,49
869,2025-03-31 19:52:41.873908,purchase,38,30
47,2025-03-31 16:48:41.873910,purchase,1,13
606,2025-03-31 01:50:41.873911,add_to_cart,74,27
55,2025-03-31 23:53:41.873913,page_view,23,30
963,2025-03-31 01:23:41.873916,add_to_cart,64,49
71,2025-03-31 10:28:41.873917,purchase,90,9
993,2025-03-31 16:37:41.873920,purchase,41,41
563,2025-03-31 04:13:41.873922,page_view,79,11
992,2025-03-31 12:38:41.873924,page_view,21,11
884,2025-03-31 00:22:41.873926,purchase,37,31
107,2025-03-31 10:06:41.873928,add_to_cart,58,22
351,2025-03-31 16:58:41.873930,page_view,9,12
846,2025-03-31 14:24:41.873932,page_view,79,38
34,2025-03-31 01:00:41.873934,add_to_cart,91,21
353,2025-03-31 18:02:41.873936,add_to_cart,5,26
369,2025-03-31 13:13:41.873938,purchase,58,6
771,2025-03-31 10:53:41.873940,page_view,24,14
596,2025-03-31 05:00:41.873942,purchase,35,23
380,2025-03-31 02:11:41.873944,purchase,66,1
464,2025-03-31 15:59:41.873946,add_to_cart,21,7
520,2025-03-31 08:52:41.873948,page_view,22,11
282,2025-03-31 19:32:41.873950,add_to_cart,37,31
78,2025-03-31 03:50:41.873952,add_to_cart,83,10
491,2025-03-31 16:39:41.873954,purchase,94,25
796,2025-03-31 11:20:41.873956,page_view,60,26
536,2025-03-31 14:37:41.873958,purchase,94,40
685,2025-03-31 22:45:41.873960,add_to_cart,26,9
24,2025-03-31 05:32:41.873962,page_view,91,21
14,2025-03-31 02:13:41.873964,page_view,44,21
143,2025-03-31 11:35:41.873966,add_to_cart,94,10
721,2025-03-31 04:23:41.873968,purchase,66,20
856,2025-03-31 22:32:41.873970,page_view,88,10
952,2025-03-31 06:58:41.873973,add_to_cart,94,6
561,2025-03-31 06:09:41.873975,add_to_cart,13,13
76,2025-03-31 21:16:41.873977,purchase,84,25
32,2025-03-31 13:27:41.873979,page_view,20,32
986,2025-03-31 07:42:41.873981,purchase,87,29
810,2025-03-31 22:21:41.873983,purchase,55,34
270,2025-03-31 08:02:41.873985,purchase,74,4
462,2025-03-31 20:03:41.873987,purchase,71,8
401,2025-03-31 20:23:41.873989,add_to_cart,52,34
32,2025-03-31 16:38:41.873991,add_to_cart,77,37
995,2025-03-31 16:27:41.873993,purchase,10,29
115,2025-03-31 06:06:41.873996,purchase,62,25
553,2025-03-31 10:30:41.873998,purchase,31,22
214,2025-03-31 06:48:41.874000,add_to_cart,42,24
487,2025-03-31 16:44:41.874001,page_view,94,36
610,2025-03-31 04:25:41.874003,add_to_cart,54,43
42,2025-03-31 11:55:41.874005,add_to_cart,63,22
672,2025-03-31 23:08:41.874007,page_view,48,10
368,2025-03-31 11:18:41.874009,add_to_cart,4,15
46,2025-03-31 21:25:41.874011,add_to_cart,90,24
443,2025-03-31 12:49:41.874014,page_view,57,42
315,2025-03-31 11:31:41.874016,add_to_cart,35,44
556,2025-03-31 19:56:41.874018,add_to_cart,65,50
658,2025-03-31 20:29:41.874020,page_view,6,37
333,2025-03-31 21:46:41.874022,page_view,66,33
536,2025-03-31 08:16:41.874024,purchase,42,46
642,2025-03-31 13:40:41.874026,purchase,34,42
542,2025-03-31 21:45:41.874028,add_to_cart,10,6
614,2025-03-31 01:59:41.874030,page_view,99,41
852,2025-03-31 15:42:41.874032,page_view,43,8
517,2025-03-31 15:57:41.874034,add_to_cart,72,36
501,2025-03-31 12:39:41.874036,purchase,82,23
979,2025-03-31 04:56:41.874038,purchase,91,40
775,2025-03-31 09:16:41.874040,purchase,77,8
200,2025-03-31 20:16:41.874042,page_view,8,29
888,2025-03-31 08:47:41.874044,purchase,59,26
286,2025-03-31 05:19:41.874047,page_view,23,27
656,2025-03-31 01:36:41.874049,add_to_cart,57,3
354,2025-03-31 17:34:41.874051,add_to_cart,83,8
483,2025-03-31 03:43:41.874053,purchase,21,33
649,2025-03-31 06:00:41.874055,add_to_cart,68,34
876,2025-03-31 22:20:41.874057,add_to_cart,36,29
410,2025-03-31 03:30:41.874059,add_to_cart,60,2
101,2025-03-31 21:33:41.874061,page_view,83,6
822,2025-03-31 17:55:41.874063,add_to_cart,50,26
656,2025-03-31 22:20:41.874066,page_view,62,23
625,2025-03-31 04:19:41.874068,add_to_cart,60,45
609,2025-03-31 15:26:41.874070,add_to_cart,82,3
273,2025-03-31 10:56:41.874072,add_to_cart,51,31
311,2025-03-31 16:36:41.874074,purchase,6,14
471,2025-03-31 05:37:41.874076,purchase,55,40
478,2025-03-31 21:52:41.874078,page_view,51,2
159,2025-03-31 08:08:41.874080,add_to_cart,69,18
824,2025-03-31 23:31:41.874082,add_to_cart,40,50
55,2025-03-31 20:28:41.874084,page_view,45,16
144,2025-03-31 21:54:41.874086,purchase,46,3
938,2025-03-31 09:30:41.874088,page_view,16,26
622,2025-03-31 04:34:41.874090,add_to_cart,28,28
262,2025-03-31 09:55:41.874092,add_to_cart,66,5
671,2025-03-31 20:09:41.874094,page_view,78,8
965,2025-03-31 07:03:41.874096,add_to_cart,7,34
819,2025-03-31 05:18:41.874104,page_view,60,36
951,2025-03-31 12:57:41.874106,purchase,88,42
743,2025-03-31 23:25:41.874108,purchase,27,43
61,2025-03-31 03:48:41.874110,purchase,98,13
260,2025-03-31 09:11:41.874112,add_to_cart,26,23
934,2025-03-31 05:40:41.874114,page_view,55,15
223,2025-03-31 03:27:41.874116,purchase,80,7
273,2025-03-31 13:14:41.874118,add_to_cart,38,27
648,2025-03-31 09:24:41.874120,page_view,71,15
379,2025-03-31 02:13:41.874122,add_to_cart,65,15
22,2025-03-31 09:35:41.874125,page_view,73,44
264,2025-03-31 19:21:41.874127,add_to_cart,32,21
715,2025-03-31 18:11:41.874129,add_to_cart,76,5
782,2025-03-31 20:01:41.874131,page_view,49,21
519,2025-03-31 11:41:41.874133,purchase,56,37
745,2025-03-31 13:36:41.874135,add_to_cart,55,6
963,2025-03-31 20:46:41.874137,purchase,15,35
274,2025-03-31 07:01:41.874139,add_to_cart,36,7
98,2025-03-31 12:47:41.874141,page_view,67,47
203,2025-03-31 21:06:41.874143,add_to_cart,46,28
137,2025-03-31 02:10:41.874145,purchase,70,36
866,2025-03-31 04:25:41.874147,page_view,66,33
642,2025-03-31 11:27:41.874149,add_to_cart,95,31
133,2025-03-31 09:42:41.874151,add_to_cart,89,39
519,2025-03-31 12:03:41.874153,purchase,30,17
385,2025-03-31 18:24:41.874155,page_view,55,5
756,2025-03-31 02:54:41.874157,page_view,27,4
269,2025-03-31 07:39:41.874159,purchase,20,9
493,2025-03-31 18:36:41.874161,purchase,93,40
235,2025-03-31 03:06:41.874163,add_to_cart,47,3
142,2025-03-31 09:37:41.874165,add_to_cart,40,2
993,2025-03-31 05:11:41.874167,add_to_cart,60,23
351,2025-03-31 00:39:41.874169,add_to_cart,88,26
325,2025-03-31 05:06:41.874171,add_to_cart,86,15
954,2025-03-31 22:03:41.874173,page_view,67,50
81,2025-03-31 23:19:41.874176,purchase,52,18
999,2025-03-31 14:54:41.874178,purchase,28,1
591,2025-03-31 11:06:41.874180,page_view,100,1
883,2025-03-31 01:45:41.874182,page_view,26,39
26,2025-03-31 17:50:41.874184,page_view,47,23
883,2025-03-31 01:03:41.874186,page_view,60,2
554,2025-03-31 23:55:41.874188,add_to_cart,84,34
849,2025-03-31 17:05:41.874190,page_view,2,31
231,2025-03-31 07:15:41.874192,page_view,55,4
109,2025-03-31 18:30:41.874194,add_to_cart,56,21
311,2025-03-31 21:20:41.874196,add_to_cart,49,10
98,2025-03-31 09:02:41.874198,page_view,37,50
840,2025-03-31 20:17:41.874200,page_view,6,34
968,2025-03-31 05:48:41.874202,purchase,64,21
438,2025-03-31 11:46:41.874204,purchase,91,2
119,2025-03-31 11:07:41.874206,page_view,53,24
534,2025-03-31 18:25:41.874208,page_view,8,1
846,2025-03-31 01:31:41.874210,add_to_cart,13,20
303,2025-03-31 22:47:41.874212,add_to_cart,100,25
985,2025-03-31 04:34:41.874214,purchase,95,27
207,2025-03-31 12:25:41.874217,page_view,94,42
605,2025-03-31 14:06:41.874219,page_view,95,14
504,2025-03-31 13:35:41.874221,add_to_cart,54,11
540,2025-03-31 19:49:41.874223,add_to_cart,60,42
405,2025-03-31 14:56:41.874225,page_view,63,28
150,2025-03-31 05:12:41.874227,purchase,81,29
305,2025-03-31 09:44:41.874229,purchase,63,3
807,2025-03-31 01:41:41.874231,add_to_cart,78,32
415,2025-03-31 19:42:41.874233,page_view,2,49
40,2025-03-31 03:55:41.874235,page_view,19,11
231,2025-03-31 12:13:41.874237,purchase,52,8
747,2025-03-31 00:27:41.874239,page_view,82,30
400,2025-03-31 02:10:41.874241,purchase,35,19
746,2025-03-31 13:37:41.874243,add_to_cart,66,22
137,2025-03-31 08:57:41.874245,page_view,100,41
270,2025-03-31 13:45:41.874247,purchase,46,37
690,2025-03-31 19:16:41.874249,page_view,35,21
502,2025-03-31 20:20:41.874251,add_to_cart,98,18
416,2025-03-31 04:44:41.874253,add_to_cart,41,48
296,2025-03-31 02:15:41.874255,purchase,30,13
175,2025-03-31 00:30:41.874257,page_view,17,35
197,2025-03-31 21:46:41.874259,purchase,86,12
455,2025-03-31 12:22:41.874262,page_view,68,50
299,2025-03-31 05:48:41.874264,add_to_cart,43,27
792,2025-03-31 03:52:41.874266,purchase,52,32
868,2025-03-31 15:22:41.874268,purchase,51,4
27,2025-03-31 05:11:41.874270,add_to_cart,44,44
331,2025-03-31 14:47:41.874272,page_view,42,27
835,2025-03-31 13:24:41.874274,page_view,55,7
636,2025-03-31 16:20:41.874276,add_to_cart,60,3
896,2025-03-31 00:09:41.874277,add_to_cart,56,2
90,2025-03-31 09:56:41.874279,purchase,8,26
236,2025-03-31 18:22:41.874282,purchase,5,45
182,2025-03-31 01:58:41.874283,page_view,24,43
830,2025-03-31 14:10:41.874285,add_to_cart,55,11
703,2025-03-31 07:32:41.874287,purchase,55,16
675,2025-03-31 10:30:41.874289,add_to_cart,98,13
823,2025-03-31 06:10:41.874291,purchase,88,26
394,2025-03-31 09:05:41.874293,purchase,42,13
568,2025-03-31 14:28:41.874295,purchase,73,4
475,2025-03-31 14:40:41.874297,page_view,20,23
122,2025-03-31 00:55:41.874299,purchase,67,13
665,2025-03-31 13:25:41.874302,add_to_cart,75,25
712,2025-03-31 00:39:41.874304,add_to_cart,51,18
183,2025-03-31 21:19:41.874306,page_view,69,32
200,2025-03-31 22:52:41.874308,add_to_cart,32,34
764,2025-03-31 16:43:41.874310,page_view,36,45
437,2025-03-31 17:14:41.874312,add_to_cart,5,9
263,2025-03-31 19:29:41.874314,purchase,93,43
858,2025-03-31 06:49:41.874316,purchase,14,28
681,2025-03-31 22:45:41.874318,purchase,73,47
253,2025-03-31 17:20:41.874320,purchase,100,42
378,2025-03-31 08:26:41.874322,add_to_cart,19,22
596,2025-03-31 13:47:41.874324,add_to_cart,63,24
267,2025-03-31 07:51:41.874326,add_to_cart,32,44
765,2025-03-31 09:53:41.874328,page_view,48,18
712,2025-03-31 15:48:41.874330,add_to_cart,59,28
439,2025-03-31 06:18:41.874332,page_view,100,39
57,2025-03-31 05:40:41.874334,page_view,63,8
652,2025-03-31 16:15:41.874336,page_view,59,12
134,2025-03-31 19:43:41.874338,purchase,15,29
38,2025-03-31 18:31:41.874340,add_to_cart,72,3
124,2025-03-31 03:59:41.874342,add_to_cart,20,46
17,2025-03-31 23:10:41.874344,add_to_cart,10,44
910,2025-03-31 12:37:41.874346,add_to_cart,6,3
944,2025-03-31 01:22:41.874348,purchase,11,48
22,2025-03-31 05:27:41.874350,add_to_cart,80,32
536,2025-03-31 00:10:41.874352,purchase,40,40
746,2025-03-31 04:12:41.874354,add_to_cart,64,34
280,2025-03-31 02:39:41.874356,purchase,16,14
962,2025-03-31 09:06:41.874358,page_view,85,25
758,2025-03-31 06:59:41.874360,add_to_cart,21,5
210,2025-03-31 21:04:41.874362,purchase,5,26
519,2025-03-31 09:23:41.874364,page_view,26,16
372,2025-03-31 12:55:41.874366,add_to_cart,55,7
486,2025-03-31 10:38:41.874368,add_to_cart,77,8
141,2025-03-31 04:05:41.874370,purchase,32,37
20,2025-03-31 19:21:41.874372,add_to_cart,3,33
102,2025-03-31 20:34:41.874374,purchase,40,40
454,2025-03-31 10:46:41.874376,purchase,57,18
991,2025-03-31 01:02:41.874379,add_to_cart,4,47
967,2025-03-31 15:31:41.874381,purchase,79,16
244,2025-03-31 21:45:41.874383,page_view,36,23
166,2025-03-31 14:32:41.874385,page_view,63,1
534,2025-03-31 18:32:41.874387,page_view,44,10
315,2025-03-31 11:50:41.874389,purchase,37,4
10,2025-03-31 01:58:41.874391,page_view,64,43
306,2025-03-31 13:29:41.874393,page_view,81,39
967,2025-03-31 06:51:41.874395,add_to_cart,5,42
176,2025-03-31 14:54:41.874397,purchase,85,12
907,2025-03-31 00:27:41.874399,purchase,10,14
694,2025-03-31 19:12:41.874401,add_to_cart,39,16
148,2025-03-31 16:14:41.874403,add_to_cart,79,18
195,2025-03-31 06:04:41.874405,add_to_cart,24,20
254,2025-03-31 07:42:41.874407,page_view,70,14
627,2025-03-31 05:37:41.874409,page_view,98,37
883,2025-03-31 07:33:41.874411,add_to_cart,45,24
120,2025-03-31 07:07:41.874413,purchase,80,3
682,2025-03-31 04:01:41.874415,page_view,80,6
264,2025-03-31 16:23:41.874417,page_view,1,45
676,2025-03-31 07:24:41.874419,purchase,29,31
746,2025-03-31 16:21:41.874421,add_to_cart,1,16
124,2025-03-31 14:43:41.874423,purchase,73,25
218,2025-03-31 06:21:41.874425,page_view,37,24
552,2025-03-31 12:05:41.874427,purchase,50,29
928,2025-03-31 11:58:41.874429,add_to_cart,1,5
21,2025-03-31 07:30:41.874431,add_to_cart,11,37
553,2025-03-31 10:04:41.874433,page_view,78,11
122,2025-03-31 20:28:41.874435,page_view,8,24
639,2025-03-31 19:02:41.874437,purchase,84,39
498,2025-03-31 18:28:41.874439,add_to_cart,25,13
910,2025-03-31 02:13:41.874441,page_view,63,7
762,2025-03-31 02:51:41.874443,add_to_cart,43,10
139,2025-03-31 05:41:41.874445,purchase,77,26
100,2025-03-31 19:40:41.874447,page_view,92,24
230,2025-03-31 13:31:41.874449,purchase,68,23
449,2025-03-31 20:39:41.874451,purchase,70,24
807,2025-03-31 11:08:41.874453,page_view,52,34
877,2025-03-31 04:43:41.874455,add_to_cart,53,21
952,2025-03-31 11:48:41.874458,add_to_cart,8,45
552,2025-03-31 03:28:41.874460,purchase,98,21
971,2025-03-31 14:42:41.874465,purchase,83,35
433,2025-03-31 00:11:41.874467,add_to_cart,94,33
194,2025-03-31 14:41:41.874470,page_view,65,44
631,2025-03-31 09:45:41.874472,purchase,95,40
212,2025-03-31 23:10:41.874474,page_view,41,32
111,2025-03-31 09:38:41.874476,add_to_cart,82,35
106,2025-03-31 19:42:41.874478,page_view,74,48
930,2025-03-31 06:36:41.874480,add_to_cart,66,14
232,2025-03-31 02:42:41.874482,page_view,28,34
563,2025-03-31 22:11:41.874484,purchase,28,43
502,2025-03-31 15:12:41.874486,add_to_cart,11,30
739,2025-03-31 08:48:41.874488,add_to_cart,74,7
848,2025-03-31 03:15:41.874490,purchase,35,28
241,2025-03-31 11:46:41.874492,page_view,65,43
434,2025-03-31 07:26:41.874494,purchase,95,47
187,2025-03-31 00:24:41.874496,page_view,35,23
457,2025-03-31 09:14:41.874498,add_to_cart,51,40
899,2025-03-31 20:28:41.874501,purchase,34,10
898,2025-03-31 00:39:41.874503,purchase,66,23
56,2025-03-31 13:26:41.874505,page_view,46,11
199,2025-03-31 12:29:41.874507,add_to_cart,86,37
198,2025-03-31 09:03:41.874509,add_to_cart,39,44
806,2025-03-31 01:11:41.874511,purchase,61,27
402,2025-03-31 15:12:41.874513,purchase,21,17
534,2025-03-31 20:39:41.874515,add_to_cart,17,33
141,2025-03-31 14:19:41.874517,page_view,60,12
568,2025-03-31 20:39:41.874519,page_view,24,47
838,2025-03-31 05:20:41.874521,add_to_cart,11,47
642,2025-03-31 00:26:41.874523,page_view,32,23
222,2025-03-31 19:27:41.874525,page_view,81,44
452,2025-03-31 02:36:41.874527,purchase,1,41
552,2025-03-31 16:21:41.874529,purchase,25,6
200,2025-03-31 09:55:41.874531,purchase,42,19
32,2025-03-31 02:11:41.874533,add_to_cart,24,19
52,2025-03-31 16:35:41.874535,page_view,23,45
285,2025-03-31 07:20:41.874537,add_to_cart,22,40
576,2025-03-31 07:02:41.874543,page_view,8,25
248,2025-03-31 20:13:41.874545,purchase,89,10
447,2025-03-31 14:08:41.874547,add_to_cart,25,4
678,2025-03-31 03:57:41.874549,add_to_cart,31,23
546,2025-03-31 13:09:41.874551,page_view,94,5
619,2025-03-31 18:51:41.874553,page_view,81,26
520,2025-03-31 17:37:41.874555,purchase,81,34
120,2025-03-31 11:19:41.874557,page_view,8,18
644,2025-03-31 09:40:41.874559,purchase,60,8
938,2025-03-31 23:53:41.874561,purchase,42,30
984,2025-03-31 22:31:41.874563,purchase,96,24
704,2025-03-31 05:13:41.874565,add_to_cart,75,31
7,2025-03-31 02:58:41.874567,purchase,29,2
1,2025-03-31 21:40:41.874569,add_to_cart,65,16
857,2025-03-31 07:26:41.874571,page_view,34,31
14,2025-03-31 09:01:41.874573,purchase,23,27
631,2025-03-31 06:40:41.874575,purchase,28,40
752,2025-03-31 14:41:41.874577,page_view,64,24
610,2025-03-31 09:52:41.874579,add_to_cart,78,10
105,2025-03-31 03:52:41.874581,purchase,54,27
113,2025-03-31 23:33:41.874583,purchase,13,37
857,2025-03-31 18:47:41.874585,purchase,83,27
813,2025-03-31 13:05:41.874587,add_to_cart,9,8
40,2025-03-31 15:32:41.874589,page_view,34,22
562,2025-03-31 03:32:41.874591,purchase,81,14
808,2025-03-31 14:05:41.874593,page_view,10,34
412,2025-03-31 03:22:41.874595,add_to_cart,54,6
509,2025-03-31 14:06:41.874597,page_view,98,15
635,2025-03-31 20:34:41.874599,purchase,38,16
110,2025-03-31 13:23:41.874601,add_to_cart,57,25
547,2025-03-31 14:57:41.874603,add_to_cart,34,40
934,2025-03-31 19:05:41.874605,page_view,68,17
565,2025-03-31 12:19:41.874607,page_view,9,50
127,2025-03-31 16:40:41.874609,page_view,21,33
960,2025-03-31 08:05:41.874611,page_view,48,39
476,2025-03-31 02:22:41.874613,purchase,49,4
126,2025-03-31 05:21:41.874615,add_to_cart,32,36
793,2025-03-31 14:04:41.874617,page_view,82,12
526,2025-03-31 03:11:41.874619,purchase,33,7
961,2025-03-31 00:08:41.874621,page_view,36,33
578,2025-03-31 05:30:41.874623,page_view,50,46
283,2025-03-31 21:30:41.874625,page_view,62,6
55,2025-03-31 14:54:41.874627,page_view,52,33
492,2025-03-31 12:19:41.874629,page_view,47,46
450,2025-03-31 22:05:41.874631,purchase,27,50
881,2025-03-31 07:04:41.874633,purchase,57,14
701,2025-03-31 02:19:41.874636,purchase,60,5
312,2025-03-31 22:31:41.874638,add_to_cart,27,32
889,2025-03-31 10:16:41.874640,add_to_cart,50,33
858,2025-03-31 13:37:41.874642,page_view,23,7
393,2025-03-31 18:10:41.874644,add_to_cart,43,40
610,2025-03-31 22:12:41.874646,add_to_cart,72,40
56,2025-03-31 03:47:41.874648,page_view,16,13
196,2025-03-31 20:05:41.874650,page_view,32,23
875,2025-03-31 05:13:41.874652,page_view,21,9
775,2025-03-31 03:39:41.874654,add_to_cart,85,47
611,2025-03-31 05:51:41.874656,purchase,25,3
439,2025-03-31 22:27:41.874658,purchase,84,6
101,2025-03-31 23:01:41.874660,purchase,41,49
321,2025-03-31 12:03:41.874662,purchase,94,44
754,2025-03-31 06:03:41.874664,page_view,54,45
754,2025-03-31 15:49:41.874666,page_view,75,34
555,2025-03-31 05:36:41.874668,page_view,21,20
255,2025-03-31 06:34:41.874670,page_view,20,26
123,2025-03-31 03:57:41.874672,page_view,74,31
885,2025-03-31 22:45:41.874674,page_view,10,28
28,2025-03-31 04:00:41.874676,add_to_cart,73,32
431,2025-03-31 08:44:41.874678,page_view,76,17
731,2025-03-31 23:18:41.874680,purchase,77,28
666,2025-03-31 16:49:41.874683,page_view,90,16
335,2025-03-31 03:01:41.874685,purchase,70,32
11,2025-03-31 07:20:41.874687,add_to_cart,95,20
109,2025-03-31 20:30:41.874689,add_to_cart,69,36
957,2025-03-31 11:06:41.874691,purchase,36,12
576,2025-03-31 16:51:41.874693,add_to_cart,30,10
853,2025-03-31 16:31:41.874695,purchase,66,8
1,2025-03-31 03:20:41.874697,add_to_cart,98,9
815,2025-03-31 17:55:41.874699,page_view,93,18
774,2025-03-31 19:22:41.874701,purchase,80,25
578,2025-03-31 12:05:41.874703,purchase,73,11
961,2025-03-31 06:17:41.874705,purchase,64,8
305,2025-03-31 21:08:41.874707,purchase,83,32
643,2025-03-31 10:11:41.874709,purchase,44,36
798,2025-03-31 01:20:41.874711,purchase,9,45
724,2025-03-31 01:47:41.874713,add_to_cart,78,16
524,2025-03-31 13:36:41.874715,page_view,24,39
15,2025-03-31 19:04:41.874716,add_to_cart,82,25
232,2025-03-31 09:38:41.874719,page_view,67,31
7,2025-03-31 01:12:41.874720,purchase,100,22
296,2025-03-31 16:12:41.874723,purchase,97,5
977,2025-03-31 16:52:41.874725,add_to_cart,34,4
803,2025-03-31 03:27:41.874727,page_view,66,43
652,2025-03-31 17:45:41.874729,purchase,90,5
450,2025-03-31 08:11:41.874731,add_to_cart,4,48
335,2025-03-31 08:26:41.874733,page_view,11,38
122,2025-03-31 05:18:41.874735,add_to_cart,36,15
113,2025-03-31 14:35:41.874737,page_view,10,19
102,2025-03-31 14:19:41.874739,page_view,78,8
281,2025-03-31 03:36:41.874741,purchase,78,43
152,2025-03-31 07:50:41.874743,add_to_cart,56,38
602,2025-03-31 12:12:41.874745,page_view,61,39
499,2025-03-31 17:55:41.874747,purchase,10,28
705,2025-03-31 14:39:41.874749,purchase,8,3
71,2025-03-31 08:57:41.874751,add_to_cart,82,28
463,2025-03-31 16:03:41.874753,purchase,62,19
254,2025-03-31 14:32:41.874755,add_to_cart,72,50
404,2025-03-31 16:40:41.874757,add_to_cart,48,5
762,2025-03-31 14:53:41.874759,add_to_cart,11,41
366,2025-03-31 00:11:41.874762,page_view,33,26
505,2025-03-31 03:53:41.874764,purchase,23,22
766,2025-03-31 02:37:41.874766,add_to_cart,85,28
647,2025-03-31 23:57:41.874768,page_view,82,30
412,2025-03-31 06:19:41.874770,page_view,59,14
541,2025-03-31 13:11:41.874772,purchase,40,3
345,2025-03-31 20:35:41.874774,page_view,72,19
984,2025-03-31 05:50:41.874776,add_to_cart,74,17
284,2025-03-31 17:01:41.874778,page_view,76,16
323,2025-03-31 23:29:41.874780,add_to_cart,70,16
609,2025-03-31 19:00:41.874782,page_view,5,38
747,2025-03-31 10:03:41.874784,page_view,7,6
6,2025-03-31 12:35:41.874786,add_to_cart,38,48
794,2025-03-31 02:35:41.874791,purchase,88,1
771,2025-03-31 09:10:41.874793,purchase,83,13
2,2025-03-31 18:23:41.874796,purchase,25,20
920,2025-03-31 05:25:41.874798,page_view,51,20
858,2025-03-31 22:32:41.874800,purchase,55,13
780,2025-03-31 09:28:41.874802,purchase,5,25
819,2025-03-31 17:59:41.874804,page_view,52,44
874,2025-03-31 09:18:41.874808,add_to_cart,53,4
509,2025-03-31 19:35:41.874810,page_view,98,29
323,2025-03-31 13:23:41.874812,purchase,86,15
947,2025-03-31 11:46:41.874814,page_view,43,1
517,2025-03-31 04:05:41.874816,purchase,70,5
44,2025-03-31 15:58:41.874818,purchase,90,36
882,2025-03-31 02:30:41.874821,purchase,54,32
206,2025-03-31 10:57:41.874823,purchase,10,39
892,2025-03-31 12:34:41.874825,page_view,22,21
883,2025-03-31 20:55:41.874827,page_view,58,1
624,2025-03-31 11:18:41.874829,add_to_cart,40,14
776,2025-03-31 18:32:41.874831,page_view,91,5
303,2025-03-31 06:42:41.874833,page_view,33,9
612,2025-03-31 17:49:41.874835,purchase,38,7
506,2025-03-31 14:11:41.874837,add_to_cart,41,45
337,2025-03-31 21:50:41.874839,page_view,82,25
896,2025-03-31 10:18:41.874841,add_to_cart,69,14
839,2025-03-31 21:46:41.874843,add_to_cart,73,32
98,2025-03-31 19:34:41.874845,purchase,58,11
590,2025-03-31 08:44:41.874847,add_to_cart,31,22
704,2025-03-31 03:17:41.874849,add_to_cart,12,16
861,2025-03-31 03:28:41.874851,add_to_cart,55,8
237,2025-03-31 10:44:41.874853,purchase,73,36
446,2025-03-31 22:01:41.874855,purchase,53,6
254,2025-03-31 09:38:41.874857,page_view,18,32
655,2025-03-31 08:59:41.874859,purchase,23,1
810,2025-03-31 21:37:41.874861,purchase,2,41
849,2025-03-31 10:56:41.874863,add_to_cart,23,8
324,2025-03-31 22:49:41.874865,purchase,9,9
328,2025-03-31 17:51:41.874867,add_to_cart,20,5
157,2025-03-31 09:45:41.874869,page_view,100,40
330,2025-03-31 01:42:41.874871,purchase,49,28
229,2025-03-31 06:54:41.874873,purchase,43,38
585,2025-03-31 13:45:41.874875,purchase,15,26
610,2025-03-31 07:17:41.874877,add_to_cart,17,23
212,2025-03-31 08:52:41.874880,add_to_cart,3,42
555,2025-03-31 12:36:41.874882,purchase,2,47
908,2025-03-31 08:00:41.874884,add_to_cart,57,24
111,2025-03-31 07:57:41.874886,page_view,25,8
804,2025-03-31 10:17:41.874888,add_to_cart,83,16
974,2025-03-31 08:07:41.874890,purchase,70,47
661,2025-03-31 20:23:41.874892,page_view,38,9
863,2025-03-31 07:41:41.874894,page_view,60,19
40,2025-03-31 22:21:41.874896,purchase,94,1
180,2025-03-31 01:28:41.874898,purchase,5,30
356,2025-03-31 03:57:41.874900,page_view,75,31
646,2025-03-31 14:38:41.874902,add_to_cart,72,42
27,2025-03-31 00:47:41.874904,page_view,67,31
861,2025-03-31 16:54:41.874906,add_to_cart,60,47
839,2025-03-31 22:31:41.874908,add_to_cart,77,33
491,2025-03-31 23:17:41.874910,add_to_cart,56,34
64,2025-03-31 06:14:41.874912,add_to_cart,90,45
195,2025-03-31 18:11:41.874914,page_view,56,17
128,2025-03-31 08:47:41.874916,page_view,16,48
11,2025-03-31 10:17:41.874918,purchase,79,49
798,2025-03-31 02:15:41.874920,add_to_cart,7,35
919,2025-03-31 02:48:41.874922,purchase,85,49
282,2025-03-31 01:01:41.874924,page_view,41,4
416,2025-03-31 15:56:41.874926,add_to_cart,17,13
798,2025-03-31 18:09:41.874928,purchase,34,41
919,2025-03-31 17:21:41.874930,purchase,85,1
98,2025-03-31 16:18:41.874932,add_to_cart,64,15
810,2025-03-31 06:23:41.874934,page_view,8,14
885,2025-03-31 09:35:41.874936,add_to_cart,25,40
695,2025-03-31 23:28:41.874938,page_view,98,36
25,2025-03-31 15:31:41.874940,page_view,59,31
54,2025-03-31 22:32:41.874942,purchase,50,48
566,2025-03-31 23:42:41.874944,page_view,70,44
991,2025-03-31 06:17:41.874946,page_view,91,39
538,2025-03-31 11:32:41.874949,purchase,8,29
630,2025-04-01 00:01:41.874951,add_to_cart,37,4
939,2025-03-31 17:52:41.874953,add_to_cart,78,39
218,2025-03-31 08:57:41.874955,add_to_cart,81,7
530,2025-03-31 01:46:41.874957,purchase,51,5
514,2025-03-31 03:54:41.874959,add_to_cart,14,25
210,2025-03-31 12:50:41.874961,page_view,54,9
32,2025-03-31 15:33:41.874963,page_view,43,19
663,2025-03-31 08:56:41.874965,page_view,13,38
164,2025-03-31 06:10:41.874967,add_to_cart,1,24
680,2025-03-31 20:41:41.874969,page_view,52,25
703,2025-03-31 08:18:41.874971,purchase,27,33
561,2025-03-31 03:37:41.874973,page_view,95,6
969,2025-03-31 22:01:41.874976,page_view,75,38
237,2025-03-31 02:17:41.874978,page_view,79,38
645,2025-03-31 13:26:41.874980,add_to_cart,97,30
630,2025-03-31 13:01:41.874982,purchase,30,23
334,2025-03-31 05:20:41.874984,page_view,97,26
981,2025-03-31 12:20:41.874986,page_view,57,26
10,2025-03-31 11:23:41.874988,add_to_cart,78,49
127,2025-03-31 10:33:41.874993,page_view,84,37
736,2025-03-31 02:01:41.874995,page_view,67,48
808,2025-03-31 17:33:41.874997,page_view,63,4
18,2025-03-31 11:37:41.874999,purchase,87,10
956,2025-03-31 17:52:41.875001,page_view,64,5
518,2025-03-31 16:20:41.875003,purchase,67,40
162,2025-03-31 19:52:41.875005,page_view,47,24
47,2025-03-31 12:25:41.875007,purchase,66,5
689,2025-03-31 05:40:41.875009,page_view,96,37
604,2025-03-31 13:39:41.875011,page_view,52,10
172,2025-03-31 17:32:41.875013,purchase,81,49
841,2025-03-31 08:14:41.875015,page_view,6,30
820,2025-03-31 15:16:41.875017,page_view,11,44
732,2025-03-31 23:51:41.875019,purchase,3,44
957,2025-03-31 15:46:41.875022,purchase,71,20
785,2025-03-31 01:41:41.875024,page_view,92,6
581,2025-03-31 15:31:41.875026,purchase,18,5
685,2025-03-31 05:32:41.875028,purchase,12,4
614,2025-03-31 05:27:41.875030,page_view,80,15
655,2025-03-31 16:05:41.875032,purchase,28,12
67,2025-03-31 02:27:41.875033,purchase,48,38
140,2025-04-01 00:04:41.875035,page_view,79,8
53,2025-03-31 10:15:41.875038,page_view,70,26
94,2025-03-31 03:37:41.875039,add_to_cart,21,3
965,2025-03-31 01:04:41.875042,page_view,69,22
875,2025-03-31 02:04:41.875044,page_view,70,19
336,2025-03-31 09:50:41.875045,purchase,51,20
479,2025-03-31 21:39:41.875048,purchase,49,23
516,2025-03-31 05:06:41.875050,purchase,3,33
7,2025-03-31 02:46:41.875052,add_to_cart,60,4
566,2025-03-31 11:48:41.875054,purchase,50,31
488,2025-03-31 12:33:41.875056,page_view,74,48
6,2025-03-31 01:50:41.875058,page_view,63,17
116,2025-03-31 14:04:41.875060,add_to_cart,100,48
169,2025-03-31 18:39:41.875062,page_view,82,40
373,2025-03-31 15:50:41.875064,add_to_cart,28,40
691,2025-03-31 16:12:41.875066,add_to_cart,55,37
754,2025-03-31 14:06:41.875068,page_view,31,29
517,2025-03-31 01:42:41.875070,add_to_cart,27,46
545,2025-03-31 12:59:41.875072,page_view,27,38
996,2025-03-31 00:49:41.875074,page_view,9,12
561,2025-03-31 20:31:41.875076,purchase,67,44
839,2025-03-31 21:14:41.875078,page_view,47,37
147,2025-03-31 03:41:41.875080,purchase,81,10
488,2025-03-31 08:34:41.875082,purchase,95,24
829,2025-03-31 01:42:41.875084,page_view,29,37
371,2025-03-31 13:19:41.875086,page_view,57,43
981,2025-03-31 04:29:41.875088,page_view,64,40
26,2025-03-31 02:45:41.875090,add_to_cart,77,32
775,2025-03-31 10:33:41.875092,add_to_cart,30,21
874,2025-03-31 21:43:41.875094,purchase,83,36
812,2025-03-31 21:51:41.875096,purchase,68,10
507,2025-03-31 17:26:41.875098,purchase,100,3
614,2025-03-31 04:02:41.875100,purchase,72,49
980,2025-03-31 10:48:41.875102,page_view,14,46
396,2025-03-31 03:43:41.875104,purchase,8,28
196,2025-03-31 10:25:41.875106,page_view,73,28
614,2025-03-31 15:55:41.875108,add_to_cart,59,50
222,2025-03-31 05:16:41.875110,page_view,35,49
131,2025-03-31 22:56:41.875112,add_to_cart,99,24
984,2025-03-31 19:03:41.875114,add_to_cart,37,47
445,2025-03-31 10:10:41.875116,page_view,41,42
331,2025-03-31 15:20:41.875118,page_view,34,26
748,2025-03-31 14:08:41.875120,purchase,77,7
163,2025-03-31 02:59:41.875122,purchase,20,20
395,2025-03-31 12:10:41.875124,add_to_cart,48,17
638,2025-03-31 22:34:41.875126,purchase,15,43
736,2025-03-31 06:37:41.875128,page_view,31,41
75,2025-03-31 19:12:41.875130,page_view,39,29
683,2025-03-31 07:55:41.875132,page_view,28,45
473,2025-03-31 03:10:41.875134,add_to_cart,61,9
561,2025-03-31 19:43:41.875136,page_view,24,15
427,2025-03-31 21:08:41.875138,purchase,41,32
381,2025-03-31 20:10:41.875140,page_view,89,41
214,2025-03-31 13:25:41.875142,page_view,83,47
30,2025-03-31 04:06:41.875144,add_to_cart,29,31
343,2025-03-31 12:14:41.875146,add_to_cart,15,19
95,2025-03-31 12:09:41.875148,page_view,63,24
68,2025-03-31 13:37:41.875150,purchase,5,31
539,2025-03-31 15:26:41.875152,page_view,83,34
689,2025-03-31 12:07:41.875154,page_view,87,1
879,2025-03-31 05:52:41.875156,page_view,45,21
910,2025-03-31 23:56:41.875158,purchase,9,24
134,2025-03-31 11:10:41.875160,page_view,9,10
680,2025-03-31 00:57:41.875162,add_to_cart,52,37
962,2025-03-31 23:52:41.875164,page_view,55,8
482,2025-03-31 04:37:41.875166,page_view,28,28
424,2025-03-31 14:50:41.875168,add_to_cart,65,9
658,2025-03-31 21:00:41.875170,purchase,66,12
443,2025-03-31 12:33:41.875172,page_view,72,46
577,2025-03-31 00:28:41.875174,add_to_cart,55,28
256,2025-03-31 19:02:41.875176,add_to_cart,72,36
486,2025-03-31 14:43:41.875178,page_view,19,29
757,2025-03-31 06:35:41.875180,page_view,71,42
592,2025-03-31 10:26:41.875182,page_view,42,3
703,2025-03-31 11:30:41.875184,page_view,47,48
554,2025-03-31 16:16:41.875186,page_view,67,11
915,2025-03-31 00:25:41.875188,add_to_cart,83,35
489,2025-03-31 15:49:41.875190,add_to_cart,63,4
456,2025-03-31 14:19:41.875192,add_to_cart,76,15
438,2025-03-31 09:19:41.875194,purchase,68,31
861,2025-03-31 04:32:41.875196,add_to_cart,31,10
764,2025-03-31 21:57:41.875198,page_view,21,43
523,2025-03-31 17:01:41.875200,purchase,100,36
366,2025-03-31 16:06:41.875203,purchase,51,9
107,2025-03-31 04:42:41.875204,add_to_cart,8,32
165,2025-03-31 04:59:41.875206,purchase,97,1
639,2025-03-31 03:47:41.875209,add_to_cart,50,46
110,2025-03-31 00:24:41.875210,purchase,20,18
601,2025-03-31 05:08:41.875213,page_view,51,22
239,2025-03-31 22:36:41.875214,add_to_cart,30,41
248,2025-03-31 06:44:41.875216,purchase,36,26
711,2025-03-31 19:31:41.875218,purchase,100,12
765,2025-03-31 11:30:41.875221,page_view,60,31
746,2025-03-31 08:00:41.875223,purchase,49,22
210,2025-03-31 15:24:41.875225,purchase,83,30
619,2025-03-31 18:24:41.875227,page_view,2,18
960,2025-03-31 17:11:41.875229,page_view,81,25
862,2025-03-31 09:10:41.875231,purchase,71,3
256,2025-03-31 10:21:41.875232,add_to_cart,16,38
422,2025-03-31 18:57:41.875234,purchase,30,13
135,2025-03-31 16:54:41.875237,add_to_cart,96,30
55,2025-03-31 01:42:41.875239,page_view,88,22
786,2025-03-31 13:03:41.875241,purchase,85,18
419,2025-03-31 08:40:41.875242,page_view,42,8
407,2025-03-31 23:30:41.875244,add_to_cart,83,30
389,2025-03-31 22:59:41.875246,page_view,82,47
962,2025-03-31 05:09:41.875248,add_to_cart,9,1
689,2025-03-31 18:26:41.875251,purchase,49,26
394,2025-03-31 14:34:41.875253,purchase,37,16
340,2025-03-31 21:21:41.875255,page_view,19,28
452,2025-03-31 08:42:41.875257,page_view,40,5
138,2025-03-31 01:41:41.875259,purchase,86,37
152,2025-03-31 13:31:41.875261,purchase,53,6
971,2025-03-31 12:02:41.875263,add_to_cart,41,21
887,2025-03-31 06:51:41.875265,purchase,51,10
539,2025-03-31 20:44:41.875267,page_view,59,5
849,2025-03-31 16:14:41.875269,purchase,55,22
277,2025-03-31 08:15:41.875271,page_view,24,18
3,2025-03-31 12:45:41.875273,add_to_cart,21,29
818,2025-03-31 05:36:41.875275,add_to_cart,11,18
363,2025-03-31 08:43:41.875277,page_view,47,1
414,2025-03-31 10:05:41.875279,page_view,33,46
605,2025-03-31 21:24:41.875281,purchase,33,23
525,2025-03-31 01:38:41.875283,add_to_cart,35,1
627,2025-03-31 15:07:41.875285,add_to_cart,19,45
591,2025-03-31 21:20:41.875287,purchase,12,13
264,2025-03-31 23:15:41.875289,page_view,20,32
739,2025-03-31 03:47:41.875292,page_view,83,6
218,2025-03-31 11:20:41.875293,add_to_cart,20,43
160,2025-03-31 03:15:41.875296,add_to_cart,79,41
763,2025-03-31 03:41:41.875298,page_view,19,34
747,2025-03-31 23:28:41.875299,purchase,61,38
803,2025-03-31 03:10:41.875302,purchase,30,39
568,2025-03-31 09:26:41.875304,purchase,48,23
600,2025-03-31 01:57:41.875305,purchase,17,38
65,2025-03-31 12:59:41.875308,purchase,12,50
361,2025-03-31 22:21:41.875309,purchase,51,9
129,2025-03-31 06:11:41.875312,add_to_cart,2,25
129,2025-03-31 04:01:41.875317,purchase,9,33
787,2025-03-31 05:53:41.875319,page_view,69,26
64,2025-03-31 10:00:41.875321,purchase,23,50
917,2025-03-31 23:21:41.875323,add_to_cart,4,10
690,2025-03-31 13:04:41.875325,add_to_cart,1,17
844,2025-03-31 03:54:41.875327,add_to_cart,51,19
748,2025-03-31 20:16:41.875329,page_view,5,45
255,2025-03-31 15:08:41.875331,add_to_cart,15,36
729,2025-03-31 10:51:41.875334,purchase,59,36
144,2025-03-31 17:49:41.875336,page_view,9,30
225,2025-03-31 15:11:41.875338,page_view,29,29
372,2025-03-31 19:02:41.875340,page_view,45,41
138,2025-03-31 00:11:41.875342,purchase,61,18
625,2025-03-31 05:03:41.875344,page_view,65,35
81,2025-03-31 21:25:41.875346,add_to_cart,30,14
415,2025-03-31 10:58:41.875348,purchase,42,2
601,2025-03-31 11:36:41.875350,purchase,19,49
332,2025-03-31 14:12:41.875352,add_to_cart,41,28
718,2025-03-31 03:14:41.875354,add_to_cart,27,18
698,2025-03-31 21:55:41.875356,purchase,12,2
813,2025-03-31 09:40:41.875358,page_view,31,12
687,2025-03-31 21:21:41.875360,page_view,24,50
180,2025-03-31 00:16:41.875363,page_view,29,8
717,2025-03-31 03:10:41.875365,page_view,35,40
442,2025-03-31 14:03:41.875367,page_view,72,3
556,2025-03-31 13:25:41.875369,purchase,19,28
549,2025-03-31 11:35:41.875371,add_to_cart,35,19
477,2025-03-31 11:00:41.875373,add_to_cart,20,48
65,2025-03-31 07:34:41.875375,purchase,93,4
706,2025-03-31 05:00:41.875377,purchase,74,45
57,2025-03-31 10:39:41.875379,purchase,74,25
306,2025-03-31 15:54:41.875381,page_view,93,4
195,2025-03-31 17:26:41.875383,add_to_cart,47,35
638,2025-03-31 15:16:41.875385,purchase,61,25
110,2025-03-31 22:27:41.875387,add_to_cart,93,36
837,2025-03-31 19:40:41.875389,add_to_cart,34,22
957,2025-03-31 11:05:41.875391,purchase,81,16
119,2025-03-31 19:20:41.875393,page_view,52,26
499,2025-03-31 20:30:41.875395,add_to_cart,12,24
971,2025-03-31 19:50:41.875397,page_view,72,42
752,2025-03-31 09:42:41.875399,page_view,59,15
295,2025-03-31 14:53:41.875401,purchase,27,20
870,2025-03-31 07:53:41.875403,add_to_cart,91,44
736,2025-03-31 10:03:41.875405,add_to_cart,5,25
80,2025-03-31 10:15:41.875411,page_view,17,41
899,2025-03-31 02:50:41.875413,page_view,21,48
277,2025-03-31 07:59:41.875415,page_view,39,22
423,2025-03-31 20:30:41.875417,page_view,30,21
149,2025-03-31 18:34:41.875419,purchase,11,22
580,2025-03-31 04:10:41.875421,page_view,90,22
728,2025-03-31 11:59:41.875423,page_view,32,50
933,2025-03-31 17:29:41.875425,page_view,44,49
624,2025-04-01 00:05:41.875427,add_to_cart,63,24
118,2025-03-31 15:12:41.875429,add_to_cart,72,1
959,2025-03-31 16:16:41.875431,purchase,61,2
797,2025-03-31 23:13:41.875433,purchase,100,39
560,2025-03-31 19:26:41.875435,purchase,26,50
274,2025-03-31 01:02:41.875437,page_view,78,42
23,2025-03-31 17:56:41.875439,page_view,78,38
93,2025-03-31 11:41:41.875441,page_view,60,33
732,2025-03-31 10:51:41.875444,page_view,22,43
733,2025-03-31 09:23:41.875446,add_to_cart,74,34
825,2025-03-31 05:33:41.875448,page_view,28,10
359,2025-03-31 04:17:41.875450,add_to_cart,39,20
336,2025-03-31 00:21:41.875452,page_view,70,41
159,2025-03-31 16:23:41.875457,add_to_cart,32,32
611,2025-03-31 19:38:41.875460,page_view,23,13
14,2025-03-31 23:18:41.875462,purchase,6,25
886,2025-03-31 09:01:41.875464,purchase,98,14
622,2025-03-31 14:10:41.875466,page_view,79,14
910,2025-03-31 01:13:41.875468,purchase,96,32
194,2025-03-31 23:42:41.875470,page_view,23,49
690,2025-03-31 12:05:41.875472,page_view,64,33
596,2025-03-31 13:05:41.875474,purchase,19,32
40,2025-03-31 22:29:41.875476,purchase,2,34
915,2025-03-31 00:38:41.875478,purchase,93,19
124,2025-03-31 11:58:41.875480,purchase,59,3
376,2025-03-31 07:16:41.875482,add_to_cart,28,29
812,2025-03-31 03:11:41.875484,purchase,100,41
384,2025-03-31 13:38:41.875486,page_view,3,28
39,2025-03-31 12:00:41.875488,page_view,52,48
650,2025-03-31 05:01:41.875490,page_view,73,16
498,2025-03-31 17:42:41.875492,add_to_cart,87,40
249,2025-03-31 19:06:41.875494,purchase,19,3
991,2025-03-31 12:14:41.875496,add_to_cart,30,36
153,2025-03-31 21:50:41.875498,page_view,99,15
582,2025-03-31 11:33:41.875501,add_to_cart,28,25
959,2025-03-31 09:39:41.875503,purchase,5,11
111,2025-03-31 09:50:41.875505,purchase,27,10
873,2025-03-31 10:05:41.875507,page_view,46,35
87,2025-03-31 12:18:41.875509,add_to_cart,25,3
696,2025-03-31 16:36:41.875511,add_to_cart,25,38
872,2025-03-31 09:38:41.875515,page_view,46,40
255,2025-03-31 02:27:41.875517,page_view,10,27
832,2025-03-31 12:25:41.875519,add_to_cart,70,17
633,2025-03-31 13:46:41.875521,page_view,5,44
361,2025-03-31 18:05:41.875523,page_view,17,41
374,2025-03-31 21:36:41.875528,page_view,16,8
676,2025-03-31 03:43:41.875530,add_to_cart,19,36
772,2025-03-31 11:27:41.875532,purchase,37,5
332,2025-03-31 21:47:41.875534,purchase,34,3
207,2025-03-31 23:00:41.875536,page_view,33,20
622,2025-03-31 23:07:41.875539,page_view,52,2
454,2025-03-31 02:27:41.875541,page_view,22,21
821,2025-03-31 18:04:41.875543,add_to_cart,75,48
972,2025-03-31 06:38:41.875545,purchase,72,21
188,2025-03-31 20:10:41.875547,add_to_cart,50,8
204,2025-03-31 12:44:41.875549,add_to_cart,48,1
229,2025-03-31 20:32:41.875551,page_view,88,45
442,2025-03-31 09:48:41.875553,page_view,41,23
68,2025-03-31 01:51:41.875555,purchase,29,49
45,2025-03-31 08:04:41.875557,page_view,46,36
578,2025-03-31 23:27:41.875559,page_view,44,40
810,2025-03-31 04:37:41.875561,purchase,77,46
826,2025-03-31 16:27:41.875563,page_view,21,9
750,2025-03-31 04:25:41.875565,purchase,99,44
604,2025-03-31 16:50:41.875567,page_view,7,16
263,2025-03-31 15:38:41.875569,purchase,10,14
891,2025-03-31 04:34:41.875571,add_to_cart,59,43
662,2025-03-31 13:12:41.875573,add_to_cart,56,47
230,2025-03-31 06:00:41.875575,add_to_cart,77,27
656,2025-03-31 22:21:41.875577,page_view,52,34
378,2025-03-31 17:39:41.875579,add_to_cart,9,31
268,2025-03-31 14:05:41.875581,add_to_cart,30,33
228,2025-03-31 03:07:41.875583,add_to_cart,19,30
582,2025-03-31 04:43:41.875585,page_view,2,41
193,2025-03-31 09:38:41.875587,purchase,78,4
109,2025-03-31 02:02:41.875589,purchase,92,28
511,2025-03-31 06:11:41.875591,add_to_cart,99,49
675,2025-03-31 07:55:41.875593,add_to_cart,10,21
857,2025-03-31 17:36:41.875595,purchase,50,39
625,2025-03-31 21:05:41.875597,purchase,37,29
339,2025-03-31 04:27:41.875599,page_view,82,25
741,2025-03-31 18:02:41.875601,add_to_cart,78,34
957,2025-03-31 15:44:41.875604,add_to_cart,73,11
576,2025-03-31 04:48:41.875606,add_to_cart,9,19
185,2025-03-31 05:11:41.875607,page_view,86,32
41,2025-03-31 21:25:41.875610,purchase,30,47
468,2025-03-31 23:41:41.875612,page_view,21,41
458,2025-03-31 19:22:41.875614,add_to_cart,58,19
83,2025-03-31 09:27:41.875616,purchase,99,48
582,2025-03-31 05:22:41.875618,add_to_cart,85,27
471,2025-03-31 15:28:41.875620,page_view,94,36
118,2025-03-31 20:51:41.875622,add_to_cart,4,34
100,2025-03-31 19:38:41.875624,add_to_cart,42,46
895,2025-03-31 06:27:41.875626,page_view,76,36
999,2025-03-31 12:50:41.875628,add_to_cart,55,25
18,2025-03-31 14:18:41.875630,add_to_cart,45,8
835,2025-03-31 11:26:41.875632,add_to_cart,24,29
887,2025-03-31 19:54:41.875634,add_to_cart,45,44
413,2025-03-31 08:48:41.875636,page_view,39,45
404,2025-03-31 02:44:41.875638,purchase,26,40
11,2025-03-31 07:53:41.875640,page_view,3,27
956,2025-03-31 01:24:41.875642,purchase,11,5
201,2025-03-31 21:49:41.875644,add_to_cart,72,9
777,2025-03-31 08:59:41.875646,add_to_cart,14,26
593,2025-03-31 02:44:41.875648,purchase,45,32
208,2025-03-31 12:04:41.875650,purchase,89,25
779,2025-03-31 22:42:41.875652,page_view,83,30
102,2025-03-31 12:26:41.875655,page_view,82,50
578,2025-03-31 19:07:41.875656,purchase,45,42
77,2025-03-31 07:33:41.875659,add_to_cart,9,35
602,2025-03-31 21:38:41.875661,purchase,41,31
944,2025-03-31 00:42:41.875663,page_view,23,19
18,2025-03-31 18:31:41.875665,add_to_cart,16,29
751,2025-03-31 05:27:41.875667,add_to_cart,41,38
307,2025-03-31 09:13:41.875669,page_view,67,14
214,2025-03-31 22:44:41.875671,page_view,95,14
284,2025-03-31 05:13:41.875673,add_to_cart,45,19
721,2025-03-31 07:56:41.875675,purchase,49,13
524,2025-03-31 13:47:41.875677,add_to_cart,73,4
260,2025-03-31 20:17:41.875679,add_to_cart,77,3
269,2025-03-31 09:43:41.875681,page_view,84,39
512,2025-03-31 19:48:41.875683,purchase,2,21
571,2025-03-31 16:21:41.875685,page_view,4,13
481,2025-03-31 05:28:41.875688,add_to_cart,58,13
234,2025-03-31 12:33:41.875690,add_to_cart,61,31
953,2025-03-31 22:48:41.875692,add_to_cart,20,13
231,2025-03-31 19:36:41.875694,add_to_cart,26,1
193,2025-03-31 13:37:41.875696,add_to_cart,77,34
987,2025-03-31 14:34:41.875698,page_view,35,50
808,2025-03-31 06:39:41.875700,add_to_cart,91,31
168,2025-03-31 23:33:41.875702,page_view,81,11
891,2025-03-31 04:24:41.875704,purchase,79,44
313,2025-03-31 09:25:41.875706,purchase,92,50
335,2025-03-31 15:11:41.875708,add_to_cart,76,14
650,2025-03-31 02:48:41.875710,purchase,20,32
503,2025-03-31 04:31:41.875712,add_to_cart,44,16
513,2025-03-31 07:38:41.875715,page_view,21,46
533,2025-03-31 11:27:41.875720,add_to_cart,73,39
881,2025-03-31 11:56:41.875722,purchase,86,41
837,2025-03-31 01:01:41.875724,add_to_cart,29,41
398,2025-03-31 07:27:41.875726,purchase,66,10
787,2025-03-31 22:47:41.875728,add_to_cart,70,17
438,2025-03-31 08:19:41.875730,add_to_cart,10,26
180,2025-03-31 23:45:41.875732,page_view,61,18
601,2025-03-31 10:58:41.875734,add_to_cart,56,34
814,2025-03-31 05:52:41.875736,page_view,83,36
258,2025-03-31 07:32:41.875738,page_view,8,6
868,2025-03-31 17:07:41.875740,purchase,3,36
594,2025-03-31 09:01:41.875742,purchase,13,9
985,2025-03-31 12:27:41.875745,purchase,33,16
31,2025-03-31 22:25:41.875747,add_to_cart,43,31
645,2025-03-31 09:35:41.875749,purchase,29,13
417,2025-03-31 17:58:41.875751,add_to_cart,75,41
562,2025-03-31 14:32:41.875753,purchase,51,46
977,2025-03-31 10:27:41.875755,page_view,82,5
822,2025-03-31 23:22:41.875757,page_view,11,5
361,2025-03-31 03:52:41.875759,add_to_cart,47,37
835,2025-03-31 07:13:41.875760,page_view,50,2
57,2025-03-31 07:35:41.875762,purchase,24,41
748,2025-03-31 11:45:41.875764,page_view,42,25
359,2025-03-31 07:25:41.875766,add_to_cart,71,20
235,2025-03-31 12:47:41.875768,page_view,30,20
278,2025-03-31 20:21:41.875770,purchase,17,41
115,2025-03-31 11:38:41.875772,add_to_cart,34,21
825,2025-03-31 13:59:41.875774,purchase,4,40
442,2025-03-31 00:17:41.875776,add_to_cart,5,27
971,2025-03-31 15:36:41.875778,purchase,31,23
460,2025-03-31 11:07:41.875780,page_view,84,14
568,2025-03-31 03:10:41.875783,page_view,39,23
709,2025-03-31 06:15:41.875785,purchase,88,14
124,2025-03-31 02:04:41.875787,page_view,64,23
367,2025-03-31 11:16:41.875788,purchase,69,18
574,2025-03-31 19:13:41.875790,add_to_cart,61,20
237,2025-03-31 08:52:41.875792,page_view,5,6
700,2025-03-31 14:26:41.875794,add_to_cart,53,19
525,2025-03-31 08:02:41.875796,purchase,14,10
761,2025-03-31 15:03:41.875798,page_view,36,47
446,2025-03-31 07:14:41.875800,page_view,35,24
774,2025-03-31 14:12:41.875802,page_view,36,26
308,2025-03-31 11:44:41.875804,page_view,59,20
431,2025-03-31 03:01:41.875806,add_to_cart,43,16
574,2025-03-31 20:53:41.875808,add_to_cart,45,40
536,2025-03-31 17:49:41.875810,add_to_cart,97,36
442,2025-03-31 14:25:41.875812,purchase,56,47
898,2025-03-31 11:56:41.875814,add_to_cart,50,30
523,2025-03-31 14:12:41.875816,add_to_cart,99,32
313,2025-03-31 10:30:41.875818,page_view,67,33
939,2025-03-31 07:09:41.875820,add_to_cart,34,19
808,2025-03-31 11:26:41.875822,purchase,69,50
882,2025-03-31 16:11:41.875824,page_view,56,4
680,2025-03-31 09:17:41.875826,purchase,88,46
366,2025-03-31 07:20:41.875828,page_view,28,11
869,2025-03-31 11:09:41.875830,page_view,31,1
798,2025-03-31 11:01:41.875832,page_view,67,28
157,2025-03-31 15:59:41.875834,page_view,14,17
613,2025-03-31 10:44:41.875836,page_view,85,20
187,2025-03-31 07:13:41.875838,purchase,47,8
972,2025-03-31 08:31:41.875840,add_to_cart,95,4
141,2025-03-31 17:37:41.875842,purchase,50,40
833,2025-03-31 02:39:41.875845,add_to_cart,70,47
452,2025-03-31 10:12:41.875847,add_to_cart,97,36
978,2025-03-31 14:12:41.875849,page_view,28,3
249,2025-03-31 18:39:41.875851,add_to_cart,92,29
394,2025-03-31 13:14:41.875853,page_view,1,43
404,2025-03-31 06:56:41.875855,purchase,22,22
268,2025-03-31 14:54:41.875856,page_view,45,24
517,2025-03-31 20:41:41.875858,page_view,57,44
483,2025-03-31 12:57:41.875860,add_to_cart,74,43
617,2025-03-31 19:35:41.875862,page_view,40,29
428,2025-03-31 13:48:41.875864,purchase,3,37
621,2025-03-31 05:00:41.875866,add_to_cart,31,38
4,2025-03-31 11:18:41.875868,add_to_cart,23,28
576,2025-03-31 09:27:41.875870,add_to_cart,49,31
983,2025-03-31 07:35:41.875872,page_view,68,14
362,2025-03-31 05:40:41.875874,page_view,45,1
375,2025-03-31 10:09:41.875876,page_view,96,47
351,2025-03-31 16:24:41.875878,page_view,94,40
692,2025-03-31 07:51:41.875880,add_to_cart,41,40
670,2025-03-31 16:56:41.875882,page_view,89,50
802,2025-03-31 12:50:41.875884,add_to_cart,92,12
634,2025-03-31 19:42:41.875886,page_view,57,12
158,2025-03-31 19:21:41.875888,purchase,78,50
51,2025-03-31 01:37:41.875890,page_view,100,8
889,2025-03-31 15:42:41.875892,add_to_cart,56,35
761,2025-03-31 20:38:41.875894,purchase,53,47
159,2025-03-31 14:45:41.875896,purchase,93,8
287,2025-03-31 04:56:41.875898,page_view,9,24
295,2025-03-31 22:30:41.875900,page_view,97,1
365,2025-03-31 02:48:41.875902,page_view,55,34
791,2025-03-31 17:06:41.875904,add_to_cart,19,31
716,2025-03-31 01:21:41.875906,purchase,91,32
796,2025-03-31 15:36:41.875908,add_to_cart,86,13
934,2025-03-31 09:38:41.875910,add_to_cart,73,21
646,2025-03-31 18:31:41.875912,purchase,19,6
589,2025-03-31 08:57:41.875914,purchase,10,49
793,2025-03-31 11:22:41.875916,add_to_cart,76,36
449,2025-03-31 08:29:41.875918,page_view,67,30
332,2025-03-31 04:13:41.875920,purchase,65,23
703,2025-03-31 01:06:41.875922,purchase,27,27
449,2025-03-31 11:09:41.875924,page_view,24,8
592,2025-03-31 02:42:41.875926,add_to_cart,2,19
612,2025-03-31 03:03:41.875928,purchase,25,19
783,2025-03-31 18:20:41.875930,purchase,81,2
105,2025-03-31 12:36:41.875932,page_view,90,12
169,2025-03-31 02:42:41.875934,purchase,95,49
666,2025-03-31 09:18:41.875936,purchase,43,16
916,2025-03-31 13:02:41.875938,add_to_cart,67,7
611,2025-03-31 05:21:41.875940,page_view,71,30
475,2025-03-31 04:12:41.875942,purchase,8,15
87,2025-03-31 16:18:41.875944,page_view,44,8
799,2025-03-31 00:51:41.875946,purchase,1,2
186,2025-03-31 04:22:41.875948,page_view,90,47
572,2025-03-31 11:51:41.875951,add_to_cart,78,22
821,2025-03-31 16:07:41.875953,purchase,52,36
766,2025-03-31 07:48:41.875955,add_to_cart,74,47
540,2025-03-31 05:25:41.875957,purchase,36,41
387,2025-03-31 11:43:41.875959,purchase,84,24
766,2025-03-31 18:12:41.875961,add_to_cart,43,49
188,2025-03-31 00:14:41.875963,add_to_cart,19,1
728,2025-03-31 14:41:41.875965,page_view,28,17
71,2025-03-31 08:15:41.875967,purchase,37,27
183,2025-03-31 06:30:41.875969,add_to_cart,61,33
989,2025-03-31 09:37:41.875971,add_to_cart,92,16
569,2025-03-31 10:03:41.875973,purchase,48,13
684,2025-03-31 07:33:41.875975,purchase,54,18
712,2025-03-31 07:57:41.875977,page_view,40,43
124,2025-03-31 18:45:41.875979,purchase,12,17
34,2025-03-31 10:51:41.875981,purchase,18,26
302,2025-03-31 16:42:41.875983,purchase,88,48
256,2025-03-31 11:16:41.875985,page_view,79,3
240,2025-03-31 20:07:41.875987,add_to_cart,65,31
733,2025-03-31 01:01:41.875989,page_view,56,30
54,2025-03-31 17:22:41.875991,add_to_cart,19,21
168,2025-03-31 19:37:41.875993,page_view,75,14
189,2025-03-31 12:14:41.875995,page_view,49,40
943,2025-03-31 08:57:41.875997,purchase,97,39
545,2025-03-31 01:20:41.875999,purchase,97,39
290,2025-03-31 19:23:41.876001,add_to_cart,77,14
27,2025-03-31 19:26:41.876003,purchase,88,12
534,2025-03-31 01:05:41.876005,purchase,47,3
388,2025-03-31 16:39:41.876007,add_to_cart,99,49
737,2025-03-31 23:45:41.876009,page_view,61,26
289,2025-03-31 01:10:41.876011,add_to_cart,35,48
164,2025-03-31 01:37:41.876013,purchase,20,5
604,2025-03-31 22:21:41.876015,page_view,82,23
224,2025-03-31 21:42:41.876017,add_to_cart,12,36
334,2025-03-31 23:56:41.876019,page_view,90,29
885,2025-03-31 22:45:41.876021,page_view,77,45
588,2025-03-31 02:04:41.876023,page_view,50,15
135,2025-03-31 13:25:41.876025,add_to_cart,32,44
217,2025-03-31 21:17:41.876027,purchase,60,25
8,2025-03-31 14:54:41.876030,purchase,54,19
389,2025-03-31 04:40:41.876032,page_view,55,12
809,2025-03-31 01:27:41.876034,purchase,67,24
329,2025-03-31 15:51:41.876036,page_view,52,15
784,2025-03-31 19:30:41.876038,add_to_cart,27,27
837,2025-03-31 08:17:41.876040,page_view,67,16
170,2025-03-31 01:56:41.876042,purchase,57,30
524,2025-03-31 05:09:41.876044,purchase,98,2
756,2025-03-31 16:05:41.876046,add_to_cart,97,32
749,2025-03-31 15:57:41.876048,purchase,53,8
658,2025-03-31 18:18:41.876050,purchase,71,21
207,2025-03-31 08:28:41.876052,purchase,3,25
989,2025-03-31 05:06:41.876054,purchase,29,49
258,2025-03-31 11:04:41.876056,purchase,56,38
584,2025-03-31 05:59:41.876058,page_view,24,6
926,2025-03-31 04:44:41.876060,add_to_cart,7,15
369,2025-03-31 18:12:41.876062,purchase,68,17
54,2025-03-31 16:11:41.876064,add_to_cart,46,2
923,2025-03-31 12:52:41.876066,add_to_cart,99,21
845,2025-03-31 08:19:41.876068,add_to_cart,32,2
455,2025-03-31 17:02:41.876070,add_to_cart,38,33
171,2025-03-31 11:00:41.876072,add_to_cart,74,27
680,2025-03-31 16:22:41.876074,page_view,49,22
38,2025-03-31 20:14:41.876076,purchase,18,2
578,2025-03-31 20:09:41.876078,purchase,19,10
66,2025-03-31 05:34:41.876080,add_to_cart,96,4
730,2025-03-31 11:16:41.876082,page_view,17,2
222,2025-03-31 03:15:41.876084,page_view,33,46
600,2025-03-31 01:31:41.876086,page_view,70,27
445,2025-03-31 02:07:41.876088,add_to_cart,75,2
725,2025-03-31 00:30:41.876090,purchase,16,1
407,2025-03-31 15:19:41.876092,page_view,51,1
380,2025-03-31 06:06:41.876094,page_view,74,49
966,2025-03-31 04:11:41.876096,purchase,33,47
12,2025-03-31 20:31:41.876098,page_view,93,9
542,2025-03-31 19:41:41.876100,page_view,67,44
523,2025-03-31 07:05:41.876102,add_to_cart,43,15
687,2025-03-31 10:22:41.876104,page_view,33,4
537,2025-03-31 21:09:41.876106,add_to_cart,22,31
408,2025-03-31 18:35:41.876108,add_to_cart,92,19
565,2025-03-31 06:52:41.876110,add_to_cart,99,3
147,2025-03-31 09:46:41.876112,purchase,12,32
665,2025-03-31 06:56:41.876114,page_view,94,46
491,2025-03-31 13:48:41.876116,purchase,68,39
341,2025-03-31 15:19:41.876118,page_view,31,14
984,2025-03-31 06:37:41.876120,page_view,81,4
422,2025-03-31 16:20:41.876122,add_to_cart,53,19
997,2025-03-31 00:17:41.876124,page_view,64,45
434,2025-03-31 21:03:41.876126,page_view,6,49
982,2025-04-01 00:00:41.876128,page_view,63,35
28,2025-03-31 04:24:41.876130,page_view,54,39
31,2025-03-31 11:11:41.876132,add_to_cart,64,5
371,2025-03-31 05:40:41.876134,purchase,64,13
203,2025-03-31 14:24:41.876136,add_to_cart,88,26
539,2025-03-31 14:49:41.876138,page_view,58,12
774,2025-03-31 06:34:41.876140,page_view,78,6
873,2025-03-31 03:43:41.876142,add_to_cart,48,11
975,2025-03-31 15:04:41.876144,add_to_cart,65,26
290,2025-03-31 14:39:41.876146,add_to_cart,99,12
864,2025-03-31 06:52:41.876148,add_to_cart,2,45
536,2025-03-31 09:01:41.876150,page_view,40,17
319,2025-03-31 17:56:41.876152,purchase,13,3
346,2025-03-31 14:31:41.876154,page_view,70,37
866,2025-03-31 01:37:41.876156,page_view,91,16
510,2025-03-31 06:49:41.876158,page_view,69,18
201,2025-03-31 08:33:41.876160,add_to_cart,92,10
867,2025-03-31 11:39:41.876162,add_to_cart,87,43
76,2025-03-31 08:55:41.876164,page_view,42,7
943,2025-03-31 22:37:41.876166,add_to_cart,73,3
793,2025-03-31 01:17:41.876168,add_to_cart,92,27
593,2025-03-31 12:40:41.876170,purchase,52,36
647,2025-03-31 13:56:41.876172,page_view,43,47
243,2025-03-31 00:52:41.876174,page_view,98,28
850,2025-03-31 22:43:41.876176,add_to_cart,54,35
897,2025-03-31 17:08:41.876178,add_to_cart,33,28
955,2025-03-31 11:37:41.876180,page_view,22,22
50,2025-03-31 22:37:41.876182,add_to_cart,92,26
567,2025-03-31 05:55:41.876184,page_view,14,12
8,2025-03-31 15:13:41.876186,add_to_cart,39,41
585,2025-03-31 02:57:41.876188,purchase,91,8
26,2025-03-31 05:09:41.876190,add_to_cart,45,48
844,2025-03-31 23:14:41.876192,add_to_cart,40,21
201,2025-03-31 22:30:41.876195,add_to_cart,100,3
337,2025-03-31 19:43:41.876197,add_to_cart,89,45
618,2025-03-31 13:36:41.876199,add_to_cart,88,21
501,2025-03-31 11:37:41.876201,purchase,94,25
732,2025-03-31 16:03:41.876203,page_view,1,50
103,2025-03-31 22:47:41.876205,add_to_cart,95,40
780,2025-03-31 14:43:41.876207,purchase,3,42
12,2025-03-31 15:12:41.876211,purchase,15,21
491,2025-03-31 09:10:41.876213,add_to_cart,2,38
801,2025-03-31 18:45:41.876215,add_to_cart,16,50
423,2025-03-31 15:39:41.876217,page_view,11,48
853,2025-03-31 22:22:41.876219,purchase,77,39
983,2025-03-31 11:14:41.876221,purchase,53,4
935,2025-03-31 00:08:41.876223,purchase,32,1
658,2025-03-31 15:15:41.876226,add_to_cart,83,18
918,2025-03-31 03:28:41.876228,add_to_cart,17,44
11,2025-03-31 08:25:41.876230,purchase,49,47
238,2025-03-31 15:13:41.876232,add_to_cart,11,6
764,2025-03-31 02:30:41.876234,page_view,7,26
89,2025-03-31 20:40:41.876236,purchase,97,1
336,2025-03-31 04:42:41.876238,add_to_cart,24,29
333,2025-03-31 23:10:41.876240,add_to_cart,35,31
365,2025-03-31 02:22:41.876242,purchase,61,39
805,2025-03-31 09:05:41.876244,purchase,5,18
322,2025-03-31 01:31:41.876250,page_view,81,45
754,2025-03-31 07:11:41.876252,page_view,4,28
527,2025-03-31 07:37:41.876254,purchase,73,46
611,2025-03-31 15:38:41.876256,add_to_cart,82,3
165,2025-03-31 06:17:41.876258,purchase,55,20
806,2025-03-31 04:58:41.876260,add_to_cart,45,25
369,2025-03-31 09:12:41.876262,purchase,96,25
971,2025-03-31 16:16:41.876264,add_to_cart,91,39
698,2025-03-31 17:24:41.876266,page_view,6,45
657,2025-03-31 06:35:41.876268,page_view,86,5
219,2025-03-31 21:59:41.876270,page_view,64,45
510,2025-03-31 22:44:41.876272,purchase,6,46
957,2025-03-31 06:42:41.876274,add_to_cart,26,48
433,2025-03-31 19:50:41.876276,add_to_cart,35,35
141,2025-03-31 04:15:41.876278,page_view,7,36
553,2025-03-31 05:30:41.876280,add_to_cart,31,16
425,2025-03-31 11:39:41.876282,add_to_cart,39,21
337,2025-03-31 03:56:41.876284,page_view,79,8
14,2025-03-31 08:52:41.876286,page_view,15,42
640,2025-03-31 05:42:41.876288,purchase,54,44
787,2025-03-31 16:32:41.876289,page_view,99,3
993,2025-03-31 21:50:41.876291,page_view,66,32
222,2025-03-31 09:42:41.876293,add_to_cart,91,34
868,2025-03-31 21:10:41.876295,purchase,45,33
47,2025-03-31 06:13:41.876297,page_view,61,31
987,2025-03-31 22:05:41.876299,purchase,31,17
599,2025-03-31 20:59:41.876301,add_to_cart,69,38
344,2025-03-31 14:08:41.876304,add_to_cart,70,10
535,2025-03-31 16:08:41.876306,purchase,86,41
538,2025-03-31 04:36:41.876308,purchase,83,23
86,2025-03-31 07:56:41.876310,purchase,7,14
665,2025-03-31 01:47:41.876312,purchase,41,47
620,2025-03-31 17:01:41.876314,add_to_cart,60,48
696,2025-03-31 06:50:41.876315,page_view,69,28
536,2025-03-31 15:33:41.876318,add_to_cart,44,40
718,2025-03-31 18:04:41.876320,add_to_cart,78,12
267,2025-03-31 23:42:41.876322,purchase,55,7
965,2025-03-31 01:32:41.876324,page_view,57,50
704,2025-03-31 20:49:41.876326,add_to_cart,77,2
992,2025-03-31 01:33:41.876328,purchase,32,18
983,2025-03-31 23:31:41.876330,purchase,14,29
956,2025-03-31 14:20:41.876332,purchase,72,26
259,2025-03-31 08:16:41.876334,purchase,27,43
151,2025-03-31 23:25:41.876336,page_view,100,42
702,2025-03-31 03:19:41.876338,page_view,82,1
545,2025-03-31 02:46:41.876340,add_to_cart,40,19
197,2025-03-31 14:51:41.876342,purchase,85,41
654,2025-03-31 02:18:41.876344,page_view,64,5
269,2025-03-31 13:34:41.876346,add_to_cart,71,8
109,2025-03-31 00:28:41.876348,add_to_cart,64,11
445,2025-03-31 20:10:41.876350,purchase,31,46
407,2025-03-31 14:30:41.876352,purchase,16,36
270,2025-03-31 12:41:41.876354,page_view,56,47
641,2025-03-31 13:55:41.876356,add_to_cart,1,14
820,2025-03-31 03:18:41.876358,purchase,87,38
134,2025-03-31 13:59:41.876360,add_to_cart,100,41
642,2025-03-31 15:32:41.876362,add_to_cart,73,47
663,2025-03-31 19:41:41.876364,purchase,8,20
677,2025-03-31 18:45:41.876366,add_to_cart,91,9
908,2025-04-01 00:07:41.876368,page_view,5,42
453,2025-03-31 19:51:41.876370,purchase,99,31
58,2025-03-31 01:17:41.876372,purchase,69,21
423,2025-03-31 20:51:41.876374,purchase,92,49
234,2025-03-31 11:29:41.876376,page_view,33,5
442,2025-03-31 10:26:41.876378,add_to_cart,69,32
514,2025-03-31 06:14:41.876380,page_view,11,10
282,2025-03-31 15:43:41.876382,add_to_cart,1,32
422,2025-03-31 20:21:41.876384,add_to_cart,29,12
46,2025-03-31 14:54:41.876386,purchase,48,12
205,2025-03-31 23:50:41.876388,page_view,55,36
661,2025-03-31 07:58:41.876390,purchase,37,26
963,2025-03-31 22:55:41.876392,page_view,3,9
305,2025-03-31 18:52:41.876394,add_to_cart,64,49
339,2025-03-31 01:13:41.876396,add_to_cart,91,46
795,2025-03-31 11:41:41.876398,purchase,36,41
609,2025-03-31 09:43:41.876400,purchase,61,20
979,2025-03-31 19:09:41.876402,purchase,85,26
652,2025-03-31 03:13:41.876404,add_to_cart,88,1
750,2025-03-31 08:50:41.876406,page_view,82,22
934,2025-03-31 08:55:41.876408,page_view,7,9
43,2025-03-31 17:01:41.876410,add_to_cart,29,29
982,2025-03-31 15:26:41.876412,purchase,75,4
74,2025-03-31 20:54:41.876414,purchase,50,48
990,2025-03-31 17:05:41.876416,page_view,60,1
271,2025-03-31 11:23:41.876418,purchase,8,5
579,2025-03-31 08:35:41.876420,add_to_cart,56,16
861,2025-03-31 10:52:41.876422,purchase,70,7
511,2025-03-31 07:37:41.876424,page_view,17,25
694,2025-03-31 19:02:41.876426,page_view,75,29
715,2025-03-31 07:05:41.876428,add_to_cart,76,31
889,2025-03-31 07:50:41.876430,add_to_cart,91,9
523,2025-03-31 19:57:41.876432,page_view,18,3
34,2025-03-31 04:21:41.876438,purchase,54,47
872,2025-03-31 00:13:41.876440,add_to_cart,18,50
700,2025-03-31 14:52:41.876442,page_view,74,31
307,2025-03-31 01:02:41.876444,purchase,59,22
541,2025-03-31 02:17:41.876446,page_view,62,16
205,2025-03-31 07:50:41.876448,purchase,79,1
344,2025-03-31 12:19:41.876450,page_view,90,22
169,2025-03-31 17:59:41.876452,purchase,91,49
991,2025-03-31 23:21:41.876454,purchase,33,2
404,2025-03-31 11:24:41.876456,purchase,55,6
397,2025-03-31 15:10:41.876458,page_view,87,21
959,2025-03-31 19:36:41.876460,page_view,27,22
10,2025-03-31 01:19:41.876462,add_to_cart,83,46
923,2025-03-31 02:11:41.876464,add_to_cart,52,26
757,2025-03-31 05:39:41.876466,page_view,92,38
315,2025-03-31 06:06:41.876468,purchase,5,39
726,2025-03-31 07:42:41.876470,add_to_cart,39,44
479,2025-03-31 03:59:41.876472,purchase,3,43
706,2025-03-31 02:44:41.876474,add_to_cart,38,6
778,2025-03-31 10:51:41.876476,purchase,46,25
365,2025-03-31 08:16:41.876478,page_view,32,35
31,2025-03-31 09:29:41.876480,add_to_cart,5,46
576,2025-03-31 21:04:41.876482,purchase,17,41
860,2025-03-31 00:30:41.876484,purchase,51,15
732,2025-03-31 02:10:41.876486,page_view,84,30
970,2025-03-31 06:23:41.876488,add_to_cart,13,27
430,2025-03-31 00:19:41.876490,purchase,21,9
85,2025-03-31 00:10:41.876492,purchase,66,6
637,2025-03-31 04:22:41.876494,add_to_cart,4,37
297,2025-03-31 05:09:41.876496,add_to_cart,20,6
425,2025-03-31 13:10:41.876498,purchase,32,24
347,2025-03-31 21:59:41.876500,page_view,12,40
45,2025-03-31 05:38:41.876502,add_to_cart,8,18
451,2025-03-31 13:34:41.876504,purchase,27,23
602,2025-03-31 15:11:41.876506,add_to_cart,89,31
804,2025-03-31 16:36:41.876508,page_view,46,1
93,2025-03-31 07:57:41.876510,page_view,87,23
675,2025-03-31 23:41:41.876512,purchase,47,41
62,2025-03-31 23:02:41.876514,page_view,4,34
525,2025-03-31 03:53:41.876516,page_view,18,40
171,2025-03-31 16:13:41.876518,page_view,98,4
202,2025-03-31 18:54:41.876520,purchase,4,34
723,2025-03-31 23:59:41.876522,page_view,61,28
435,2025-03-31 06:11:41.876524,page_view,68,42
600,2025-03-31 14:55:41.876526,purchase,87,25
912,2025-03-31 21:20:41.876528,purchase,33,3
862,2025-03-31 22:49:41.876530,add_to_cart,94,9
591,2025-03-31 20:38:41.876532,add_to_cart,73,29
723,2025-03-31 22:55:41.876535,page_view,52,29
985,2025-03-31 11:42:41.876537,page_view,14,10
295,2025-03-31 02:30:41.876539,purchase,71,39
97,2025-03-31 14:15:41.876541,purchase,35,27
921,2025-03-31 18:25:41.876543,add_to_cart,87,48
791,2025-03-31 13:08:41.876545,purchase,51,23
5,2025-03-31 04:48:41.876547,add_to_cart,39,15
722,2025-03-31 02:54:41.876549,purchase,25,32
161,2025-03-31 13:20:41.876551,page_view,53,23
163,2025-03-31 02:35:41.876553,purchase,47,39
266,2025-03-31 19:08:41.876555,add_to_cart,98,15
415,2025-03-31 16:07:41.876557,page_view,36,41
134,2025-03-31 16:49:41.876559,page_view,75,25
592,2025-03-31 08:31:41.876561,page_view,37,3
171,2025-03-31 11:27:41.876563,add_to_cart,56,42
4,2025-03-31 14:27:41.876565,page_view,89,2
714,2025-03-31 03:53:41.876567,purchase,23,42
821,2025-03-31 02:56:41.876569,add_to_cart,13,13
398,2025-03-31 07:09:41.876571,purchase,80,32
561,2025-03-31 22:12:41.876573,page_view,97,44
576,2025-03-31 17:28:41.876575,purchase,31,35
531,2025-03-31 01:40:41.876577,purchase,26,21
265,2025-03-31 21:19:41.876579,purchase,80,32
916,2025-03-31 21:53:41.876581,purchase,51,20
6,2025-03-31 13:10:41.876583,page_view,41,45
808,2025-03-31 02:28:41.876585,add_to_cart,25,40
429,2025-03-31 18:00:41.876587,add_to_cart,26,21
702,2025-03-31 15:38:41.876590,purchase,47,40
86,2025-03-31 11:28:41.876592,purchase,100,16
201,2025-03-31 04:39:41.876594,purchase,82,45
67,2025-03-31 22:01:41.876596,add_to_cart,19,26
599,2025-03-31 20:10:41.876598,page_view,68,33
815,2025-03-31 04:07:41.876600,purchase,42,35
352,2025-03-31 03:21:41.876602,purchase,10,37
14,2025-03-31 20:48:41.876604,purchase,53,12
320,2025-03-31 03:32:41.876606,add_to_cart,29,5
118,2025-03-31 15:38:41.876608,page_view,15,21
27,2025-03-31 15:09:41.876610,page_view,38,16
785,2025-03-31 20:56:41.876612,purchase,12,21
343,2025-03-31 08:56:41.876614,add_to_cart,40,17
489,2025-03-31 19:51:41.876616,purchase,90,39
410,2025-03-31 14:00:41.876618,purchase,85,33
915,2025-03-31 19:53:41.876620,add_to_cart,16,11
249,2025-03-31 10:49:41.876622,purchase,8,11
326,2025-03-31 18:19:41.876624,add_to_cart,81,9
495,2025-03-31 15:47:41.876626,add_to_cart,3,39
609,2025-03-31 14:03:41.876628,page_view,35,8
776,2025-03-31 05:31:41.876630,purchase,78,47
756,2025-03-31 13:23:41.876632,add_to_cart,59,3
39,2025-03-31 14:11:41.876634,page_view,36,48
952,2025-03-31 13:30:41.876636,page_view,96,48
425,2025-03-31 11:43:41.876638,purchase,25,31
603,2025-03-31 01:54:41.876640,add_to_cart,86,36
174,2025-03-31 01:55:41.876642,purchase,89,9
554,2025-03-31 02:05:41.876644,purchase,8,7
249,2025-03-31 01:05:41.876646,add_to_cart,77,36
156,2025-04-01 00:00:41.876648,page_view,59,4
50,2025-03-31 18:47:41.876650,add_to_cart,46,31
117,2025-03-31 07:20:41.876652,page_view,26,45
875,2025-03-31 07:30:41.876654,add_to_cart,39,48
549,2025-03-31 14:05:41.876656,purchase,31,16
48,2025-03-31 01:56:41.876658,add_to_cart,81,47
640,2025-03-31 18:45:41.876660,page_view,14,41
10,2025-03-31 02:50:41.876662,page_view,33,36
133,2025-03-31 08:04:41.876664,purchase,35,13
934,2025-03-31 00:49:41.876666,purchase,81,16
460,2025-03-31 18:21:41.876668,page_view,43,12
575,2025-03-31 15:17:41.876670,page_view,74,33
918,2025-03-31 23:28:41.876672,purchase,79,44
707,2025-03-31 07:30:41.876674,add_to_cart,95,18
33,2025-03-31 13:26:41.876676,purchase,31,49
343,2025-03-31 15:42:41.876678,page_view,84,3
109,2025-03-31 03:41:41.876680,page_view,75,33
320,2025-03-31 08:52:41.876682,page_view,8,19
395,2025-03-31 00:47:41.876684,purchase,30,46
347,2025-03-31 23:54:41.876686,purchase,43,7
448,2025-03-31 19:19:41.876688,page_view,28,15
260,2025-03-31 14:15:41.876690,page_view,46,49
7,2025-03-31 01:05:41.876692,add_to_cart,31,50
569,2025-03-31 23:53:41.876694,purchase,55,35
696,2025-03-31 05:55:41.876696,purchase,10,21
255,2025-03-31 17:10:41.876698,add_to_cart,72,11
300,2025-03-31 22:15:41.876700,purchase,15,23
634,2025-03-31 04:43:41.876702,page_view,37,20
78,2025-03-31 10:10:41.876704,add_to_cart,53,3
977,2025-03-31 22:12:41.876707,add_to_cart,93,49
49,2025-03-31 19:09:41.876709,page_view,12,29
952,2025-03-31 02:56:41.876711,purchase,67,6
728,2025-03-31 07:54:41.876713,page_view,78,18
505,2025-03-31 12:39:41.876715,add_to_cart,94,45
735,2025-03-31 16:12:41.876717,add_to_cart,28,1
969,2025-03-31 21:33:41.876719,page_view,71,16
808,2025-03-31 02:33:41.876721,purchase,100,36
418,2025-03-31 12:50:41.876723,add_to_cart,80,9
606,2025-03-31 14:41:41.876725,page_view,83,1
355,2025-03-31 21:08:41.876727,page_view,45,30
484,2025-03-31 20:42:41.876729,add_to_cart,24,43
519,2025-03-31 07:18:41.876731,add_to_cart,32,45
115,2025-03-31 18:36:41.876733,page_view,7,34
739,2025-03-31 08:07:41.876735,purchase,27,36
827,2025-03-31 22:49:41.876737,add_to_cart,96,21
266,2025-03-31 10:14:41.876739,add_to_cart,11,16
209,2025-03-31 20:14:41.876741,page_view,3,4
226,2025-03-31 20:07:41.876743,page_view,94,13
223,2025-03-31 02:52:41.876745,page_view,75,22
413,2025-03-31 01:13:41.876747,page_view,4,30
754,2025-03-31 04:42:41.876749,page_view,7,19
852,2025-03-31 02:15:41.876751,purchase,15,8
531,2025-03-31 10:36:41.876753,page_view,66,22
463,2025-03-31 07:16:41.876755,add_to_cart,84,11
105,2025-03-31 21:09:41.876757,add_to_cart,41,7
754,2025-03-31 04:09:41.876763,purchase,64,4
285,2025-03-31 17:59:41.876765,page_view,35,36
789,2025-03-31 10:38:41.876767,page_view,28,15
572,2025-03-31 05:56:41.876769,add_to_cart,87,37
655,2025-03-31 05:59:41.876771,purchase,12,45
346,2025-03-31 03:01:41.876773,add_to_cart,54,2
178,2025-03-31 18:44:41.876775,add_to_cart,70,13
715,2025-03-31 11:30:41.876777,page_view,83,27
130,2025-03-31 08:50:41.876779,purchase,63,11
411,2025-03-31 11:54:41.876781,purchase,44,7
566,2025-03-31 10:42:41.876783,purchase,96,8
585,2025-03-31 03:38:41.876785,add_to_cart,60,12
988,2025-03-31 13:56:41.876787,purchase,61,18
26,2025-03-31 04:58:41.876789,add_to_cart,45,15
644,2025-03-31 06:45:41.876791,purchase,18,28
299,2025-03-31 14:54:41.876793,purchase,7,35
989,2025-03-31 09:03:41.876795,purchase,96,18
262,2025-03-31 12:10:41.876797,page_view,3,7
18,2025-03-31 16:03:41.876799,page_view,25,49
47,2025-03-31 15:39:41.876801,purchase,2,14
400,2025-03-31 05:16:41.876803,purchase,69,5
855,2025-03-31 22:09:41.876805,add_to_cart,60,7
591,2025-03-31 20:40:41.876807,page_view,68,37
482,2025-03-31 08:30:41.876809,page_view,14,44
118,2025-03-31 21:33:41.876811,add_to_cart,92,50
76,2025-03-31 17:16:41.876813,add_to_cart,52,27
314,2025-03-31 01:23:41.876815,page_view,12,35
451,2025-03-31 11:07:41.876817,purchase,29,40
897,2025-03-31 22:30:41.876819,purchase,52,35
580,2025-03-31 05:18:41.876821,page_view,26,9
727,2025-03-31 06:10:41.876823,page_view,86,34
224,2025-03-31 08:56:41.876825,add_to_cart,35,16
839,2025-03-31 09:25:41.876827,page_view,37,41
158,2025-03-31 09:26:41.876829,add_to_cart,84,34
898,2025-03-31 07:16:41.876831,page_view,46,34
19,2025-03-31 06:09:41.876833,page_view,53,1
943,2025-03-31 02:04:41.876835,add_to_cart,40,47
211,2025-03-31 14:55:41.876837,add_to_cart,51,11
671,2025-03-31 12:21:41.876839,page_view,97,30
400,2025-03-31 12:14:41.876841,add_to_cart,39,40
311,2025-03-31 02:28:41.876843,purchase,85,9
361,2025-03-31 01:37:41.876845,page_view,41,7
250,2025-03-31 21:01:41.876847,add_to_cart,59,25
302,2025-03-31 01:19:41.876849,page_view,8,47
670,2025-03-31 12:45:41.876851,purchase,87,1
466,2025-03-31 21:23:41.876853,purchase,19,35
60,2025-03-31 01:36:41.876855,purchase,15,14
867,2025-03-31 10:59:41.876857,page_view,80,29
687,2025-03-31 06:03:41.876859,add_to_cart,77,34
103,2025-03-31 14:46:41.876861,page_view,94,7
487,2025-03-31 11:32:41.876863,add_to_cart,21,13
338,2025-03-31 06:13:41.876865,add_to_cart,7,36
353,2025-03-31 19:05:41.876867,purchase,48,1
615,2025-03-31 19:09:41.876869,purchase,12,50
821,2025-03-31 23:40:41.876871,add_to_cart,44,5
468,2025-03-31 15:01:41.876873,page_view,46,1
260,2025-03-31 21:58:41.876875,page_view,88,20
530,2025-03-31 10:51:41.876877,page_view,4,8
411,2025-03-31 20:45:41.876879,page_view,86,27
966,2025-03-31 07:11:41.876881,page_view,56,13
12,2025-03-31 22:49:41.876883,add_to_cart,79,2
628,2025-03-31 04:17:41.876885,page_view,78,19
224,2025-03-31 12:54:41.876887,add_to_cart,9,27
2,2025-03-31 12:10:41.876889,add_to_cart,21,41
361,2025-03-31 07:04:41.876891,purchase,60,15
15,2025-03-31 15:44:41.876894,purchase,67,15
768,2025-03-31 21:59:41.876896,add_to_cart,55,7
534,2025-03-31 11:42:41.876898,purchase,83,21
101,2025-03-31 02:56:41.876900,purchase,65,11
940,2025-03-31 03:28:41.876902,add_to_cart,100,17
873,2025-03-31 05:38:41.876904,purchase,12,2
844,2025-03-31 16:44:41.876906,purchase,27,41
353,2025-03-31 13:13:41.876910,add_to_cart,40,16
234,2025-03-31 10:35:41.876912,purchase,28,38
83,2025-03-31 15:54:41.876914,purchase,5,47
836,2025-03-31 01:40:41.876916,purchase,69,20
385,2025-03-31 07:43:41.876918,purchase,46,7
831,2025-03-31 13:34:41.876920,page_view,37,41
148,2025-03-31 11:43:41.876922,add_to_cart,42,22
224,2025-03-31 16:22:41.876924,page_view,75,26
236,2025-03-31 02:53:41.876928,purchase,91,23
418,2025-03-31 02:05:41.876931,page_view,64,32
46,2025-03-31 04:24:41.876932,page_view,24,34
467,2025-03-31 20:29:41.876934,add_to_cart,67,6
569,2025-03-31 20:41:41.876936,page_view,66,48
884,2025-03-31 09:26:41.876939,add_to_cart,67,3
283,2025-03-31 05:07:41.876941,add_to_cart,13,5
287,2025-03-31 05:19:41.876943,add_to_cart,5,3
930,2025-03-31 19:22:41.876945,add_to_cart,82,40
602,2025-03-31 22:29:41.876946,page_view,7,22
535,2025-03-31 09:52:41.876948,add_to_cart,82,37
892,2025-03-31 11:23:41.876950,page_view,86,33
624,2025-03-31 21:02:41.876952,purchase,64,1
387,2025-03-31 21:56:41.876954,purchase,68,40
12,2025-03-31 02:11:41.876956,page_view,100,9
337,2025-03-31 10:12:41.876958,page_view,93,19
52,2025-03-31 01:20:41.876960,purchase,64,34
528,2025-03-31 22:25:41.876962,add_to_cart,14,14
334,2025-03-31 02:16:41.876964,page_view,3,48
604,2025-03-31 07:22:41.876966,page_view,83,22
882,2025-03-31 14:17:41.876968,add_to_cart,7,45
191,2025-03-31 08:21:41.876970,add_to_cart,19,2
392,2025-03-31 06:22:41.876972,purchase,96,35
41,2025-03-31 10:01:41.876974,page_view,81,12
159,2025-03-31 19:03:41.876976,purchase,21,40
582,2025-03-31 12:07:41.876978,page_view,91,44
791,2025-03-31 19:39:41.876980,add_to_cart,13,18
797,2025-03-31 17:53:41.876982,page_view,57,23
343,2025-03-31 09:42:41.876984,page_view,50,39
71,2025-03-31 07:14:41.876986,add_to_cart,48,25
39,2025-03-31 23:08:41.876988,purchase,60,1
724,2025-03-31 23:18:41.876990,add_to_cart,70,28
219,2025-03-31 06:23:41.876992,page_view,53,11
517,2025-03-31 22:52:41.876994,add_to_cart,23,46
798,2025-03-31 18:32:41.876996,add_to_cart,17,50
76,2025-03-31 23:47:41.876998,purchase,58,38
783,2025-03-31 03:32:41.877000,add_to_cart,78,21
137,2025-03-31 05:47:41.877002,add_to_cart,46,33
70,2025-03-31 13:25:41.877004,page_view,90,15
819,2025-03-31 20:33:41.877006,purchase,74,29
377,2025-03-31 12:47:41.877008,add_to_cart,64,20
376,2025-03-31 19:18:41.877010,add_to_cart,96,7
562,2025-03-31 12:52:41.877012,purchase,10,37
726,2025-03-31 00:43:41.877014,page_view,22,42
253,2025-03-31 13:03:41.877016,purchase,10,27
250,2025-03-31 22:04:41.877018,purchase,20,32
46,2025-03-31 10:55:41.877020,page_view,9,40
555,2025-03-31 20:57:41.877022,page_view,88,21
180,2025-03-31 11:29:41.877024,page_view,9,41
597,2025-03-31 04:45:41.877026,page_view,14,48
423,2025-03-31 14:16:41.877028,page_view,75,46
102,2025-03-31 00:32:41.877030,purchase,49,26
495,2025-03-31 15:57:41.877032,purchase,19,20
155,2025-03-31 16:51:41.877034,page_view,15,27
168,2025-03-31 06:57:41.877036,page_view,95,41
609,2025-03-31 10:30:41.877038,page_view,31,30
640,2025-03-31 05:01:41.877040,add_to_cart,31,29
601,2025-03-31 09:17:41.877042,page_view,8,28
143,2025-03-31 00:35:41.877044,purchase,6,41
489,2025-03-31 22:46:41.877046,add_to_cart,48,18
989,2025-03-31 14:40:41.877048,purchase,99,30
389,2025-03-31 10:27:41.877050,add_to_cart,87,27
319,2025-03-31 04:30:41.877052,purchase,46,43
425,2025-03-31 18:01:41.877054,purchase,95,48
188,2025-03-31 02:28:41.877056,purchase,71,8
70,2025-03-31 03:43:41.877058,page_view,38,43
216,2025-03-31 02:41:41.877060,purchase,14,30
896,2025-03-31 14:40:41.877062,page_view,37,4
392,2025-03-31 09:02:41.877064,purchase,3,7
655,2025-03-31 05:00:41.877066,purchase,90,19
826,2025-03-31 06:51:41.877068,add_to_cart,35,21
213,2025-03-31 06:46:41.877074,page_view,90,37
148,2025-03-31 20:52:41.877076,purchase,85,46
226,2025-03-31 22:17:41.877078,add_to_cart,11,40
821,2025-03-31 04:26:41.877080,purchase,11,46
280,2025-03-31 13:03:41.877082,add_to_cart,94,30
372,2025-03-31 20:39:41.877084,add_to_cart,16,33
593,2025-03-31 04:24:41.877086,add_to_cart,16,40
406,2025-03-31 10:01:41.877088,purchase,70,17
226,2025-03-31 22:23:41.877090,page_view,81,19
486,2025-03-31 14:26:41.877092,add_to_cart,62,40
648,2025-03-31 03:16:41.877094,add_to_cart,15,39
463,2025-03-31 05:33:41.877096,purchase,94,18
206,2025-03-31 22:31:41.877098,page_view,6,17
798,2025-03-31 23:56:41.877100,page_view,49,6
769,2025-03-31 09:01:41.877102,purchase,6,29
220,2025-03-31 05:27:41.877104,purchase,49,32
452,2025-03-31 23:39:41.877106,purchase,62,22
755,2025-03-31 06:50:41.877108,purchase,43,49
334,2025-03-31 14:19:41.877110,add_to_cart,69,17
199,2025-03-31 15:52:41.877112,purchase,79,7
769,2025-03-31 04:36:41.877114,add_to_cart,41,50
963,2025-03-31 05:08:41.877116,page_view,55,30
811,2025-03-31 12:14:41.877118,purchase,97,45
84,2025-03-31 12:06:41.877120,purchase,99,34
211,2025-03-31 15:11:41.877122,purchase,12,27
605,2025-03-31 13:24:41.877124,add_to_cart,58,25
667,2025-03-31 23:31:41.877126,page_view,9,24
314,2025-03-31 04:51:41.877128,add_to_cart,97,50
372,2025-03-31 06:12:41.877130,page_view,100,3
66,2025-03-31 19:07:41.877132,purchase,83,50
791,2025-03-31 05:57:41.877134,purchase,19,21
785,2025-03-31 23:33:41.877136,page_view,87,19
70,2025-03-31 00:49:41.877139,page_view,83,23
23,2025-03-31 22:24:41.877140,add_to_cart,46,41
892,2025-03-31 22:13:41.877142,page_view,74,49
330,2025-04-01 00:02:41.877144,purchase,45,3
745,2025-03-31 14:40:41.877147,purchase,98,35
850,2025-03-31 03:28:41.877149,page_view,3,48
272,2025-03-31 03:39:41.877151,add_to_cart,46,23
172,2025-03-31 02:01:41.877153,page_view,85,18
253,2025-03-31 23:57:41.877155,add_to_cart,78,3
903,2025-03-31 03:29:41.877157,purchase,4,49
937,2025-03-31 00:21:41.877159,page_view,97,11
312,2025-03-31 16:12:41.877161,add_to_cart,5,17
550,2025-03-31 11:32:41.877163,page_view,29,39
236,2025-03-31 18:38:41.877165,add_to_cart,66,50
615,2025-03-31 09:48:41.877167,add_to_cart,37,39
775,2025-03-31 18:45:41.877169,page_view,39,9
237,2025-03-31 22:42:41.877171,page_view,58,43
614,2025-03-31 20:11:41.877173,purchase,90,48
436,2025-03-31 01:42:41.877175,add_to_cart,57,43
524,2025-03-31 12:18:41.877177,purchase,81,46
480,2025-03-31 21:27:41.877179,page_view,71,18
955,2025-03-31 02:45:41.877184,purchase,86,30
981,2025-03-31 07:25:41.877187,purchase,99,43
908,2025-03-31 19:41:41.877189,purchase,24,24
900,2025-04-01 00:07:41.877191,page_view,77,15
442,2025-03-31 01:59:41.877193,purchase,59,9
437,2025-03-31 20:37:41.877195,add_to_cart,86,9
585,2025-03-31 07:22:41.877197,page_view,89,10
319,2025-03-31 21:14:41.877199,page_view,73,7
157,2025-03-31 15:13:41.877201,page_view,51,25
81,2025-03-31 17:16:41.877203,page_view,55,33
971,2025-03-31 13:24:41.877205,add_to_cart,97,20
573,2025-03-31 07:51:41.877207,add_to_cart,92,2
174,2025-03-31 22:30:41.877209,purchase,74,40
981,2025-03-31 23:25:41.877211,page_view,82,40
144,2025-03-31 01:30:41.877213,page_view,35,6
604,2025-03-31 23:45:41.877215,purchase,87,37
126,2025-03-31 14:51:41.877218,add_to_cart,54,25
299,2025-03-31 04:27:41.877220,add_to_cart,100,48
52,2025-03-31 00:19:41.877221,add_to_cart,74,35
849,2025-03-31 19:36:41.877224,page_view,30,17
76,2025-03-31 22:33:41.877226,purchase,17,46
31,2025-03-31 02:05:41.877228,page_view,98,1
213,2025-03-31 17:29:41.877230,page_view,93,10
553,2025-03-31 04:52:41.877232,purchase,20,12
313,2025-03-31 03:18:41.877234,page_view,54,45
765,2025-03-31 10:49:41.877236,purchase,77,15
245,2025-03-31 09:03:41.877238,add_to_cart,53,3
396,2025-03-31 06:19:41.877239,add_to_cart,6,29
642,2025-03-31 06:08:41.877241,purchase,51,13
529,2025-03-31 13:35:41.877247,purchase,3,34
297,2025-03-31 20:43:41.877249,purchase,28,12
610,2025-03-31 11:42:41.877251,add_to_cart,93,48
195,2025-03-31 03:03:41.877253,page_view,51,31
221,2025-03-31 10:38:41.877255,page_view,7,26
38,2025-03-31 14:30:41.877257,add_to_cart,65,42
239,2025-03-31 19:19:41.877259,purchase,99,37
950,2025-03-31 07:05:41.877261,purchase,6,44
555,2025-03-31 07:30:41.877263,page_view,32,29
536,2025-03-31 11:44:41.877265,page_view,64,1
953,2025-03-31 18:50:41.877267,add_to_cart,9,34
264,2025-03-31 14:07:41.877269,page_view,70,28
334,2025-03-31 09:12:41.877271,purchase,4,22
801,2025-03-31 03:46:41.877273,page_view,36,9
369,2025-03-31 08:12:41.877275,add_to_cart,24,46
897,2025-03-31 04:24:41.877277,page_view,6,4
421,2025-03-31 23:35:41.877279,page_view,80,4
502,2025-03-31 09:44:41.877281,purchase,77,33
225,2025-03-31 18:53:41.877283,page_view,38,38
923,2025-03-31 03:35:41.877285,add_to_cart,28,1
311,2025-03-31 23:39:41.877287,purchase,88,30
924,2025-03-31 15:04:41.877289,add_to_cart,83,38
281,2025-03-31 19:04:41.877291,add_to_cart,11,34
496,2025-03-31 01:39:41.877293,purchase,85,32
986,2025-03-31 19:00:41.877295,purchase,1,10
57,2025-03-31 02:04:41.877297,purchase,73,9
577,2025-03-31 11:17:41.877299,purchase,87,1
558,2025-03-31 07:22:41.877301,purchase,4,18
754,2025-03-31 23:55:41.877304,purchase,80,39
958,2025-03-31 23:06:41.877305,add_to_cart,24,50
284,2025-03-31 09:41:41.877308,add_to_cart,75,9
803,2025-03-31 06:17:41.877310,add_to_cart,93,42
996,2025-03-31 05:23:41.877312,page_view,99,15
931,2025-03-31 09:02:41.877314,add_to_cart,81,45
492,2025-03-31 22:02:41.877316,page_view,55,47
767,2025-03-31 18:03:41.877318,page_view,51,1
626,2025-03-31 18:38:41.877320,add_to_cart,85,33
534,2025-03-31 08:46:41.877322,page_view,33,5
284,2025-03-31 06:02:41.877324,page_view,7,7
522,2025-03-31 04:14:41.877326,page_view,48,10
467,2025-03-31 19:08:41.877328,page_view,29,41
927,2025-03-31 05:47:41.877330,page_view,6,20
344,2025-03-31 09:42:41.877332,purchase,78,33
597,2025-03-31 02:10:41.877334,purchase,40,3
178,2025-03-31 18:23:41.877336,add_to_cart,76,29
425,2025-03-31 19:52:41.877338,purchase,47,35
949,2025-03-31 23:45:41.877340,page_view,49,36
50,2025-03-31 06:23:41.877342,purchase,80,1
814,2025-03-31 23:59:41.877344,add_to_cart,44,21
618,2025-03-31 14:22:41.877346,page_view,1,39
975,2025-03-31 01:57:41.877348,add_to_cart,28,46
214,2025-03-31 05:02:41.877350,add_to_cart,72,3
165,2025-03-31 23:38:41.877352,purchase,51,13
588,2025-03-31 14:36:41.877354,page_view,95,31
676,2025-03-31 20:54:41.877356,add_to_cart,38,2
306,2025-03-31 04:23:41.877358,page_view,79,31
863,2025-03-31 05:55:41.877360,purchase,77,45
425,2025-03-31 06:57:41.877362,add_to_cart,10,39
348,2025-03-31 02:23:41.877364,page_view,49,31
536,2025-03-31 16:17:41.877366,purchase,78,31
554,2025-03-31 10:21:41.877368,add_to_cart,91,26
400,2025-03-31 23:24:41.877370,add_to_cart,30,50
535,2025-03-31 01:54:41.877372,add_to_cart,8,30
198,2025-03-31 07:42:41.877374,add_to_cart,50,20
316,2025-03-31 23:26:41.877376,page_view,76,32
403,2025-03-31 15:44:41.877378,page_view,95,34
230,2025-03-31 15:53:41.877380,add_to_cart,99,21
414,2025-03-31 11:22:41.877382,add_to_cart,50,28
365,2025-03-31 02:14:41.877384,page_view,70,27
927,2025-03-31 13:23:41.877386,purchase,55,7
286,2025-03-31 08:50:41.877388,add_to_cart,59,17
294,2025-03-31 00:50:41.877390,purchase,95,41
466,2025-03-31 12:59:41.877392,purchase,80,13
474,2025-03-31 01:10:41.877394,page_view,73,15
37,2025-03-31 20:35:41.877396,add_to_cart,89,37
83,2025-03-31 03:19:41.877398,purchase,88,21
962,2025-03-31 06:27:41.877400,page_view,24,26
22,2025-03-31 05:05:41.877402,purchase,29,32
256,2025-03-31 05:24:41.877404,add_to_cart,85,48
606,2025-03-31 22:11:41.877406,add_to_cart,87,48
400,2025-03-31 23:25:41.877408,add_to_cart,28,48
641,2025-03-31 22:54:41.877411,page_view,98,39
961,2025-03-31 00:58:41.877413,add_to_cart,71,19
483,2025-03-31 02:28:41.877415,purchase,28,8
568,2025-03-31 14:07:41.877417,page_view,42,47
575,2025-03-31 23:52:41.877419,add_to_cart,69,28
55,2025-03-31 16:44:41.877421,purchase,7,10
542,2025-03-31 04:30:41.877423,page_view,12,40
796,2025-03-31 18:35:41.877425,page_view,89,4
701,2025-03-31 23:20:41.877427,page_view,93,44
193,2025-03-31 00:47:41.877429,page_view,88,2
937,2025-03-31 22:09:41.877431,add_to_cart,53,34
822,2025-03-31 10:33:41.877433,page_view,22,6
66,2025-03-31 03:57:41.877435,add_to_cart,91,37
318,2025-03-31 11:21:41.877437,page_view,42,7
692,2025-03-31 10:42:41.877439,page_view,45,37
337,2025-03-31 08:30:41.877441,page_view,29,24
819,2025-03-31 08:29:41.877443,page_view,27,44
453,2025-03-31 10:06:41.877445,purchase,11,47
330,2025-03-31 10:29:41.877447,purchase,31,14
49,2025-03-31 02:09:41.877449,page_view,30,40
439,2025-03-31 20:17:41.877451,purchase,53,39
43,2025-03-31 10:11:41.877453,add_to_cart,41,48
265,2025-03-31 23:02:41.877455,add_to_cart,54,19
857,2025-03-31 03:27:41.877457,purchase,34,5
120,2025-03-31 11:36:41.877462,purchase,36,22
829,2025-03-31 22:06:41.877464,purchase,71,34
797,2025-03-31 05:43:41.877466,page_view,98,25
760,2025-03-31 08:56:41.877468,purchase,38,44
540,2025-03-31 11:57:41.877470,add_to_cart,41,24
764,2025-03-31 02:25:41.877472,page_view,88,18
831,2025-03-31 19:10:41.877474,purchase,43,39
463,2025-03-31 07:19:41.877476,add_to_cart,9,10
30,2025-03-31 09:40:41.877478,add_to_cart,28,37
478,2025-03-31 05:58:41.877480,add_to_cart,64,34
458,2025-03-31 01:41:41.877482,add_to_cart,84,32
914,2025-03-31 13:10:41.877484,page_view,97,11
283,2025-03-31 02:58:41.877487,add_to_cart,77,22
362,2025-03-31 20:27:41.877489,purchase,8,39
165,2025-03-31 14:13:41.877491,purchase,99,30
603,2025-03-31 06:42:41.877493,add_to_cart,72,30
910,2025-03-31 15:52:41.877495,purchase,50,49
27,2025-03-31 12:36:41.877497,page_view,18,16
641,2025-03-31 05:04:41.877499,purchase,23,42
899,2025-03-31 08:50:41.877501,add_to_cart,86,46
654,2025-03-31 07:19:41.877503,add_to_cart,65,36
317,2025-03-31 10:55:41.877505,purchase,38,18
323,2025-03-31 03:21:41.877507,purchase,14,48
380,2025-03-31 13:04:41.877509,page_view,31,27
606,2025-03-31 18:11:41.877511,page_view,49,47
591,2025-03-31 19:04:41.877513,add_to_cart,2,45
351,2025-03-31 22:15:41.877515,page_view,81,44
743,2025-03-31 13:37:41.877517,add_to_cart,72,49
43,2025-03-31 10:39:41.877519,page_view,35,21
641,2025-03-31 10:35:41.877521,add_to_cart,67,11
126,2025-03-31 08:59:41.877523,page_view,63,22
400,2025-03-31 07:02:41.877525,purchase,21,49
172,2025-03-31 16:42:41.877527,add_to_cart,27,49
910,2025-03-31 09:54:41.877529,purchase,12,33
863,2025-03-31 00:11:41.877531,purchase,55,48
1,2025-03-31 23:56:41.877533,purchase,89,16
871,2025-03-31 02:24:41.877535,page_view,65,24
140,2025-03-31 05:05:41.877537,add_to_cart,12,32
883,2025-03-31 04:08:41.877539,page_view,27,50
85,2025-03-31 09:37:41.877541,page_view,13,26
362,2025-03-31 09:00:41.877543,add_to_cart,43,47
671,2025-03-31 05:15:41.877545,purchase,76,44
87,2025-03-31 14:59:41.877547,page_view,22,15
517,2025-03-31 14:22:41.877549,add_to_cart,31,31
612,2025-03-31 14:55:41.877551,purchase,3,38
858,2025-03-31 10:06:41.877554,page_view,58,14
778,2025-03-31 19:08:41.877556,purchase,57,43
210,2025-03-31 03:38:41.877558,add_to_cart,15,32
31,2025-03-31 08:20:41.877560,add_to_cart,59,15
121,2025-03-31 16:29:41.877562,add_to_cart,68,13
180,2025-03-31 10:47:41.877564,page_view,98,26
819,2025-03-31 05:22:41.877566,purchase,95,49
151,2025-03-31 22:06:41.877568,page_view,73,34
460,2025-03-31 01:41:41.877570,add_to_cart,24,22
173,2025-03-31 01:41:41.877572,add_to_cart,72,23
716,2025-03-31 16:48:41.877574,page_view,51,12
791,2025-03-31 06:10:41.877576,add_to_cart,73,5
245,2025-03-31 20:55:41.877578,purchase,39,3
904,2025-03-31 21:48:41.877580,purchase,29,11
445,2025-03-31 14:01:41.877582,page_view,65,7
138,2025-03-31 00:30:41.877584,add_to_cart,9,40
652,2025-03-31 01:27:41.877586,add_to_cart,60,38
40,2025-03-31 14:21:41.877588,page_view,4,36
739,2025-03-31 00:15:41.877590,purchase,41,35
834,2025-03-31 17:57:41.877592,page_view,35,25
532,2025-03-31 05:17:41.877594,page_view,59,49
859,2025-03-31 15:35:41.877596,add_to_cart,8,36
470,2025-03-31 11:24:41.877598,page_view,38,3
201,2025-03-31 12:36:41.877600,add_to_cart,45,8
892,2025-03-31 21:54:41.877602,page_view,51,17
164,2025-03-31 03:42:41.877604,page_view,76,4
871,2025-03-31 17:05:41.877606,page_view,6,35
677,2025-03-31 03:17:41.877608,add_to_cart,5,6
222,2025-03-31 02:47:41.877610,add_to_cart,42,47
794,2025-03-31 16:12:41.877614,purchase,16,18
582,2025-03-31 23:51:41.877616,page_view,85,14
433,2025-03-31 02:47:41.877618,page_view,50,16
201,2025-03-31 11:10:41.877620,add_to_cart,44,7
503,2025-03-31 02:19:41.877622,purchase,19,14
891,2025-03-31 00:22:41.877624,page_view,22,6
930,2025-03-31 13:51:41.877626,page_view,98,33
241,2025-03-31 03:11:41.877628,page_view,90,21
440,2025-03-31 23:57:41.877630,page_view,52,5
504,2025-03-31 12:07:41.877632,page_view,19,44
386,2025-03-31 10:39:41.877634,add_to_cart,37,4
80,2025-03-31 14:15:41.877636,page_view,44,46
187,2025-03-31 14:50:41.877638,purchase,53,5
252,2025-03-31 21:10:41.877640,purchase,4,32
634,2025-03-31 04:12:41.877642,add_to_cart,80,4
279,2025-03-31 03:34:41.877644,page_view,69,12
308,2025-03-31 14:36:41.877646,add_to_cart,91,30
447,2025-03-31 07:08:41.877648,purchase,36,12
500,2025-03-31 17:39:41.877650,add_to_cart,95,25
319,2025-03-31 01:15:41.877652,page_view,13,4
848,2025-03-31 11:23:41.877654,purchase,9,29
923,2025-03-31 17:27:41.877656,add_to_cart,41,35
95,2025-03-31 04:21:41.877658,purchase,55,4
470,2025-03-31 02:11:41.877660,add_to_cart,35,33
196,2025-03-31 15:56:41.877662,add_to_cart,30,25
343,2025-03-31 09:50:41.877664,add_to_cart,97,5
483,2025-03-31 09:19:41.877666,page_view,29,39
603,2025-03-31 03:16:41.877669,purchase,24,5
322,2025-03-31 03:02:41.877671,add_to_cart,52,2
267,2025-03-31 12:50:41.877673,page_view,95,20
339,2025-03-31 16:36:41.877675,purchase,63,30
497,2025-03-31 03:45:41.877677,add_to_cart,17,23
749,2025-03-31 01:01:41.877679,add_to_cart,3,50
949,2025-03-31 13:46:41.877681,purchase,39,45
662,2025-03-31 17:00:41.877683,page_view,1,13
326,2025-03-31 14:15:41.877685,page_view,24,13
231,2025-03-31 20:58:41.877687,add_to_cart,97,7
725,2025-03-31 07:53:41.877689,purchase,87,13
927,2025-03-31 18:35:41.877691,purchase,42,3
326,2025-03-31 07:45:41.877693,page_view,52,46
369,2025-03-31 05:20:41.877695,page_view,72,1
71,2025-03-31 23:27:41.877697,add_to_cart,95,42
373,2025-03-31 17:56:41.877702,add_to_cart,62,45
203,2025-03-31 11:07:41.877704,add_to_cart,74,39
673,2025-03-31 21:59:41.877706,page_view,76,19
23,2025-03-31 01:03:41.877708,add_to_cart,86,34
474,2025-03-31 12:40:41.877710,add_to_cart,38,37
955,2025-03-31 04:04:41.877712,add_to_cart,89,43
271,2025-03-31 09:34:41.877714,add_to_cart,5,18
351,2025-03-31 08:18:41.877716,page_view,94,20
400,2025-03-31 15:49:41.877718,page_view,32,19
68,2025-03-31 10:27:41.877721,purchase,19,23
562,2025-03-31 19:42:41.877722,add_to_cart,25,36
326,2025-03-31 23:41:41.877724,purchase,80,21
82,2025-03-31 16:31:41.877726,purchase,93,25
362,2025-03-31 01:49:41.877728,add_to_cart,98,48
158,2025-03-31 18:43:41.877729,page_view,48,7
91,2025-03-31 06:02:41.877731,page_view,29,25
973,2025-03-31 13:22:41.877733,page_view,14,15
970,2025-03-31 11:51:41.877734,purchase,7,1
600,2025-03-31 14:19:41.877736,add_to_cart,62,26
284,2025-03-31 11:41:41.877738,purchase,90,37
581,2025-03-31 01:30:41.877739,page_view,96,30
380,2025-03-31 04:59:41.877741,add_to_cart,13,26
20,2025-03-31 01:34:41.877743,page_view,29,20
787,2025-03-31 17:32:41.877744,add_to_cart,79,8
129,2025-03-31 20:45:41.877746,purchase,33,9
177,2025-03-31 00:11:41.877748,purchase,91,31
820,2025-03-31 01:37:41.877749,add_to_cart,55,44
581,2025-03-31 22:54:41.877751,purchase,12,29
646,2025-03-31 04:13:41.877753,add_to_cart,57,36
511,2025-03-31 13:19:41.877754,add_to_cart,37,42
486,2025-03-31 14:45:41.877756,purchase,94,18
159,2025-03-31 15:51:41.877758,add_to_cart,51,41
156,2025-03-31 23:44:41.877759,add_to_cart,6,9
732,2025-03-31 19:24:41.877761,purchase,15,6
634,2025-03-31 04:53:41.877763,page_view,67,14
30,2025-03-31 13:28:41.877764,add_to_cart,72,19
976,2025-03-31 23:59:41.877766,purchase,80,29
186,2025-03-31 13:42:41.877769,add_to_cart,23,17
494,2025-03-31 16:17:41.877770,add_to_cart,2,30
511,2025-03-31 13:48:41.877772,page_view,36,45
288,2025-03-31 07:15:41.877774,add_to_cart,7,43
653,2025-03-31 19:20:41.877776,page_view,16,33
525,2025-03-31 22:23:41.877778,page_view,42,12
478,2025-03-31 21:33:41.877779,purchase,19,30
548,2025-03-31 23:05:41.877781,add_to_cart,38,32
433,2025-03-31 21:07:41.877784,add_to_cart,64,25
855,2025-03-31 08:44:41.877785,add_to_cart,54,28
899,2025-03-31 00:27:41.877787,add_to_cart,76,3
67,2025-03-31 13:21:41.877789,page_view,34,26
768,2025-03-31 18:44:41.877791,page_view,78,2
674,2025-03-31 23:31:41.877792,purchase,91,37
814,2025-03-31 10:47:41.877794,add_to_cart,11,3
17,2025-03-31 11:56:41.877796,add_to_cart,17,45
864,2025-03-31 04:46:41.877797,purchase,44,32
401,2025-03-31 21:10:41.877799,add_to_cart,66,11
32,2025-03-31 20:10:41.877801,purchase,78,19
137,2025-03-31 05:35:41.877803,add_to_cart,75,44
171,2025-03-31 12:43:41.877804,add_to_cart,5,27
551,2025-03-31 08:21:41.877806,purchase,99,35
757,2025-03-31 09:24:41.877808,page_view,25,47
101,2025-03-31 06:54:41.877809,add_to_cart,65,44
674,2025-03-31 01:08:41.877814,page_view,21,3
391,2025-03-31 07:34:41.877816,page_view,86,46
186,2025-03-31 14:07:41.877818,page_view,73,35
901,2025-03-31 13:02:41.877819,purchase,5,46
866,2025-03-31 01:50:41.877821,add_to_cart,24,32
452,2025-03-31 08:16:41.877823,page_view,52,5
7,2025-03-31 01:54:41.877824,add_to_cart,47,41
599,2025-03-31 03:33:41.877826,add_to_cart,38,39
389,2025-03-31 10:06:41.877828,page_view,74,8
230,2025-03-31 08:29:41.877829,add_to_cart,75,5
173,2025-03-31 01:47:41.877831,page_view,93,3
395,2025-03-31 13:27:41.877832,page_view,68,35
168,2025-03-31 13:37:41.877834,add_to_cart,7,28
800,2025-03-31 17:48:41.877836,purchase,61,31
94,2025-03-31 19:57:41.877837,purchase,84,25
968,2025-03-31 11:22:41.877839,add_to_cart,24,19
141,2025-03-31 03:32:41.877841,page_view,8,18
484,2025-03-31 03:22:41.877843,add_to_cart,12,8
270,2025-03-31 16:50:41.877844,add_to_cart,11,3
29,2025-03-31 22:29:41.877846,purchase,69,24
806,2025-03-31 19:54:41.877848,page_view,15,29
347,2025-03-31 19:48:41.877849,add_to_cart,56,38
358,2025-03-31 10:22:41.877854,purchase,87,38
506,2025-03-31 07:54:41.877856,add_to_cart,11,27
928,2025-03-31 13:35:41.877858,purchase,25,36
877,2025-03-31 03:20:41.877860,purchase,33,47
416,2025-03-31 03:41:41.877861,add_to_cart,9,3
467,2025-03-31 11:43:41.877863,purchase,78,25
988,2025-03-31 00:08:41.877865,add_to_cart,85,16
311,2025-03-31 19:05:41.877866,page_view,49,46
216,2025-03-31 21:12:41.877868,purchase,6,24
699,2025-03-31 15:31:41.877870,page_view,73,37
750,2025-03-31 10:06:41.877871,page_view,79,34
678,2025-03-31 20:11:41.877877,purchase,98,49
71,2025-03-31 19:09:41.877878,add_to_cart,42,45
928,2025-03-31 19:45:41.877880,page_view,44,34
128,2025-03-31 11:40:41.877882,purchase,43,21
869,2025-03-31 06:26:41.877884,add_to_cart,52,29
251,2025-03-31 03:22:41.877886,purchase,43,7
240,2025-03-31 17:17:41.877888,page_view,89,8
776,2025-03-31 12:46:41.877889,add_to_cart,92,42
268,2025-03-31 10:54:41.877891,purchase,86,24
516,2025-03-31 01:43:41.877893,purchase,51,31
995,2025-03-31 15:33:41.877894,purchase,1,15
386,2025-03-31 19:22:41.877896,page_view,47,23
522,2025-03-31 03:36:41.877898,add_to_cart,18,33
770,2025-03-31 22:19:41.877900,add_to_cart,45,45
2,2025-03-31 08:37:41.877901,page_view,44,41
25,2025-03-31 06:27:41.877903,add_to_cart,70,49
747,2025-03-31 18:12:41.877905,page_view,20,7
160,2025-03-31 12:13:41.877906,add_to_cart,23,43
824,2025-03-31 08:07:41.877908,purchase,33,4
796,2025-03-31 19:32:41.877910,add_to_cart,36,33
593,2025-03-31 19:35:41.877912,page_view,62,41
269,2025-03-31 15:54:41.877913,purchase,43,2
824,2025-03-31 20:38:41.877915,page_view,94,18
502,2025-03-31 15:08:41.877917,add_to_cart,81,12
33,2025-03-31 13:32:41.877919,add_to_cart,93,16
74,2025-03-31 04:05:41.877920,add_to_cart,74,28
935,2025-03-31 19:13:41.877922,page_view,82,26
41,2025-03-31 08:33:41.877924,add_to_cart,11,37
174,2025-03-31 08:56:41.877926,page_view,69,40
201,2025-03-31 16:12:41.877928,page_view,79,6
800,2025-03-31 01:10:41.877929,purchase,73,10
555,2025-03-31 11:01:41.877931,page_view,90,20
320,2025-03-31 15:58:41.877933,add_to_cart,53,32
366,2025-03-31 17:10:41.877935,add_to_cart,49,49
632,2025-03-31 01:22:41.877936,page_view,54,12
463,2025-03-31 10:48:41.877938,add_to_cart,91,37
224,2025-03-31 19:41:41.877940,page_view,77,43
800,2025-03-31 12:25:41.877941,add_to_cart,53,1
612,2025-03-31 12:15:41.877943,add_to_cart,98,19
986,2025-03-31 17:02:41.877945,add_to_cart,24,26
254,2025-03-31 07:58:41.877946,purchase,91,15
72,2025-04-01 00:07:41.877948,purchase,82,16
819,2025-03-31 08:16:41.877950,page_view,97,47
904,2025-03-31 22:43:41.877951,add_to_cart,72,31
618,2025-03-31 07:45:41.877953,add_to_cart,27,46
369,2025-03-31 13:47:41.877955,page_view,50,22
650,2025-04-01 00:01:41.877957,add_to_cart,2,30
18,2025-03-31 02:30:41.877959,purchase,21,46
840,2025-03-31 07:42:41.877960,page_view,79,43
58,2025-03-31 09:26:41.877962,page_view,26,43
993,2025-03-31 03:29:41.877964,page_view,34,34
963,2025-03-31 03:44:41.877966,purchase,56,21
785,2025-03-31 22:04:41.877967,add_to_cart,64,26
716,2025-03-31 07:02:41.877969,add_to_cart,82,41
633,2025-03-31 08:36:41.877971,add_to_cart,9,18
797,2025-03-31 19:21:41.877973,page_view,32,15
744,2025-03-31 08:08:41.877975,purchase,71,22
293,2025-03-31 02:04:41.877976,purchase,74,16
747,2025-03-31 14:59:41.877978,page_view,46,6
803,2025-03-31 18:03:41.877980,purchase,11,7
261,2025-03-31 02:54:41.877982,add_to_cart,36,6
458,2025-03-31 07:58:41.877983,purchase,87,16
252,2025-03-31 18:00:41.877985,page_view,64,49
727,2025-03-31 02:49:41.877987,page_view,16,31
885,2025-03-31 04:06:41.877989,page_view,61,4
803,2025-03-31 05:48:41.877990,purchase,2,26
514,2025-03-31 12:10:41.877992,purchase,43,9
459,2025-03-31 02:10:41.877994,page_view,36,29
236,2025-03-31 01:08:41.877996,page_view,17,20
344,2025-03-31 21:26:41.877997,add_to_cart,58,30
749,2025-03-31 12:00:41.877999,add_to_cart,41,9
206,2025-03-31 06:11:41.878001,add_to_cart,44,10
297,2025-03-31 09:28:41.878003,page_view,59,31
782,2025-03-31 20:33:41.878004,page_view,22,37
539,2025-03-31 14:48:41.878006,add_to_cart,20,43
986,2025-03-31 09:58:41.878008,page_view,1,33
216,2025-03-31 04:51:41.878009,page_view,15,12
796,2025-03-31 08:45:41.878011,purchase,99,47
273,2025-03-31 19:26:41.878013,add_to_cart,49,34
479,2025-03-31 23:48:41.878015,page_view,75,9
993,2025-03-31 14:31:41.878017,page_view,72,13
992,2025-03-31 02:53:41.878018,add_to_cart,30,41
461,2025-03-31 08:17:41.878020,add_to_cart,94,21
537,2025-03-31 11:29:41.878022,purchase,7,7
904,2025-03-31 15:18:41.878024,add_to_cart,1,46
604,2025-03-31 21:22:41.878025,purchase,84,50
549,2025-03-31 14:57:41.878027,page_view,31,6
653,2025-03-31 07:33:41.878029,purchase,60,22
859,2025-03-31 20:40:41.878031,purchase,68,7
32,2025-03-31 00:39:41.878032,add_to_cart,8,29
665,2025-03-31 19:47:41.878034,page_view,78,41
899,2025-03-31 08:51:41.878036,purchase,90,17
101,2025-03-31 23:17:41.878037,purchase,8,11
157,2025-03-31 18:18:41.878039,page_view,83,31
494,2025-03-31 01:37:41.878041,page_view,22,27
699,2025-03-31 23:16:41.878043,page_view,68,20
97,2025-03-31 16:10:41.878044,add_to_cart,36,7
147,2025-03-31 11:49:41.878046,add_to_cart,39,11
296,2025-03-31 23:56:41.878048,purchase,14,34
100,2025-03-31 00:53:41.878050,purchase,78,49
907,2025-03-31 12:04:41.878051,purchase,2,10
307,2025-03-31 04:48:41.878053,add_to_cart,99,8
902,2025-03-31 13:02:41.878055,add_to_cart,4,13
581,2025-03-31 05:07:41.878056,add_to_cart,75,34
570,2025-03-31 16:14:41.878058,page_view,4,1
493,2025-03-31 10:40:41.878060,purchase,1,28
993,2025-03-31 03:10:41.878062,page_view,11,5
69,2025-03-31 22:10:41.878063,add_to_cart,38,11
543,2025-03-31 16:30:41.878065,add_to_cart,3,34
975,2025-03-31 06:23:41.878067,add_to_cart,19,6
628,2025-03-31 09:51:41.878068,add_to_cart,14,2
441,2025-03-31 08:09:41.878070,page_view,72,7
731,2025-03-31 22:02:41.878072,purchase,96,24
339,2025-03-31 03:07:41.878073,page_view,11,1
539,2025-03-31 06:24:41.878075,page_view,88,7
631,2025-03-31 06:46:41.878077,page_view,37,16
81,2025-03-31 01:06:41.878078,purchase,68,12
597,2025-03-31 05:36:41.878080,add_to_cart,64,30
551,2025-03-31 18:45:41.878081,purchase,66,38
223,2025-03-31 23:07:41.878083,page_view,38,12
25,2025-03-31 18:04:41.878085,add_to_cart,17,3
615,2025-03-31 13:09:41.878087,add_to_cart,19,19
840,2025-03-31 17:27:41.878088,page_view,20,21
184,2025-03-31 15:13:41.878090,purchase,95,20
318,2025-03-31 08:43:41.878092,add_to_cart,56,33
994,2025-03-31 06:27:41.878094,page_view,25,22
881,2025-03-31 08:26:41.878095,page_view,98,13
589,2025-03-31 05:06:41.878097,page_view,65,44
383,2025-03-31 01:23:41.878099,page_view,69,13
484,2025-03-31 09:15:41.878100,add_to_cart,97,20
730,2025-03-31 21:05:41.878102,page_view,68,14
950,2025-03-31 01:28:41.878104,add_to_cart,34,43
747,2025-03-31 08:02:41.878105,page_view,8,21
489,2025-03-31 14:24:41.878107,add_to_cart,69,3
244,2025-03-31 14:58:41.878109,page_view,89,8
580,2025-03-31 23:29:41.878110,purchase,9,25
668,2025-03-31 19:57:41.878112,page_view,21,49
714,2025-03-31 06:23:41.878114,page_view,17,21
615,2025-03-31 22:24:41.878116,add_to_cart,86,32
542,2025-03-31 19:11:41.878118,add_to_cart,49,41
642,2025-03-31 01:23:41.878119,add_to_cart,25,44
60,2025-03-31 04:38:41.878121,add_to_cart,21,16
228,2025-03-31 16:09:41.878123,page_view,23,38
232,2025-03-31 20:56:41.878125,purchase,11,19
770,2025-03-31 05:00:41.878126,purchase,2,36
978,2025-03-31 23:27:41.878128,page_view,13,2
702,2025-03-31 03:26:41.878130,purchase,37,48
155,2025-03-31 10:33:41.878131,purchase,99,19
463,2025-03-31 00:38:41.878133,purchase,26,37
589,2025-03-31 08:18:41.878135,purchase,53,37
364,2025-03-31 06:22:41.878136,page_view,24,22
350,2025-03-31 23:32:41.878138,purchase,15,49
884,2025-03-31 10:52:41.878140,page_view,3,39
206,2025-03-31 02:04:41.878141,page_view,90,13
820,2025-03-31 21:23:41.878143,page_view,49,21
384,2025-03-31 04:51:41.878145,add_to_cart,3,13
759,2025-03-31 14:14:41.878147,add_to_cart,22,10
169,2025-03-31 13:58:41.878148,page_view,3,7
343,2025-03-31 14:07:41.878150,add_to_cart,3,36
680,2025-03-31 03:10:41.878152,page_view,31,50
209,2025-03-31 12:42:41.878153,add_to_cart,31,35
685,2025-03-31 19:57:41.878155,add_to_cart,9,12
147,2025-03-31 01:46:41.878157,page_view,58,18
990,2025-03-31 02:58:41.878159,add_to_cart,42,7
582,2025-03-31 20:30:41.878160,page_view,42,32
917,2025-03-31 04:38:41.878162,purchase,45,18
328,2025-03-31 06:50:41.878164,purchase,51,48
287,2025-03-31 23:29:41.878166,add_to_cart,7,21
828,2025-03-31 06:14:41.878167,add_to_cart,2,4
860,2025-03-31 05:44:41.878169,add_to_cart,89,6
604,2025-03-31 23:39:41.878171,page_view,29,27
370,2025-03-31 06:21:41.878172,page_view,41,4
182,2025-03-31 08:19:41.878174,add_to_cart,56,30
132,2025-03-31 01:33:41.878176,page_view,48,40
504,2025-03-31 21:50:41.878177,page_view,96,7
969,2025-03-31 19:57:41.878179,page_view,86,9
986,2025-03-31 20:38:41.878184,add_to_cart,65,26
604,2025-03-31 04:59:41.878186,add_to_cart,92,4
925,2025-03-31 04:58:41.878188,add_to_cart,61,34
680,2025-03-31 13:13:41.878189,add_to_cart,36,26
156,2025-03-31 03:01:41.878191,page_view,33,3
87,2025-03-31 07:46:41.878193,add_to_cart,72,31
652,2025-03-31 21:17:41.878195,add_to_cart,30,37
50,2025-03-31 06:10:41.878196,add_to_cart,50,24
593,2025-03-31 00:10:41.878198,page_view,98,45
275,2025-03-31 12:42:41.878200,page_view,1,43
995,2025-03-31 17:37:41.878201,purchase,68,42
893,2025-03-31 08:02:41.878203,purchase,95,35
980,2025-03-31 11:51:41.878205,add_to_cart,68,49
79,2025-03-31 07:42:41.878206,purchase,44,39
722,2025-03-31 07:11:41.878208,purchase,5,34
92,2025-03-31 11:48:41.878210,purchase,43,48
70,2025-03-31 10:02:41.878211,purchase,37,5
140,2025-03-31 21:17:41.878213,purchase,16,38
535,2025-03-31 06:43:41.878215,add_to_cart,43,4
894,2025-03-31 07:25:41.878217,purchase,16,19
171,2025-03-31 11:10:41.878218,purchase,27,25
508,2025-03-31 02:30:41.878220,page_view,12,26
113,2025-03-31 14:14:41.878221,page_view,69,34
522,2025-03-31 12:10:41.878223,purchase,4,12
383,2025-03-31 16:47:41.878225,add_to_cart,98,22
658,2025-03-31 20:35:41.878226,page_view,72,17
461,2025-03-31 15:05:41.878228,purchase,17,12
12,2025-03-31 02:14:41.878230,page_view,97,25
554,2025-03-31 22:21:41.878234,page_view,62,8
940,2025-03-31 00:18:41.878236,add_to_cart,80,42
63,2025-03-31 03:18:41.878237,purchase,97,31
30,2025-03-31 14:55:41.878239,purchase,78,33
104,2025-03-31 09:11:41.878241,page_view,100,11
408,2025-03-31 18:44:41.878243,page_view,81,39
486,2025-03-31 01:35:41.878244,add_to_cart,89,1
851,2025-03-31 15:25:41.878246,page_view,36,15
140,2025-03-31 18:21:41.878248,purchase,96,14
685,2025-03-31 05:55:41.878250,add_to_cart,56,28
95,2025-03-31 10:12:41.878251,add_to_cart,74,17
911,2025-03-31 16:33:41.878253,purchase,68,15
316,2025-03-31 19:53:41.878255,add_to_cart,94,49
341,2025-03-31 19:36:41.878256,add_to_cart,24,42
355,2025-03-31 01:39:41.878258,purchase,18,48
841,2025-03-31 02:29:41.878260,page_view,24,13
873,2025-03-31 05:13:41.878262,page_view,88,42
107,2025-03-31 13:52:41.878263,purchase,24,9
352,2025-03-31 02:29:41.878265,purchase,9,21
518,2025-03-31 12:10:41.878267,add_to_cart,76,46
156,2025-03-31 14:13:41.878268,purchase,17,15
506,2025-03-31 06:27:41.878270,purchase,83,25
373,2025-03-31 00:20:41.878272,page_view,72,36
779,2025-03-31 06:45:41.878273,page_view,81,32
744,2025-03-31 09:49:41.878275,purchase,66,34
630,2025-03-31 05:18:41.878277,add_to_cart,92,33
356,2025-03-31 02:54:41.878278,add_to_cart,13,29
385,2025-03-31 01:08:41.878280,page_view,75,46
371,2025-03-31 03:05:41.878282,page_view,13,30
274,2025-03-31 20:08:41.878284,add_to_cart,84,7
342,2025-03-31 04:11:41.878286,purchase,87,43
420,2025-03-31 23:44:41.878287,purchase,38,35
490,2025-03-31 11:26:41.878289,purchase,57,32
941,2025-03-31 07:59:41.878291,add_to_cart,72,9
614,2025-03-31 00:28:41.878292,purchase,54,29
957,2025-03-31 23:37:41.878294,purchase,9,9
213,2025-03-31 12:33:41.878296,add_to_cart,80,2
815,2025-03-31 15:12:41.878297,purchase,47,21
919,2025-03-31 03:57:41.878299,purchase,16,18
766,2025-03-31 18:29:41.878301,page_view,92,48
699,2025-03-31 07:32:41.878303,add_to_cart,98,33
417,2025-03-31 20:32:41.878304,add_to_cart,40,27
243,2025-03-31 04:57:41.878306,purchase,32,37
80,2025-03-31 14:55:41.878308,add_to_cart,60,10
866,2025-03-31 03:58:41.878310,add_to_cart,19,22
166,2025-03-31 09:23:41.878311,page_view,26,47
994,2025-03-31 01:07:41.878313,purchase,34,19
641,2025-03-31 14:08:41.878315,add_to_cart,87,14
266,2025-03-31 17:38:41.878316,add_to_cart,51,11
858,2025-03-31 16:50:41.878318,add_to_cart,41,42
724,2025-03-31 09:26:41.878319,purchase,99,25
987,2025-03-31 00:09:41.878321,page_view,56,50
936,2025-03-31 03:00:41.878323,page_view,65,49
446,2025-03-31 04:15:41.878325,add_to_cart,88,50
696,2025-03-31 23:13:41.878326,page_view,77,39
513,2025-03-31 23:04:41.878328,add_to_cart,85,35
10,2025-03-31 12:51:41.878330,purchase,70,34
945,2025-03-31 08:25:41.878332,add_to_cart,75,4
153,2025-03-31 16:52:41.878333,page_view,65,50
239,2025-03-31 00:22:41.878335,page_view,8,28
257,2025-03-31 02:17:41.878337,page_view,69,25
552,2025-03-31 23:41:41.878338,add_to_cart,97,39
921,2025-03-31 14:38:41.878340,add_to_cart,51,41
453,2025-03-31 19:39:41.878342,add_to_cart,69,16
927,2025-03-31 14:00:41.878344,add_to_cart,33,49
746,2025-03-31 19:33:41.878345,page_view,19,12
142,2025-03-31 10:59:41.878347,add_to_cart,32,1
614,2025-03-31 17:22:41.878349,page_view,19,45
35,2025-03-31 11:44:41.878350,purchase,82,43
630,2025-03-31 06:56:41.878352,add_to_cart,34,9
842,2025-03-31 18:20:41.878354,purchase,50,47
183,2025-03-31 16:06:41.878355,page_view,2,26
734,2025-03-31 04:25:41.878357,page_view,43,26
624,2025-03-31 00:41:41.878359,purchase,13,7
303,2025-03-31 09:23:41.878361,page_view,90,41
618,2025-03-31 01:06:41.878362,page_view,57,21
8,2025-03-31 11:48:41.878364,add_to_cart,29,31
507,2025-03-31 07:26:41.878366,add_to_cart,28,6
548,2025-03-31 12:43:41.878368,page_view,62,14
632,2025-03-31 20:58:41.878369,page_view,42,46
288,2025-03-31 20:10:41.878371,purchase,53,30
207,2025-03-31 17:37:41.878373,add_to_cart,27,33
746,2025-03-31 12:03:41.878375,purchase,36,3
372,2025-03-31 15:50:41.878376,purchase,6,2
787,2025-03-31 20:59:41.878378,purchase,12,46
368,2025-03-31 02:00:41.878380,add_to_cart,84,33
48,2025-03-31 04:09:41.878381,add_to_cart,62,6
700,2025-03-31 05:15:41.878383,add_to_cart,91,43
831,2025-03-31 14:43:41.878385,add_to_cart,19,24
959,2025-03-31 00:34:41.878386,add_to_cart,91,49
846,2025-03-31 23:10:41.878388,purchase,42,7
937,2025-03-31 20:28:41.878390,purchase,42,40
867,2025-03-31 19:01:41.878392,add_to_cart,63,24
991,2025-03-31 11:16:41.878393,page_view,48,9
43,2025-03-31 18:25:41.878395,purchase,2,25
569,2025-03-31 10:02:41.878397,add_to_cart,13,13
178,2025-03-31 12:16:41.878398,page_view,77,35
349,2025-03-31 22:46:41.878400,page_view,78,15
416,2025-03-31 13:07:41.878402,add_to_cart,66,33
397,2025-03-31 02:59:41.878403,add_to_cart,48,44
439,2025-03-31 02:08:41.878405,page_view,31,15
596,2025-03-31 05:50:41.878407,add_to_cart,20,43
932,2025-03-31 14:13:41.878408,add_to_cart,23,15
593,2025-03-31 15:19:41.878410,purchase,80,23
217,2025-03-31 22:22:41.878412,add_to_cart,81,14
338,2025-03-31 15:16:41.878414,purchase,99,23
86,2025-03-31 03:10:41.878415,purchase,33,39
648,2025-03-31 23:32:41.878417,page_view,17,7
29,2025-03-31 19:24:41.878419,purchase,73,28
385,2025-03-31 18:17:41.878421,purchase,62,44
581,2025-03-31 05:33:41.878422,add_to_cart,23,44
252,2025-03-31 08:21:41.878424,add_to_cart,46,11
810,2025-03-31 04:09:41.878426,page_view,13,20
897,2025-03-31 07:08:41.878428,purchase,44,22
526,2025-03-31 12:20:41.878430,add_to_cart,47,5
77,2025-03-31 01:57:41.878431,add_to_cart,30,7
601,2025-03-31 00:29:41.878433,add_to_cart,87,41
899,2025-03-31 18:19:41.878435,page_view,79,50
164,2025-03-31 19:59:41.878436,purchase,18,45
210,2025-03-31 16:13:41.878438,add_to_cart,14,46
219,2025-03-31 04:34:41.878440,page_view,71,39
260,2025-03-31 00:46:41.878441,add_to_cart,17,2
459,2025-03-31 06:35:41.878443,purchase,78,3
101,2025-03-31 08:14:41.878445,purchase,83,2
717,2025-03-31 13:16:41.878446,purchase,99,21
116,2025-03-31 17:58:41.878448,purchase,65,32
270,2025-03-31 20:16:41.878450,add_to_cart,69,24
601,2025-03-31 20:43:41.878451,add_to_cart,95,4
819,2025-03-31 02:31:41.878453,page_view,31,23
522,2025-03-31 07:44:41.878455,add_to_cart,68,8
143,2025-03-31 12:51:41.878456,page_view,28,10
1000,2025-03-31 04:28:41.878458,add_to_cart,55,45
231,2025-03-31 06:54:41.878460,page_view,24,24
196,2025-03-31 05:40:41.878461,add_to_cart,45,7
464,2025-03-31 01:31:41.878463,page_view,38,39
832,2025-03-31 17:47:41.878465,add_to_cart,51,1
10,2025-03-31 21:18:41.878466,page_view,70,15
633,2025-03-31 13:18:41.878468,add_to_cart,52,29
500,2025-03-31 12:15:41.878470,purchase,76,16
67,2025-03-31 09:44:41.878471,add_to_cart,31,43
240,2025-03-31 20:27:41.878473,purchase,22,20
300,2025-03-31 08:22:41.878475,purchase,36,29
128,2025-03-31 21:03:41.878476,purchase,95,20
788,2025-03-31 13:09:41.878478,add_to_cart,27,26
260,2025-03-31 20:13:41.878480,page_view,52,33
771,2025-03-31 11:30:41.878482,add_to_cart,2,18
534,2025-03-31 14:01:41.878483,purchase,22,2
207,2025-03-31 03:39:41.878485,add_to_cart,84,46
545,2025-03-31 23:36:41.878487,purchase,89,45
3,2025-03-31 06:38:41.878489,page_view,46,33
293,2025-03-31 11:57:41.878490,page_view,75,16
173,2025-03-31 17:36:41.878492,add_to_cart,79,50
916,2025-03-31 04:15:41.878494,purchase,27,7
374,2025-03-31 23:56:41.878495,purchase,96,30
859,2025-03-31 08:26:41.878497,page_view,25,22
510,2025-03-31 14:30:41.878499,page_view,88,50
883,2025-03-31 20:32:41.878501,purchase,90,42
398,2025-03-31 10:20:41.878506,page_view,28,8
310,2025-03-31 23:33:41.878507,add_to_cart,38,14
310,2025-03-31 21:15:41.878509,purchase,98,6
221,2025-03-31 07:15:41.878511,add_to_cart,78,38
586,2025-03-31 21:02:41.878512,add_to_cart,96,41
824,2025-03-31 04:15:41.878514,purchase,89,33
839,2025-03-31 06:44:41.878516,purchase,59,30
640,2025-04-01 00:02:41.878517,page_view,41,18
919,2025-03-31 02:44:41.878519,add_to_cart,88,50
163,2025-03-31 07:25:41.878521,add_to_cart,11,37
350,2025-03-31 22:19:41.878523,add_to_cart,27,2
363,2025-03-31 14:04:41.878524,purchase,25,42
735,2025-03-31 00:36:41.878526,add_to_cart,12,43
747,2025-03-31 18:07:41.878528,purchase,71,43
776,2025-03-31 02:31:41.878530,add_to_cart,29,41
966,2025-03-31 02:00:41.878531,purchase,5,10
857,2025-03-31 01:38:41.878533,purchase,70,22
40,2025-03-31 13:29:41.878535,page_view,31,45
595,2025-03-31 05:45:41.878536,add_to_cart,35,31
743,2025-03-31 13:56:41.878538,add_to_cart,100,42
679,2025-03-31 12:54:41.878540,purchase,47,5
319,2025-03-31 16:24:41.878542,purchase,1,31
439,2025-03-31 02:46:41.878543,add_to_cart,90,5
567,2025-03-31 17:44:41.878545,add_to_cart,27,19
897,2025-03-31 19:52:41.878547,add_to_cart,1,40
339,2025-03-31 07:21:41.878548,purchase,90,18
756,2025-03-31 20:19:41.878550,purchase,72,40
782,2025-03-31 22:35:41.878552,add_to_cart,3,46
433,2025-03-31 13:50:41.878553,page_view,15,15
975,2025-03-31 03:09:41.878555,add_to_cart,39,32
957,2025-03-31 13:14:41.878557,page_view,64,34
231,2025-03-31 04:35:41.878558,add_to_cart,28,2
392,2025-03-31 14:01:41.878560,page_view,72,6
384,2025-03-31 01:49:41.878562,page_view,97,38
597,2025-03-31 13:14:41.878563,add_to_cart,92,42
594,2025-03-31 14:10:41.878565,page_view,46,24
48,2025-03-31 00:20:41.878567,add_to_cart,46,22
487,2025-03-31 00:29:41.878569,page_view,61,31
557,2025-03-31 16:00:41.878570,purchase,43,26
957,2025-03-31 15:48:41.878572,add_to_cart,23,49
804,2025-03-31 06:10:41.878574,page_view,38,11
473,2025-03-31 13:16:41.878575,purchase,22,47
44,2025-03-31 15:43:41.878577,purchase,42,18
674,2025-03-31 14:37:41.878579,page_view,96,9
687,2025-03-31 23:19:41.878581,add_to_cart,15,5
486,2025-03-31 13:10:41.878582,purchase,26,39
185,2025-03-31 08:53:41.878584,page_view,31,3
772,2025-03-31 01:09:41.878586,add_to_cart,20,41
113,2025-03-31 14:12:41.878587,add_to_cart,57,39
114,2025-03-31 15:35:41.878589,purchase,29,19
459,2025-03-31 18:51:41.878591,page_view,2,11
48,2025-03-31 22:53:41.878592,purchase,48,22
278,2025-03-31 02:18:41.878594,page_view,33,45
431,2025-03-31 20:34:41.878596,add_to_cart,79,36
283,2025-03-31 08:22:41.878597,purchase,94,18
253,2025-03-31 05:34:41.878599,page_view,60,34
732,2025-04-01 00:00:41.878601,add_to_cart,7,2
143,2025-03-31 17:43:41.878603,add_to_cart,26,27
615,2025-03-31 04:06:41.878604,page_view,81,2
354,2025-03-31 00:20:41.878606,purchase,77,30
175,2025-03-31 04:49:41.878608,page_view,25,8
64,2025-03-31 16:37:41.878609,purchase,16,22
732,2025-03-31 13:35:41.878611,add_to_cart,60,41
476,2025-03-31 06:38:41.878613,add_to_cart,42,4
536,2025-03-31 12:55:41.878615,page_view,6,20
810,2025-03-31 16:52:41.878616,page_view,55,22
819,2025-03-31 07:45:41.878618,add_to_cart,62,32
839,2025-03-31 05:03:41.878620,purchase,89,7
760,2025-03-31 09:18:41.878621,purchase,74,6
577,2025-03-31 13:33:41.878623,add_to_cart,55,44
266,2025-03-31 19:29:41.878625,add_to_cart,1,24
201,2025-03-31 19:16:41.878626,page_view,93,44
497,2025-03-31 11:51:41.878628,purchase,1,49
407,2025-03-31 16:36:41.878630,page_view,100,48
384,2025-03-31 09:46:41.878631,purchase,99,32
700,2025-03-31 23:38:41.878633,purchase,82,36
5,2025-03-31 03:24:41.878635,add_to_cart,32,35
864,2025-03-31 16:47:41.878636,add_to_cart,52,36
480,2025-03-31 08:13:41.878638,add_to_cart,33,1
184,2025-03-31 00:41:41.878641,page_view,60,7
683,2025-03-31 07:45:41.878643,add_to_cart,58,20
640,2025-03-31 17:03:41.878648,purchase,97,15
768,2025-03-31 02:52:41.878650,add_to_cart,46,45
714,2025-03-31 13:26:41.878652,page_view,25,32
171,2025-03-31 01:55:41.878653,page_view,45,36
443,2025-03-31 22:18:41.878655,purchase,46,39
621,2025-03-31 19:14:41.878657,purchase,34,36
906,2025-03-31 13:27:41.878659,add_to_cart,13,21
601,2025-03-31 14:35:41.878660,purchase,75,9
53,2025-03-31 20:30:41.878662,purchase,21,34
854,2025-03-31 21:22:41.878664,purchase,32,32
514,2025-03-31 19:04:41.878665,purchase,60,1
229,2025-03-31 01:03:41.878667,purchase,34,28
879,2025-03-31 00:11:41.878669,purchase,23,18
539,2025-03-31 19:26:41.878671,page_view,47,37
941,2025-03-31 07:32:41.878672,page_view,7,44
932,2025-03-31 20:10:41.878674,add_to_cart,79,43
155,2025-03-31 02:59:41.878676,purchase,57,49
538,2025-03-31 19:50:41.878677,purchase,72,3
381,2025-03-31 16:23:41.878679,add_to_cart,5,40
481,2025-03-31 18:42:41.878681,add_to_cart,42,39
71,2025-03-31 06:11:41.878682,purchase,63,26
409,2025-03-31 10:03:41.878684,purchase,9,15
620,2025-03-31 17:04:41.878686,add_to_cart,84,41
834,2025-04-01 00:04:41.878688,page_view,8,49
297,2025-03-31 00:20:41.878689,add_to_cart,13,20
610,2025-03-31 13:37:41.878691,page_view,21,5
175,2025-03-31 14:06:41.878693,purchase,75,28
458,2025-03-31 22:12:41.878694,purchase,41,6
886,2025-03-31 04:50:41.878696,page_view,47,39
584,2025-03-31 03:26:41.878698,add_to_cart,97,33
271,2025-03-31 19:57:41.878702,add_to_cart,98,39
9,2025-03-31 16:52:41.878704,page_view,76,7
477,2025-03-31 17:52:41.878706,page_view,83,46
99,2025-03-31 01:29:41.878708,purchase,31,37
961,2025-03-31 02:42:41.878709,add_to_cart,91,44
788,2025-03-31 08:36:41.878711,add_to_cart,39,47
383,2025-03-31 09:20:41.878713,page_view,74,48
62,2025-03-31 17:48:41.878714,purchase,74,23
682,2025-03-31 12:30:41.878716,page_view,1,14
876,2025-03-31 16:57:41.878718,purchase,28,42
606,2025-03-31 15:20:41.878719,add_to_cart,17,30
758,2025-03-31 18:55:41.878721,purchase,98,47
503,2025-03-31 05:28:41.878723,page_view,87,21
953,2025-03-31 14:39:41.878724,page_view,49,10
686,2025-03-31 12:49:41.878726,page_view,84,31
860,2025-03-31 09:27:41.878728,page_view,71,25
218,2025-03-31 05:34:41.878730,add_to_cart,80,47
358,2025-03-31 13:24:41.878731,purchase,11,35
690,2025-03-31 02:13:41.878733,add_to_cart,29,42
588,2025-03-31 11:28:41.878735,purchase,59,6
776,2025-03-31 10:15:41.878736,add_to_cart,57,29
38,2025-03-31 01:45:41.878738,add_to_cart,4,43
226,2025-03-31 10:28:41.878740,add_to_cart,63,23
991,2025-03-31 08:36:41.878742,purchase,27,33
350,2025-03-31 03:33:41.878743,add_to_cart,43,3
151,2025-03-31 02:54:41.878745,page_view,24,34
759,2025-03-31 17:45:41.878747,purchase,24,23
6,2025-03-31 05:32:41.878748,page_view,82,1
844,2025-03-31 14:07:41.878750,page_view,4,31
44,2025-03-31 06:02:41.878752,page_view,97,17
331,2025-03-31 16:43:41.878753,add_to_cart,40,28
923,2025-03-31 19:10:41.878755,purchase,1,27
72,2025-03-31 12:45:41.878757,purchase,60,3
389,2025-03-31 15:53:41.878759,purchase,61,18
30,2025-03-31 14:43:41.878760,page_view,81,50
674,2025-03-31 01:23:41.878762,purchase,3,16
172,2025-03-31 00:26:41.878764,purchase,62,30
77,2025-03-31 19:58:41.878765,page_view,97,9
387,2025-03-31 20:11:41.878767,purchase,65,33
793,2025-03-31 19:02:41.878769,purchase,64,1
157,2025-03-31 14:50:41.878770,page_view,78,45
563,2025-03-31 00:24:41.878772,page_view,51,2
99,2025-03-31 14:16:41.878774,add_to_cart,72,16
510,2025-03-31 19:34:41.878776,purchase,97,6
221,2025-03-31 20:06:41.878777,add_to_cart,67,7
62,2025-03-31 11:13:41.878779,purchase,54,41
651,2025-03-31 20:53:41.878781,page_view,83,20
129,2025-03-31 22:39:41.878782,purchase,80,30
602,2025-03-31 23:16:41.878784,page_view,26,7
242,2025-03-31 15:12:41.878786,page_view,37,49
754,2025-03-31 19:46:41.878787,purchase,18,27
620,2025-03-31 02:41:41.878789,page_view,79,25
674,2025-03-31 11:39:41.878791,page_view,29,43
289,2025-03-31 00:09:41.878793,purchase,47,30
680,2025-03-31 13:12:41.878794,page_view,11,27
580,2025-03-31 13:52:41.878796,add_to_cart,4,40
513,2025-03-31 17:20:41.878798,purchase,1,30
912,2025-03-31 10:14:41.878799,purchase,11,5
948,2025-03-31 10:43:41.878801,add_to_cart,53,12
573,2025-03-31 20:07:41.878803,page_view,77,47
419,2025-03-31 18:00:41.878804,purchase,42,5
216,2025-03-31 22:01:41.878806,page_view,23,49
15,2025-03-31 14:42:41.878808,purchase,19,24
423,2025-03-31 13:03:41.878809,add_to_cart,27,27
734,2025-03-31 08:38:41.878811,add_to_cart,99,7
269,2025-03-31 22:57:41.878813,add_to_cart,78,1
970,2025-03-31 22:53:41.878815,purchase,98,36
64,2025-03-31 02:13:41.878816,purchase,60,50
444,2025-03-31 05:58:41.878818,purchase,68,2
329,2025-03-31 15:12:41.878820,page_view,16,1
844,2025-03-31 18:18:41.878821,page_view,41,40
838,2025-03-31 06:34:41.878823,purchase,33,6
931,2025-03-31 08:35:41.878830,add_to_cart,42,6
134,2025-03-31 12:19:41.878831,purchase,80,2
892,2025-03-31 19:35:41.878833,page_view,68,29
580,2025-03-31 14:55:41.878835,add_to_cart,88,25
142,2025-03-31 11:59:41.878837,add_to_cart,76,38
493,2025-03-31 20:29:41.878838,add_to_cart,45,38
224,2025-03-31 15:10:41.878840,page_view,17,25
210,2025-03-31 12:12:41.878842,purchase,39,37
602,2025-03-31 13:56:41.878843,purchase,89,4
392,2025-03-31 11:17:41.878845,add_to_cart,38,44
899,2025-03-31 14:20:41.878847,page_view,47,21
647,2025-03-31 01:19:41.878848,add_to_cart,80,43
971,2025-03-31 10:59:41.878850,add_to_cart,79,47
81,2025-03-31 19:46:41.878852,page_view,33,37
961,2025-03-31 19:52:41.878853,purchase,39,35
893,2025-03-31 22:20:41.878855,purchase,24,6
84,2025-03-31 13:16:41.878857,page_view,79,6
736,2025-03-31 06:44:41.878859,purchase,49,15
866,2025-03-31 12:55:41.878860,add_to_cart,45,7
834,2025-03-31 13:15:41.878862,page_view,66,37
71,2025-03-31 21:24:41.878864,page_view,99,45
590,2025-03-31 08:11:41.878865,add_to_cart,63,22
262,2025-03-31 17:11:41.878867,purchase,64,4
161,2025-03-31 16:11:41.878869,purchase,15,15
530,2025-03-31 20:42:41.878871,page_view,8,32
570,2025-03-31 01:38:41.878872,purchase,91,39
884,2025-03-31 15:16:41.878874,page_view,72,24
716,2025-03-31 14:42:41.878876,page_view,25,25
120,2025-03-31 11:42:41.878877,add_to_cart,53,26
193,2025-03-31 18:22:41.878879,page_view,64,8
112,2025-03-31 17:34:41.878881,page_view,27,49
727,2025-03-31 12:20:41.878883,page_view,27,50
424,2025-03-31 19:39:41.878884,purchase,26,34
742,2025-03-31 20:17:41.878886,add_to_cart,26,6
116,2025-03-31 05:42:41.878888,page_view,54,9
588,2025-03-31 15:48:41.878889,add_to_cart,84,20
141,2025-03-31 23:15:41.878891,purchase,62,28
387,2025-03-31 04:00:41.878893,purchase,15,48
253,2025-03-31 21:22:41.878894,page_view,41,31
82,2025-03-31 19:45:41.878896,page_view,89,38
593,2025-03-31 06:44:41.878898,purchase,42,6
125,2025-03-31 02:06:41.878900,purchase,96,48
244,2025-03-31 13:08:41.878901,page_view,47,4
115,2025-03-31 00:14:41.878903,page_view,72,23
451,2025-03-31 06:36:41.878908,purchase,7,40
411,2025-03-31 20:31:41.878909,add_to_cart,11,37
842,2025-03-31 17:37:41.878911,add_to_cart,46,19
505,2025-03-31 07:51:41.878913,purchase,63,29
389,2025-03-31 12:04:41.878914,page_view,60,22
763,2025-03-31 09:35:41.878916,purchase,47,37
619,2025-03-31 02:25:41.878918,add_to_cart,5,18
545,2025-03-31 12:24:41.878920,purchase,67,31
832,2025-03-31 18:43:41.878921,add_to_cart,26,37
48,2025-03-31 18:06:41.878923,page_view,61,14
55,2025-03-31 22:24:41.878925,add_to_cart,79,41
220,2025-03-31 19:19:41.878927,page_view,39,44
772,2025-03-31 00:24:41.878928,add_to_cart,72,25
460,2025-03-31 18:44:41.878930,page_view,81,43
553,2025-03-31 17:57:41.878932,add_to_cart,12,38
785,2025-03-31 03:35:41.878934,purchase,77,8
817,2025-03-31 05:02:41.878935,add_to_cart,69,9
326,2025-03-31 19:43:41.878937,purchase,70,19
945,2025-03-31 00:24:41.878939,add_to_cart,16,26
273,2025-03-31 18:12:41.878940,page_view,60,38
716,2025-03-31 12:38:41.878942,page_view,48,1
778,2025-03-31 05:40:41.878944,page_view,3,28
926,2025-03-31 10:13:41.878946,page_view,93,28
245,2025-03-31 17:12:41.878948,add_to_cart,80,27
365,2025-03-31 17:16:41.878949,page_view,77,49
742,2025-03-31 11:34:41.878951,purchase,24,48
365,2025-03-31 17:22:41.878953,page_view,64,5
252,2025-03-31 16:29:41.878954,purchase,85,24
262,2025-03-31 12:25:41.878956,purchase,8,44
238,2025-03-31 04:46:41.878958,page_view,98,26
58,2025-03-31 02:23:41.878960,add_to_cart,74,15
656,2025-03-31 01:33:41.878961,add_to_cart,35,22
647,2025-03-31 19:22:41.878963,page_view,100,10
752,2025-03-31 18:31:41.878965,page_view,11,46
340,2025-03-31 15:44:41.878966,add_to_cart,43,18
728,2025-03-31 15:46:41.878968,page_view,54,22
447,2025-03-31 07:07:41.878970,add_to_cart,100,2
583,2025-03-31 21:56:41.878971,purchase,98,12
585,2025-03-31 17:10:41.878973,page_view,39,7
903,2025-03-31 15:32:41.878975,add_to_cart,7,15
413,2025-03-31 03:37:41.878977,purchase,30,13
529,2025-03-31 06:18:41.878978,page_view,45,49
77,2025-03-31 16:33:41.878980,page_view,53,10
134,2025-03-31 01:51:41.878982,purchase,31,46
831,2025-03-31 05:37:41.878984,add_to_cart,6,33
482,2025-03-31 00:09:41.878985,page_view,46,7
210,2025-03-31 07:34:41.878987,purchase,94,3
32,2025-03-31 00:08:41.878989,purchase,37,42
517,2025-03-31 04:38:41.878990,add_to_cart,89,27
928,2025-03-31 03:25:41.878992,purchase,28,44
78,2025-03-31 22:43:41.878994,purchase,56,21
374,2025-03-31 08:00:41.878995,purchase,2,16
799,2025-03-31 01:20:41.878997,purchase,62,28
228,2025-03-31 12:11:41.878999,purchase,27,21
474,2025-03-31 21:00:41.879000,page_view,62,3
511,2025-03-31 02:15:41.879002,purchase,96,31
560,2025-03-31 19:50:41.879004,purchase,14,41
223,2025-03-31 02:37:41.879006,add_to_cart,43,36
691,2025-03-31 14:30:41.879007,add_to_cart,69,33
111,2025-03-31 13:13:41.879009,add_to_cart,25,3
819,2025-03-31 19:21:41.879011,add_to_cart,42,31
430,2025-03-31 18:16:41.879016,page_view,12,21
137,2025-03-31 10:05:41.879018,purchase,28,16
911,2025-03-31 09:27:41.879020,add_to_cart,10,12
489,2025-03-31 02:23:41.879024,add_to_cart,13,23
860,2025-03-31 16:08:41.879027,purchase,63,43
439,2025-03-31 12:22:41.879029,purchase,14,46
464,2025-03-31 17:59:41.879030,page_view,12,22
595,2025-03-31 06:36:41.879032,page_view,3,47
535,2025-03-31 22:12:41.879034,add_to_cart,45,26
714,2025-03-31 22:34:41.879036,page_view,1,38
697,2025-03-31 05:37:41.879038,add_to_cart,34,35
250,2025-03-31 10:43:41.879039,add_to_cart,61,28
638,2025-03-31 05:04:41.879041,page_view,80,32
463,2025-03-31 03:01:41.879043,page_view,30,18
324,2025-03-31 09:12:41.879045,add_to_cart,60,23
725,2025-03-31 13:11:41.879046,purchase,48,3
12,2025-03-31 17:57:41.879048,page_view,80,16
668,2025-03-31 17:06:41.879050,add_to_cart,98,9
814,2025-03-31 21:52:41.879051,add_to_cart,2,47
9,2025-03-31 20:39:41.879053,page_view,41,26
320,2025-03-31 14:55:41.879055,add_to_cart,25,19
810,2025-03-31 14:15:41.879057,purchase,41,23
223,2025-03-31 23:12:41.879058,add_to_cart,69,8
91,2025-03-31 09:54:41.879060,add_to_cart,46,16
212,2025-03-31 22:47:41.879062,page_view,9,41
347,2025-03-31 19:17:41.879063,page_view,58,32
851,2025-03-31 11:43:41.879065,add_to_cart,94,16
105,2025-03-31 10:10:41.879067,add_to_cart,12,49
692,2025-03-31 00:18:41.879069,page_view,36,14
169,2025-03-31 22:30:41.879071,page_view,97,20
253,2025-03-31 02:28:41.879072,purchase,42,30
474,2025-03-31 21:12:41.879074,page_view,47,7
588,2025-03-31 11:49:41.879076,page_view,64,20
719,2025-03-31 19:45:41.879078,purchase,93,26
508,2025-03-31 11:50:41.879079,page_view,42,2
952,2025-03-31 11:17:41.879082,add_to_cart,18,9
488,2025-04-01 00:01:41.879083,page_view,88,19
764,2025-03-31 03:47:41.879085,page_view,61,23
966,2025-03-31 01:55:41.879087,page_view,73,42
535,2025-03-31 19:33:41.879089,purchase,56,26
737,2025-03-31 15:30:41.879090,purchase,62,45
289,2025-03-31 13:07:41.879092,purchase,12,26
131,2025-03-31 20:25:41.879094,add_to_cart,20,24
548,2025-03-31 03:56:41.879096,purchase,89,27
542,2025-03-31 17:59:41.879097,purchase,98,33
303,2025-03-31 23:37:41.879099,page_view,70,36
924,2025-03-31 02:12:41.879101,page_view,51,4
130,2025-03-31 00:49:41.879102,page_view,70,17
188,2025-03-31 00:32:41.879104,purchase,41,17
189,2025-03-31 01:27:41.879106,purchase,71,45
95,2025-03-31 10:24:41.879107,purchase,10,8
878,2025-03-31 06:04:41.879109,page_view,58,47
9,2025-03-31 21:16:41.879111,page_view,72,9
108,2025-03-31 19:33:41.879113,add_to_cart,53,42
439,2025-03-31 02:07:41.879114,purchase,33,46
451,2025-03-31 23:01:41.879116,page_view,93,25
400,2025-03-31 12:46:41.879118,purchase,63,12
218,2025-03-31 02:15:41.879119,page_view,78,33
675,2025-03-31 04:03:41.879121,add_to_cart,72,30
443,2025-03-31 15:29:41.879123,add_to_cart,45,23
784,2025-03-31 22:14:41.879124,purchase,88,2
114,2025-03-31 06:21:41.879126,purchase,16,50
299,2025-03-31 08:52:41.879128,purchase,17,35
370,2025-03-31 09:14:41.879129,page_view,58,43
770,2025-03-31 02:39:41.879131,page_view,88,8
345,2025-03-31 18:04:41.879133,purchase,85,38
540,2025-03-31 07:39:41.879135,add_to_cart,92,2
1000,2025-03-31 12:59:41.879136,page_view,67,29
903,2025-03-31 06:19:41.879138,purchase,9,43
259,2025-03-31 02:17:41.879140,purchase,65,19
640,2025-03-31 18:26:41.879142,add_to_cart,24,15
448,2025-03-31 22:31:41.879143,purchase,78,6
605,2025-03-31 20:23:41.879145,purchase,47,35
411,2025-03-31 13:14:41.879147,purchase,26,44
956,2025-03-31 01:33:41.879149,add_to_cart,82,41
394,2025-03-31 16:56:41.879150,page_view,84,26
73,2025-03-31 16:35:41.879152,purchase,80,41
404,2025-03-31 19:13:41.879154,page_view,29,48
833,2025-03-31 22:10:41.879155,page_view,64,29
337,2025-03-31 07:08:41.879157,page_view,48,1
363,2025-03-31 20:10:41.879159,purchase,67,22
158,2025-03-31 01:09:41.879161,purchase,78,37
451,2025-03-31 00:53:41.879162,add_to_cart,93,4
85,2025-03-31 09:31:41.879164,add_to_cart,10,50
330,2025-03-31 03:37:41.879166,page_view,57,35
127,2025-03-31 12:28:41.879168,page_view,33,20
574,2025-03-31 06:41:41.879169,purchase,31,48
389,2025-03-31 23:56:41.879171,purchase,89,40
885,2025-03-31 13:42:41.879173,add_to_cart,11,40
226,2025-03-31 10:43:41.879175,page_view,76,11
244,2025-03-31 17:35:41.879176,add_to_cart,89,1
645,2025-03-31 14:22:41.879178,page_view,58,14
80,2025-03-31 09:17:41.879180,add_to_cart,52,19
76,2025-03-31 21:03:41.879181,purchase,58,2
858,2025-03-31 19:50:41.879183,purchase,64,39
927,2025-03-31 13:01:41.879185,page_view,97,17
66,2025-03-31 10:25:41.879187,purchase,5,12
112,2025-03-31 19:19:41.879188,page_view,67,11
927,2025-03-31 15:01:41.879190,purchase,41,36
156,2025-03-31 05:08:41.879192,purchase,2,30
548,2025-03-31 00:21:41.879194,purchase,74,16
419,2025-03-31 12:33:41.879195,page_view,97,20
543,2025-03-31 07:30:41.879197,page_view,95,31
98,2025-03-31 04:57:41.879199,page_view,17,22
977,2025-03-31 15:50:41.879200,page_view,93,41
471,2025-03-31 11:29:41.879202,page_view,5,4
107,2025-03-31 13:53:41.879204,page_view,39,39
968,2025-04-01 00:04:41.879205,add_to_cart,80,47
964,2025-03-31 23:38:41.879207,add_to_cart,29,2
856,2025-03-31 07:03:41.879209,add_to_cart,1,14
133,2025-03-31 20:39:41.879210,purchase,85,43
512,2025-03-31 03:12:41.879212,add_to_cart,66,48
711,2025-03-31 20:50:41.879214,purchase,58,27
564,2025-03-31 14:13:41.879216,page_view,36,33
852,2025-03-31 22:19:41.879217,purchase,1,32
183,2025-03-31 20:10:41.879219,page_view,30,41
984,2025-03-31 21:57:41.879221,add_to_cart,68,37
232,2025-03-31 00:48:41.879222,purchase,22,13
469,2025-03-31 08:05:41.879224,add_to_cart,45,50
320,2025-03-31 02:14:41.879226,add_to_cart,60,1
892,2025-03-31 23:52:41.879228,page_view,92,2
716,2025-03-31 19:23:41.879229,page_view,100,9
1,2025-03-31 17:36:41.879231,add_to_cart,14,20
945,2025-03-31 03:46:41.879233,add_to_cart,82,16
601,2025-03-31 09:41:41.879235,page_view,72,31
652,2025-03-31 15:14:41.879236,page_view,35,28
528,2025-03-31 22:42:41.879238,page_view,74,50
488,2025-03-31 07:34:41.879240,add_to_cart,12,34
832,2025-03-31 20:43:41.879241,add_to_cart,95,43
150,2025-03-31 03:11:41.879243,page_view,8,24
954,2025-03-31 11:55:41.879245,purchase,82,50
446,2025-03-31 23:36:41.879247,add_to_cart,16,44
815,2025-03-31 14:25:41.879248,purchase,4,47
149,2025-03-31 11:39:41.879250,page_view,45,18
807,2025-03-31 14:27:41.879252,purchase,84,38
620,2025-03-31 07:04:41.879253,add_to_cart,69,35
699,2025-03-31 21:32:41.879255,add_to_cart,12,36
277,2025-03-31 10:43:41.879257,page_view,70,37
230,2025-03-31 08:17:41.879258,purchase,32,18
84,2025-03-31 21:31:41.879260,add_to_cart,83,31
179,2025-03-31 05:14:41.879262,page_view,55,36
750,2025-03-31 15:03:41.879263,add_to_cart,36,6
702,2025-03-31 10:46:41.879265,add_to_cart,87,7
376,2025-03-31 20:11:41.879267,purchase,73,21
986,2025-03-31 00:22:41.879268,purchase,43,18
142,2025-03-31 22:03:41.879270,page_view,94,18
846,2025-03-31 17:11:41.879272,purchase,47,35
238,2025-03-31 12:35:41.879273,purchase,98,20
753,2025-03-31 13:16:41.879275,add_to_cart,87,33
340,2025-03-31 09:20:41.879277,purchase,82,48
30,2025-03-31 10:52:41.879278,page_view,80,24
354,2025-03-31 00:39:41.879280,purchase,9,48
156,2025-03-31 18:40:41.879282,add_to_cart,33,11
784,2025-03-31 16:13:41.879283,add_to_cart,51,47
532,2025-03-31 06:32:41.879285,page_view,47,37
405,2025-03-31 01:28:41.879287,purchase,15,21
538,2025-03-31 18:41:41.879289,add_to_cart,23,16
841,2025-03-31 02:27:41.879290,add_to_cart,9,12
596,2025-03-31 16:01:41.879292,page_view,79,15
541,2025-03-31 04:35:41.879294,purchase,7,9
406,2025-03-31 08:28:41.879295,add_to_cart,2,13
243,2025-03-31 18:44:41.879297,purchase,23,33
902,2025-03-31 12:39:41.879299,add_to_cart,68,28
382,2025-03-31 18:48:41.879301,purchase,44,46
526,2025-03-31 23:52:41.879302,purchase,98,25
159,2025-03-31 09:42:41.879304,add_to_cart,56,46
89,2025-03-31 06:08:41.879306,add_to_cart,65,4
269,2025-03-31 19:43:41.879308,purchase,77,39
854,2025-03-31 21:11:41.879309,page_view,77,8
478,2025-03-31 23:01:41.879311,purchase,44,39
727,2025-03-31 16:38:41.879313,page_view,77,6
864,2025-03-31 21:40:41.879314,purchase,97,42
946,2025-03-31 10:03:41.879316,page_view,17,21
127,2025-03-31 03:51:41.879318,purchase,24,34
403,2025-03-31 18:07:41.879319,page_view,45,18
64,2025-03-31 08:23:41.879321,page_view,83,2
122,2025-03-31 15:29:41.879323,page_view,25,13
717,2025-03-31 09:42:41.879324,purchase,11,13
970,2025-03-31 04:04:41.879326,add_to_cart,36,11
656,2025-03-31 04:05:41.879327,page_view,87,12
646,2025-03-31 05:01:41.879329,page_view,16,46
686,2025-03-31 09:14:41.879331,page_view,42,28
813,2025-03-31 08:56:41.879332,purchase,64,22
561,2025-03-31 09:44:41.879334,purchase,70,8
648,2025-03-31 16:46:41.879336,page_view,4,35
498,2025-03-31 17:30:41.879337,page_view,5,27
211,2025-03-31 13:53:41.879339,add_to_cart,33,33
254,2025-03-31 05:32:41.879341,purchase,73,1
302,2025-03-31 13:18:41.879342,add_to_cart,35,49
619,2025-03-31 14:22:41.879344,add_to_cart,35,37
164,2025-03-31 22:04:41.879346,purchase,77,23
856,2025-03-31 18:27:41.879348,add_to_cart,8,35
803,2025-03-31 11:44:41.879349,add_to_cart,94,29
23,2025-03-31 04:12:41.879351,page_view,24,11
175,2025-03-31 03:59:41.879353,purchase,30,44
219,2025-03-31 15:06:41.879355,add_to_cart,77,20
987,2025-03-31 18:07:41.879356,add_to_cart,52,35
258,2025-03-31 10:58:41.879358,purchase,78,17
181,2025-03-31 21:41:41.879360,page_view,77,33
380,2025-03-31 11:53:41.879361,add_to_cart,1,33
797,2025-03-31 20:32:41.879363,add_to_cart,29,40
586,2025-03-31 18:18:41.879365,page_view,3,44
461,2025-03-31 00:32:41.879366,purchase,86,9
264,2025-03-31 20:23:41.879368,purchase,77,9
427,2025-03-31 07:34:41.879370,purchase,24,26
263,2025-03-31 17:47:41.879371,add_to_cart,73,16
519,2025-03-31 17:51:41.879373,page_view,70,42
308,2025-03-31 15:58:41.879375,purchase,50,29
959,2025-03-31 17:04:41.879376,purchase,95,13
391,2025-03-31 23:58:41.879378,page_view,49,31
260,2025-03-31 21:16:41.879380,purchase,17,15
455,2025-03-31 18:37:41.879382,add_to_cart,38,23
66,2025-03-31 23:30:41.879384,add_to_cart,95,23
86,2025-03-31 18:20:41.879385,purchase,47,4
558,2025-03-31 19:48:41.879387,page_view,83,33
236,2025-03-31 10:57:41.879389,page_view,70,28
936,2025-03-31 11:55:41.879391,page_view,70,27
236,2025-04-01 00:02:41.879393,purchase,47,30
963,2025-03-31 04:54:41.879394,page_view,81,33
552,2025-03-31 14:10:41.879396,page_view,10,2
61,2025-03-31 12:00:41.879398,page_view,56,49
733,2025-03-31 12:18:41.879400,page_view,66,49
682,2025-03-31 20:13:41.879401,purchase,48,40
626,2025-03-31 09:55:41.879403,purchase,71,16
629,2025-03-31 19:03:41.879405,page_view,81,15
909,2025-03-31 21:46:41.879407,page_view,21,28
472,2025-03-31 10:21:41.879408,add_to_cart,45,42
596,2025-03-31 23:14:41.879410,page_view,86,20
356,2025-03-31 11:19:41.879412,purchase,80,47
872,2025-03-31 01:42:41.879413,purchase,85,5
205,2025-03-31 15:54:41.879415,page_view,13,38
932,2025-03-31 02:28:41.879417,purchase,77,31
15,2025-03-31 00:35:41.879419,page_view,75,36
515,2025-03-31 21:22:41.879420,page_view,7,26
241,2025-03-31 16:17:41.879422,purchase,91,18
274,2025-03-31 00:52:41.879426,purchase,89,15
453,2025-03-31 20:44:41.879427,add_to_cart,60,12
60,2025-03-31 08:56:41.879429,purchase,76,17
348,2025-03-31 21:53:41.879431,page_view,83,11
569,2025-03-31 22:53:41.879432,page_view,40,32
835,2025-03-31 12:43:41.879434,page_view,65,24
271,2025-03-31 09:30:41.879436,purchase,62,46
840,2025-03-31 17:15:41.879438,page_view,76,29
718,2025-03-31 11:15:41.879440,add_to_cart,58,1
89,2025-03-31 15:04:41.879441,purchase,66,44
928,2025-03-31 11:18:41.879443,page_view,81,48
496,2025-03-31 17:34:41.879445,purchase,14,45
480,2025-03-31 11:27:41.879447,add_to_cart,82,50
633,2025-03-31 13:02:41.879449,add_to_cart,67,39
958,2025-03-31 22:46:41.879450,add_to_cart,34,21
779,2025-03-31 18:05:41.879452,add_to_cart,72,4
831,2025-03-31 00:32:41.879454,purchase,10,18
134,2025-03-31 02:53:41.879455,page_view,23,21
195,2025-03-31 19:12:41.879457,page_view,88,4
770,2025-03-31 18:55:41.879459,purchase,10,4
605,2025-03-31 19:43:41.879461,add_to_cart,70,50
190,2025-03-31 02:16:41.879462,page_view,13,2
528,2025-03-31 19:57:41.879464,add_to_cart,16,32
781,2025-03-31 16:06:41.879466,page_view,20,12
3,2025-03-31 15:25:41.879468,add_to_cart,33,41
845,2025-03-31 22:56:41.879469,page_view,35,13
481,2025-03-31 00:32:41.879471,page_view,74,48
261,2025-03-31 17:02:41.879473,add_to_cart,4,20
250,2025-03-31 11:04:41.879478,page_view,80,44
410,2025-03-31 09:36:41.879480,page_view,58,47
307,2025-03-31 02:05:41.879481,page_view,20,28
831,2025-03-31 16:00:41.879483,purchase,7,3
997,2025-03-31 21:04:41.879485,purchase,34,14
879,2025-03-31 00:13:41.879486,purchase,9,10
966,2025-03-31 06:44:41.879488,add_to_cart,26,35
281,2025-03-31 01:52:41.879490,purchase,49,46
101,2025-03-31 16:29:41.879491,page_view,54,8
621,2025-03-31 19:28:41.879493,purchase,68,26
614,2025-03-31 02:43:41.879495,page_view,66,32
891,2025-03-31 12:35:41.879497,purchase,75,5
70,2025-03-31 20:33:41.879498,add_to_cart,53,24
82,2025-03-31 05:41:41.879500,purchase,99,17
663,2025-03-31 08:00:41.879502,add_to_cart,42,8
868,2025-03-31 22:16:41.879504,add_to_cart,11,36
967,2025-03-31 21:18:41.879505,page_view,83,8
697,2025-03-31 15:43:41.879507,add_to_cart,72,3
461,2025-03-31 00:43:41.879509,add_to_cart,49,11
128,2025-03-31 23:56:41.879510,page_view,91,11
679,2025-03-31 05:43:41.879512,page_view,56,44
595,2025-03-31 16:23:41.879514,add_to_cart,39,39
904,2025-03-31 04:56:41.879515,purchase,14,19
835,2025-03-31 02:02:41.879517,page_view,21,31
453,2025-03-31 01:02:41.879519,page_view,8,29
904,2025-03-31 13:00:41.879520,purchase,48,28
735,2025-03-31 10:25:41.879522,purchase,11,25
136,2025-03-31 16:13:41.879524,purchase,89,27
467,2025-03-31 06:38:41.879525,purchase,97,44
273,2025-03-31 08:16:41.879527,purchase,46,41
854,2025-03-31 12:33:41.879529,page_view,82,34
705,2025-03-31 20:51:41.879531,purchase,63,22
729,2025-03-31 08:54:41.879532,add_to_cart,88,41
296,2025-03-31 03:14:41.879534,add_to_cart,23,19
987,2025-03-31 19:22:41.879536,add_to_cart,78,17
625,2025-03-31 10:20:41.879537,page_view,48,22
447,2025-03-31 03:00:41.879539,add_to_cart,65,5
961,2025-03-31 09:16:41.879541,purchase,30,18
799,2025-03-31 20:50:41.879543,page_view,51,8
156,2025-03-31 11:30:41.879544,purchase,55,11
997,2025-03-31 23:15:41.879546,add_to_cart,81,18
176,2025-03-31 13:56:41.879548,page_view,68,8
828,2025-03-31 20:28:41.879550,purchase,68,4
761,2025-03-31 14:46:41.879551,purchase,3,43
264,2025-03-31 09:38:41.879553,add_to_cart,78,40
233,2025-03-31 22:05:41.879555,purchase,59,20
583,2025-03-31 23:14:41.879556,page_view,100,24
743,2025-03-31 17:40:41.879558,purchase,95,12
698,2025-03-31 18:41:41.879560,purchase,15,18
897,2025-03-31 08:44:41.879562,purchase,4,13
723,2025-03-31 06:53:41.879563,page_view,21,22
453,2025-03-31 18:00:41.879565,purchase,23,49
678,2025-03-31 13:36:41.879567,page_view,3,39
211,2025-03-31 22:04:41.879569,purchase,76,14
2,2025-03-31 08:45:41.879570,add_to_cart,37,7
732,2025-03-31 03:27:41.879572,page_view,22,24
939,2025-03-31 04:38:41.879574,add_to_cart,55,35
971,2025-03-31 17:19:41.879575,purchase,98,37
250,2025-03-31 02:14:41.879577,page_view,29,50
533,2025-03-31 08:06:41.879579,add_to_cart,41,27
922,2025-03-31 05:20:41.879580,page_view,100,8
438,2025-03-31 10:50:41.879582,add_to_cart,96,34
880,2025-03-31 18:47:41.879584,purchase,62,42
660,2025-03-31 01:08:41.879586,add_to_cart,67,37
357,2025-03-31 17:05:41.879587,purchase,41,3
543,2025-03-31 03:08:41.879589,add_to_cart,50,32
427,2025-03-31 13:29:41.879591,add_to_cart,100,10
857,2025-03-31 21:39:41.879593,page_view,12,8
239,2025-03-31 04:42:41.879594,purchase,57,18
310,2025-03-31 06:24:41.879596,add_to_cart,95,38
55,2025-03-31 17:45:41.879598,add_to_cart,75,34
288,2025-03-31 16:13:41.879599,purchase,33,5
124,2025-03-31 22:07:41.879601,add_to_cart,62,32
716,2025-03-31 07:18:41.879603,page_view,44,2
446,2025-03-31 06:07:41.879604,page_view,33,32
366,2025-03-31 04:52:41.879606,add_to_cart,30,41
424,2025-03-31 23:26:41.879608,purchase,72,7
687,2025-03-31 14:03:41.879609,add_to_cart,40,6
730,2025-03-31 04:30:41.879611,purchase,40,30
422,2025-03-31 10:20:41.879613,page_view,52,39
251,2025-03-31 07:54:41.879614,add_to_cart,95,17
930,2025-03-31 03:31:41.879616,page_view,43,37
515,2025-03-31 08:51:41.879618,add_to_cart,53,30
635,2025-03-31 11:20:41.879620,purchase,28,4
531,2025-03-31 09:21:41.879621,add_to_cart,13,24
54,2025-03-31 05:00:41.879623,purchase,50,8
728,2025-03-31 13:24:41.879625,page_view,99,50
170,2025-03-31 21:42:41.879626,purchase,88,49
784,2025-03-31 07:54:41.879628,add_to_cart,40,49
553,2025-03-31 05:00:41.879630,purchase,48,33
379,2025-03-31 07:42:41.879631,page_view,94,22
454,2025-03-31 14:01:41.879633,purchase,59,2
663,2025-03-31 17:38:41.879635,add_to_cart,22,18
840,2025-03-31 07:16:41.879637,add_to_cart,19,13
927,2025-03-31 12:38:41.879638,add_to_cart,63,12
680,2025-03-31 19:36:41.879640,page_view,67,9
809,2025-03-31 12:37:41.879642,purchase,85,24
755,2025-03-31 04:54:41.879643,purchase,1,25
369,2025-03-31 21:52:41.879645,page_view,58,40
585,2025-03-31 13:01:41.879647,page_view,9,22
97,2025-03-31 04:51:41.879649,add_to_cart,24,21
687,2025-03-31 12:07:41.879650,add_to_cart,4,29
321,2025-03-31 13:59:41.879652,purchase,77,31
678,2025-03-31 04:38:41.879654,add_to_cart,74,7
308,2025-03-31 02:58:41.879656,page_view,66,10
630,2025-03-31 14:30:41.879657,add_to_cart,75,42
78,2025-03-31 11:56:41.879659,purchase,10,18
828,2025-03-31 03:13:41.879661,add_to_cart,2,5
814,2025-03-31 08:56:41.879662,purchase,39,47
30,2025-03-31 03:43:41.879664,page_view,99,30
298,2025-03-31 01:37:41.879666,purchase,63,31
72,2025-03-31 00:31:41.879667,purchase,82,10
122,2025-03-31 02:57:41.879669,page_view,77,37
751,2025-03-31 01:54:41.879671,add_to_cart,98,35
776,2025-03-31 07:46:41.879673,page_view,27,16
564,2025-03-31 09:10:41.879674,add_to_cart,29,1
576,2025-03-31 16:31:41.879676,page_view,63,23
416,2025-03-31 15:47:41.879678,add_to_cart,5,35
19,2025-03-31 02:08:41.879679,purchase,15,39
865,2025-03-31 03:30:41.879681,page_view,72,33
647,2025-03-31 18:17:41.879683,page_view,10,49
202,2025-03-31 01:41:41.879684,add_to_cart,28,16
493,2025-03-31 14:43:41.879686,add_to_cart,47,17
221,2025-03-31 18:51:41.879688,add_to_cart,59,17
504,2025-03-31 05:49:41.879690,add_to_cart,73,39
780,2025-03-31 18:03:41.879691,add_to_cart,9,13
364,2025-03-31 00:29:41.879693,add_to_cart,33,39
504,2025-03-31 21:38:41.879695,purchase,66,9
618,2025-03-31 15:44:41.879697,purchase,43,15
226,2025-03-31 15:33:41.879698,purchase,51,49
457,2025-03-31 09:38:41.879700,page_view,98,50
480,2025-03-31 04:31:41.879702,page_view,74,26
534,2025-03-31 22:36:41.879703,add_to_cart,74,35
272,2025-03-31 09:36:41.879705,page_view,76,49
573,2025-03-31 01:56:41.879707,purchase,25,33
489,2025-03-31 16:21:41.879709,add_to_cart,58,43
653,2025-03-31 15:16:41.879710,page_view,94,18
35,2025-04-01 00:01:41.879712,page_view,81,14
135,2025-03-31 05:49:41.879714,page_view,27,10
333,2025-03-31 10:01:41.879715,purchase,33,6
532,2025-03-31 14:58:41.879717,add_to_cart,31,42
234,2025-03-31 12:34:41.879719,purchase,5,16
378,2025-03-31 09:21:41.879720,page_view,11,34
978,2025-03-31 22:19:41.879723,purchase,66,31
760,2025-03-31 23:09:41.879724,purchase,90,50
389,2025-03-31 15:23:41.879726,add_to_cart,32,43
432,2025-03-31 23:47:41.879728,purchase,99,47
729,2025-03-31 02:20:41.879730,add_to_cart,54,43
316,2025-03-31 13:37:41.879731,purchase,58,3
218,2025-03-31 19:38:41.879733,page_view,80,36
807,2025-03-31 14:13:41.879737,page_view,34,3
39,2025-03-31 11:26:41.879739,purchase,68,14
250,2025-03-31 11:25:41.879741,add_to_cart,14,45
945,2025-03-31 04:13:41.879742,purchase,45,44
390,2025-03-31 23:20:41.879744,purchase,56,23
937,2025-03-31 11:24:41.879746,add_to_cart,1,6
186,2025-03-31 21:48:41.879748,purchase,24,37
91,2025-03-31 17:22:41.879749,page_view,69,16
670,2025-03-31 13:12:41.879751,add_to_cart,8,18
768,2025-03-31 16:29:41.879753,add_to_cart,75,40
471,2025-03-31 17:06:41.879754,purchase,59,32
952,2025-03-31 06:59:41.879756,add_to_cart,17,27
872,2025-03-31 06:59:41.879757,page_view,49,44
622,2025-03-31 07:34:41.879759,page_view,12,18
245,2025-03-31 14:41:41.879761,purchase,18,48
605,2025-03-31 16:43:41.879762,purchase,31,3
605,2025-03-31 15:29:41.879764,add_to_cart,15,41
961,2025-03-31 03:20:41.879766,page_view,37,41
567,2025-03-31 05:39:41.879768,add_to_cart,64,4
205,2025-03-31 00:24:41.879769,add_to_cart,72,26
273,2025-03-31 13:50:41.879771,add_to_cart,43,1
796,2025-03-31 01:00:41.879773,purchase,40,2
892,2025-03-31 06:03:41.879775,page_view,18,9
268,2025-03-31 19:04:41.879776,page_view,88,6
481,2025-03-31 16:16:41.879778,add_to_cart,78,23
509,2025-03-31 18:12:41.879780,page_view,39,24
675,2025-03-31 15:31:41.879781,page_view,43,1
255,2025-03-31 15:59:41.879783,purchase,76,2
996,2025-03-31 05:09:41.879785,page_view,13,7
169,2025-03-31 09:24:41.879786,purchase,20,1
751,2025-03-31 03:38:41.879788,add_to_cart,90,43
515,2025-03-31 05:55:41.879790,add_to_cart,1,48
625,2025-03-31 00:48:41.879791,add_to_cart,44,49
753,2025-03-31 22:09:41.879793,purchase,74,30
393,2025-03-31 06:30:41.879795,add_to_cart,33,6
847,2025-03-31 22:06:41.879797,page_view,60,22
446,2025-03-31 15:24:41.879798,add_to_cart,27,8
817,2025-03-31 21:20:41.879800,add_to_cart,34,6
826,2025-03-31 01:23:41.879801,page_view,32,18
19,2025-03-31 07:55:41.879803,add_to_cart,60,21
165,2025-03-31 18:59:41.879805,add_to_cart,31,35
27,2025-03-31 17:15:41.879807,page_view,57,45
354,2025-03-31 08:18:41.879808,page_view,16,33
705,2025-03-31 23:13:41.879810,add_to_cart,15,45
776,2025-03-31 14:38:41.879812,purchase,27,25
554,2025-03-31 08:16:41.879813,purchase,56,5
886,2025-03-31 04:31:41.879815,page_view,8,19
345,2025-03-31 19:47:41.879817,add_to_cart,86,39
273,2025-03-31 08:13:41.879818,page_view,57,46
883,2025-03-31 21:37:41.879820,purchase,13,37
279,2025-03-31 13:52:41.879822,page_view,26,11
297,2025-03-31 09:08:41.879823,purchase,92,49
821,2025-03-31 14:13:41.879825,add_to_cart,86,50
162,2025-03-31 19:58:41.879827,add_to_cart,57,8
64,2025-03-31 11:53:41.879829,purchase,13,18
933,2025-03-31 03:12:41.879830,purchase,62,42
140,2025-03-31 00:53:41.879832,add_to_cart,97,17
881,2025-03-31 09:49:41.879834,page_view,59,22
369,2025-03-31 05:01:41.879835,purchase,64,26
863,2025-03-31 04:27:41.879837,purchase,28,19
687,2025-03-31 22:13:41.879839,add_to_cart,12,22
908,2025-03-31 16:23:41.879840,add_to_cart,66,28
236,2025-03-31 07:59:41.879842,add_to_cart,92,32
313,2025-03-31 21:33:41.879844,page_view,81,39
511,2025-03-31 09:52:41.879845,purchase,73,15
410,2025-03-31 14:07:41.879847,add_to_cart,63,18
147,2025-03-31 22:14:41.879849,page_view,63,48
64,2025-03-31 00:23:41.879850,purchase,44,46
86,2025-03-31 16:05:41.879852,page_view,49,40
162,2025-03-31 02:17:41.879854,add_to_cart,80,30
384,2025-03-31 21:31:41.879855,purchase,5,31
856,2025-03-31 23:08:41.879857,add_to_cart,83,23
370,2025-03-31 12:33:41.879859,purchase,85,16
695,2025-03-31 08:27:41.879861,add_to_cart,44,9
92,2025-03-31 12:49:41.879862,page_view,93,20
698,2025-03-31 01:10:41.879864,add_to_cart,20,34
619,2025-03-31 12:09:41.879866,purchase,12,11
561,2025-03-31 03:49:41.879868,add_to_cart,15,47
830,2025-03-31 10:26:41.879869,page_view,82,38
93,2025-03-31 17:40:41.879871,purchase,18,41
902,2025-03-31 08:07:41.879873,add_to_cart,39,42
85,2025-03-31 16:57:41.879874,page_view,23,47
246,2025-03-31 03:05:41.879876,page_view,43,18
62,2025-03-31 23:23:41.879878,add_to_cart,38,40
723,2025-03-31 07:57:41.879880,purchase,64,33
159,2025-03-31 21:47:41.879881,page_view,65,47
525,2025-03-31 17:40:41.879883,add_to_cart,69,7
593,2025-03-31 10:27:41.879885,purchase,39,13
861,2025-03-31 06:33:41.879886,page_view,92,8
501,2025-03-31 23:57:41.879888,page_view,41,30
110,2025-03-31 08:12:41.879890,page_view,99,1
488,2025-03-31 09:27:41.879892,purchase,18,34
5,2025-03-31 07:10:41.879893,page_view,95,2
873,2025-03-31 17:57:41.879895,purchase,67,18
614,2025-03-31 03:35:41.879897,add_to_cart,35,48
314,2025-03-31 22:57:41.879898,purchase,94,17
238,2025-03-31 07:16:41.879900,page_view,47,42
914,2025-03-31 04:11:41.879902,add_to_cart,78,6
420,2025-03-31 08:25:41.879904,purchase,48,30
986,2025-03-31 19:20:41.879905,add_to_cart,4,4
309,2025-03-31 15:43:41.879907,page_view,61,21
860,2025-03-31 00:11:41.879909,add_to_cart,97,23
431,2025-03-31 07:51:41.879910,purchase,84,9
441,2025-03-31 12:45:41.879912,add_to_cart,70,31
110,2025-03-31 19:26:41.879914,purchase,39,45
603,2025-03-31 02:06:41.879915,add_to_cart,27,44
799,2025-03-31 04:45:41.879917,page_view,12,23
916,2025-03-31 22:43:41.879919,purchase,16,12
173,2025-03-31 11:01:41.879920,add_to_cart,17,22
708,2025-03-31 12:06:41.879922,purchase,78,19
409,2025-03-31 08:49:41.879924,page_view,100,20
982,2025-03-31 17:11:41.879925,purchase,15,27
755,2025-03-31 23:29:41.879927,page_view,22,1
608,2025-03-31 06:42:41.879929,page_view,85,4
532,2025-03-31 10:44:41.879930,page_view,33,8
485,2025-03-31 23:10:41.879932,add_to_cart,92,9
381,2025-03-31 05:45:41.879934,page_view,78,4
560,2025-03-31 18:50:41.879936,page_view,8,28
895,2025-03-31 22:11:41.879937,purchase,20,30
651,2025-03-31 04:13:41.879939,add_to_cart,97,32
789,2025-03-31 06:09:41.879941,page_view,75,29
203,2025-03-31 11:34:41.879942,page_view,39,19
689,2025-03-31 19:24:41.879944,page_view,20,7
529,2025-03-31 15:18:41.879946,page_view,55,18
323,2025-03-31 11:48:41.879948,page_view,72,11
304,2025-03-31 08:47:41.879949,add_to_cart,18,11
38,2025-03-31 09:35:41.879951,purchase,56,9
534,2025-03-31 14:54:41.879953,purchase,76,45
447,2025-03-31 05:21:41.879955,add_to_cart,53,32
372,2025-03-31 18:50:41.879956,add_to_cart,44,29
866,2025-03-31 18:51:41.879958,purchase,93,27
307,2025-03-31 14:21:41.879960,purchase,28,45
605,2025-03-31 07:00:41.879962,page_view,20,40
767,2025-03-31 23:53:41.879964,add_to_cart,2,19
241,2025-03-31 17:46:41.879965,add_to_cart,16,40
123,2025-03-31 00:14:41.879967,add_to_cart,53,32
948,2025-03-31 07:52:41.879969,page_view,73,18
597,2025-03-31 17:36:41.879970,page_view,18,11
698,2025-03-31 15:51:41.879972,purchase,100,33
430,2025-03-31 16:52:41.879974,page_view,75,39
48,2025-03-31 15:44:41.879975,add_to_cart,33,34
943,2025-03-31 13:11:41.879977,purchase,54,33
428,2025-03-31 07:40:41.879979,add_to_cart,78,49
306,2025-03-31 22:47:41.879981,add_to_cart,94,14
921,2025-03-31 11:22:41.879982,add_to_cart,26,36
815,2025-03-31 14:03:41.879984,add_to_cart,57,44
983,2025-03-31 09:27:41.879986,add_to_cart,9,25
652,2025-03-31 16:13:41.879987,purchase,69,30
393,2025-03-31 11:01:41.879989,page_view,89,39
264,2025-03-31 20:44:41.879991,page_view,76,47
355,2025-03-31 19:06:41.879992,add_to_cart,89,37
202,2025-03-31 07:27:41.879994,add_to_cart,40,28
480,2025-03-31 02:25:41.879996,add_to_cart,22,3
600,2025-03-31 23:36:41.879997,page_view,24,48
31,2025-03-31 00:20:41.879999,page_view,37,13
217,2025-03-31 19:21:41.880001,purchase,22,13
910,2025-03-31 19:33:41.880003,purchase,22,1
781,2025-03-31 04:19:41.880004,purchase,82,39
467,2025-03-31 20:07:41.880006,add_to_cart,53,22
793,2025-03-31 18:19:41.880008,page_view,7,20
165,2025-03-31 09:47:41.880010,purchase,36,45
315,2025-03-31 03:22:41.880011,add_to_cart,92,43
353,2025-03-31 19:35:41.880019,purchase,86,43
812,2025-03-31 13:20:41.880021,page_view,3,30
965,2025-03-31 19:49:41.880023,purchase,24,20
863,2025-03-31 23:42:41.880024,purchase,93,33
785,2025-03-31 07:39:41.880026,add_to_cart,6,28
788,2025-03-31 19:31:41.880028,add_to_cart,19,28
683,2025-03-31 22:06:41.880030,purchase,45,46
13,2025-03-31 19:05:41.880031,page_view,7,28
540,2025-03-31 01:15:41.880033,purchase,56,3
276,2025-03-31 05:19:41.880035,page_view,55,31
351,2025-03-31 04:07:41.880037,purchase,49,43
872,2025-03-31 04:57:41.880038,purchase,96,40
350,2025-03-31 23:55:41.880040,page_view,17,45
687,2025-03-31 11:37:41.880041,page_view,20,19
898,2025-03-31 19:56:41.880043,add_to_cart,7,27
320,2025-03-31 00:08:41.880045,purchase,57,28
99,2025-03-31 16:29:41.880047,page_view,31,7
983,2025-03-31 15:44:41.880048,purchase,93,49
116,2025-03-31 02:03:41.880050,add_to_cart,57,1
287,2025-03-31 00:16:41.880052,page_view,97,31
976,2025-03-31 12:14:41.880053,purchase,67,6
494,2025-03-31 04:25:41.880055,add_to_cart,85,41
243,2025-03-31 07:10:41.880057,page_view,15,28
231,2025-03-31 05:49:41.880058,purchase,47,18
171,2025-03-31 02:33:41.880060,add_to_cart,95,28
370,2025-03-31 16:18:41.880062,purchase,87,26
738,2025-03-31 08:04:41.880063,add_to_cart,99,40
590,2025-03-31 22:45:41.880065,purchase,49,6
715,2025-03-31 01:03:41.880067,page_view,39,4
116,2025-03-31 20:58:41.880069,add_to_cart,5,49
939,2025-03-31 13:05:41.880070,page_view,90,21
65,2025-03-31 13:05:41.880072,page_view,96,31
574,2025-03-31 21:09:41.880074,page_view,36,32
974,2025-03-31 23:41:41.880075,purchase,49,24
467,2025-03-31 05:10:41.880077,purchase,70,30
849,2025-03-31 19:30:41.880079,purchase,89,47
835,2025-03-31 06:42:41.880080,purchase,23,9
979,2025-03-31 09:04:41.880082,page_view,89,29
497,2025-03-31 21:57:41.880084,add_to_cart,89,27
834,2025-03-31 06:19:41.880086,purchase,71,20
97,2025-03-31 22:57:41.880087,page_view,93,10
13,2025-03-31 02:09:41.880089,purchase,94,2
967,2025-03-31 22:30:41.880091,page_view,78,48
302,2025-04-01 00:00:41.880092,add_to_cart,63,16
616,2025-03-31 18:25:41.880094,add_to_cart,43,22
924,2025-03-31 07:58:41.880096,add_to_cart,43,45
908,2025-03-31 03:15:41.880097,page_view,73,9
635,2025-03-31 05:20:41.880099,add_to_cart,99,10
467,2025-03-31 16:24:41.880101,page_view,68,50
412,2025-03-31 23:44:41.880103,purchase,52,12
425,2025-03-31 17:57:41.880104,add_to_cart,90,33
356,2025-03-31 02:39:41.880106,page_view,36,49
104,2025-03-31 22:58:41.880110,page_view,26,20
713,2025-03-31 03:27:41.880112,page_view,100,46
604,2025-03-31 16:58:41.880114,page_view,49,29
638,2025-03-31 08:02:41.880115,purchase,81,16
241,2025-03-31 07:04:41.880117,page_view,11,25
316,2025-03-31 13:31:41.880118,page_view,65,11
306,2025-03-31 01:10:41.880120,page_view,41,46
991,2025-03-31 03:18:41.880122,page_view,81,40
660,2025-03-31 19:33:41.880124,purchase,6,19
234,2025-03-31 03:46:41.880125,purchase,72,3
112,2025-03-31 04:07:41.880127,page_view,28,48
332,2025-03-31 15:47:41.880129,add_to_cart,89,16
445,2025-03-31 05:52:41.880130,purchase,54,26
901,2025-03-31 15:00:41.880132,add_to_cart,53,50
546,2025-03-31 00:59:41.880134,add_to_cart,77,37
879,2025-03-31 07:36:41.880135,page_view,57,34
303,2025-03-31 05:53:41.880137,page_view,93,33
894,2025-03-31 02:28:41.880139,purchase,99,43
222,2025-03-31 21:27:41.880141,add_to_cart,78,13
385,2025-03-31 10:05:41.880142,page_view,89,25
251,2025-03-31 18:23:41.880144,purchase,52,26
61,2025-03-31 01:37:41.880146,page_view,57,32
119,2025-03-31 07:49:41.880147,page_view,86,33
353,2025-03-31 08:59:41.880149,add_to_cart,80,26
149,2025-03-31 10:34:41.880151,purchase,80,44
972,2025-03-31 17:10:41.880152,page_view,68,13
901,2025-03-31 05:47:41.880154,add_to_cart,4,48
778,2025-03-31 18:25:41.880156,page_view,29,13
603,2025-03-31 06:16:41.880157,purchase,64,20
778,2025-03-31 05:48:41.880159,page_view,68,24
48,2025-03-31 09:03:41.880161,purchase,27,20
336,2025-03-31 02:36:41.880163,add_to_cart,14,48
436,2025-03-31 06:57:41.880164,purchase,32,36
249,2025-03-31 15:27:41.880166,purchase,52,4
328,2025-03-31 14:36:41.880167,add_to_cart,78,49
773,2025-03-31 23:05:41.880169,add_to_cart,87,50
261,2025-03-31 00:18:41.880171,page_view,43,46
723,2025-03-31 10:45:41.880172,page_view,85,27
929,2025-03-31 08:15:41.880174,page_view,35,43
15,2025-03-31 17:23:41.880176,page_view,12,17
875,2025-03-31 04:01:41.880177,add_to_cart,100,15
718,2025-03-31 12:33:41.880179,add_to_cart,58,16
570,2025-03-31 07:42:41.880181,page_view,91,46
917,2025-03-31 19:58:41.880183,purchase,66,33
893,2025-03-31 08:46:41.880184,purchase,60,19
919,2025-03-31 02:09:41.880186,page_view,83,44
993,2025-03-31 22:40:41.880187,add_to_cart,56,31
88,2025-03-31 09:34:41.880189,page_view,3,31
690,2025-03-31 09:23:41.880191,page_view,83,4
586,2025-03-31 22:05:41.880193,page_view,1,16
138,2025-03-31 23:53:41.880194,add_to_cart,66,48
943,2025-03-31 01:54:41.880196,purchase,19,5
406,2025-03-31 04:20:41.880198,purchase,40,26
268,2025-03-31 20:27:41.880199,purchase,96,2
76,2025-03-31 19:11:41.880201,purchase,16,32
851,2025-03-31 14:13:41.880203,purchase,95,37
835,2025-03-31 14:12:41.880204,page_view,94,39
240,2025-03-31 01:17:41.880206,page_view,14,43
222,2025-03-31 03:23:41.880208,add_to_cart,67,47
911,2025-03-31 01:20:41.880209,add_to_cart,68,4
785,2025-03-31 01:35:41.880211,purchase,2,3
248,2025-03-31 16:23:41.880212,add_to_cart,22,17
481,2025-03-31 12:15:41.880214,add_to_cart,75,32
244,2025-03-31 18:12:41.880216,purchase,100,40
181,2025-03-31 11:48:41.880218,page_view,23,1
152,2025-03-31 09:58:41.880219,purchase,14,46
665,2025-03-31 05:15:41.880221,add_to_cart,7,47
60,2025-03-31 20:38:41.880223,page_view,97,36
873,2025-03-31 06:32:41.880224,page_view,72,14
185,2025-03-31 10:41:41.880226,purchase,93,22
327,2025-03-31 03:29:41.880227,page_view,8,33
951,2025-03-31 10:56:41.880229,page_view,44,2
359,2025-03-31 08:59:41.880231,purchase,12,16
10,2025-03-31 19:36:41.880233,page_view,61,21
655,2025-03-31 14:14:41.880234,add_to_cart,34,36
415,2025-03-31 13:04:41.880236,page_view,15,13
26,2025-03-31 22:25:41.880238,add_to_cart,93,35
386,2025-03-31 07:17:41.880239,purchase,89,50
474,2025-03-31 05:49:41.880241,add_to_cart,17,28
696,2025-03-31 07:48:41.880242,page_view,39,33
892,2025-03-31 02:13:41.880244,page_view,60,48
409,2025-03-31 10:51:41.880246,purchase,30,43
448,2025-03-31 08:52:41.880248,page_view,32,30
609,2025-03-31 07:58:41.880249,add_to_cart,58,13
579,2025-03-31 19:33:41.880251,page_view,32,8
227,2025-03-31 03:15:41.880253,add_to_cart,100,44
469,2025-03-31 07:56:41.880254,page_view,27,39
760,2025-03-31 17:38:41.880256,purchase,69,10
655,2025-03-31 19:19:41.880258,purchase,22,33
560,2025-03-31 01:34:41.880259,purchase,88,19
293,2025-03-31 14:29:41.880261,purchase,39,40
225,2025-03-31 19:36:41.880263,purchase,15,4
654,2025-03-31 03:29:41.880264,add_to_cart,14,45
971,2025-03-31 09:35:41.880266,add_to_cart,51,14
213,2025-03-31 17:01:41.880268,add_to_cart,20,37
33,2025-03-31 05:36:41.880269,page_view,67,44
291,2025-03-31 04:32:41.880271,purchase,89,45
402,2025-03-31 05:15:41.880273,page_view,80,25
106,2025-03-31 18:19:41.880275,page_view,46,20
716,2025-03-31 20:25:41.880276,add_to_cart,44,4
331,2025-03-31 02:49:41.880278,add_to_cart,88,12
49,2025-03-31 15:07:41.880280,page_view,62,34
501,2025-03-31 18:04:41.880282,page_view,93,45
898,2025-03-31 11:27:41.880283,add_to_cart,15,9
565,2025-03-31 00:25:41.880285,add_to_cart,78,36
579,2025-03-31 05:33:41.880286,page_view,75,4
211,2025-03-31 03:57:41.880288,page_view,91,23
483,2025-03-31 11:44:41.880290,page_view,99,21
159,2025-03-31 11:36:41.880291,page_view,51,9
340,2025-03-31 07:19:41.880293,purchase,9,39
303,2025-03-31 16:42:41.880295,add_to_cart,52,28
98,2025-03-31 23:37:41.880296,purchase,34,45
212,2025-03-31 09:33:41.880298,page_view,60,19
34,2025-03-31 00:50:41.880300,add_to_cart,80,12
506,2025-03-31 11:34:41.880301,page_view,86,28
725,2025-03-31 13:52:41.880303,add_to_cart,77,29
413,2025-03-31 04:51:41.880305,add_to_cart,83,37
740,2025-03-31 05:51:41.880307,purchase,44,15
249,2025-03-31 19:22:41.880308,add_to_cart,62,39
275,2025-03-31 03:44:41.880310,page_view,47,11
845,2025-03-31 06:23:41.880312,purchase,31,10
345,2025-03-31 15:51:41.880313,purchase,92,45
494,2025-03-31 18:48:41.880315,add_to_cart,5,45
989,2025-03-31 21:14:41.880316,add_to_cart,3,40
833,2025-03-31 04:12:41.880318,page_view,44,24
209,2025-03-31 14:34:41.880320,purchase,44,23
916,2025-03-31 02:30:41.880321,add_to_cart,81,27
519,2025-03-31 19:23:41.880323,purchase,65,10
748,2025-03-31 00:42:41.880325,page_view,33,19
243,2025-03-31 18:38:41.880327,page_view,63,45
744,2025-03-31 09:53:41.880328,add_to_cart,1,15
434,2025-03-31 04:45:41.880334,page_view,28,45
633,2025-03-31 05:25:41.880335,purchase,19,9
42,2025-03-31 16:08:41.880337,page_view,100,15
979,2025-03-31 04:13:41.880339,page_view,75,16
718,2025-03-31 08:41:41.880340,purchase,67,28
404,2025-03-31 02:51:41.880342,purchase,98,34
378,2025-03-31 03:57:41.880344,page_view,92,24
837,2025-03-31 23:50:41.880346,page_view,62,50
728,2025-03-31 14:40:41.880347,add_to_cart,34,45
127,2025-03-31 23:12:41.880349,page_view,49,25
521,2025-03-31 18:56:41.880351,purchase,59,44
989,2025-03-31 19:25:41.880352,purchase,31,7
610,2025-03-31 10:34:41.880354,purchase,32,50
565,2025-03-31 14:15:41.880356,page_view,2,5
951,2025-03-31 10:09:41.880357,add_to_cart,36,7
110,2025-03-31 02:14:41.880359,page_view,30,17
999,2025-03-31 07:11:41.880361,page_view,68,46
722,2025-03-31 07:13:41.880363,purchase,76,2
89,2025-03-31 02:24:41.880364,purchase,54,17
634,2025-03-31 08:58:41.880366,add_to_cart,34,27
66,2025-03-31 01:13:41.880368,add_to_cart,54,27
829,2025-03-31 04:41:41.880370,add_to_cart,38,9
710,2025-03-31 02:09:41.880371,purchase,39,38
831,2025-03-31 11:28:41.880373,purchase,96,46
30,2025-03-31 02:50:41.880374,add_to_cart,52,7
687,2025-03-31 20:24:41.880376,add_to_cart,78,28
841,2025-03-31 07:28:41.880378,page_view,98,18
427,2025-03-31 06:59:41.880379,page_view,67,47
491,2025-03-31 19:17:41.880381,add_to_cart,38,6
148,2025-03-31 04:51:41.880383,page_view,73,34
52,2025-03-31 12:04:41.880384,page_view,17,44
368,2025-03-31 01:45:41.880386,page_view,67,22
489,2025-03-31 05:26:41.880388,purchase,90,45
454,2025-03-31 20:25:41.880389,page_view,91,25
803,2025-03-31 03:28:41.880391,page_view,51,34
584,2025-03-31 12:12:41.880393,add_to_cart,19,7
731,2025-03-31 11:11:41.880394,page_view,69,25
681,2025-03-31 21:11:41.880396,purchase,16,1
312,2025-03-31 16:37:41.880398,purchase,91,41
405,2025-03-31 15:40:41.880399,page_view,65,31
69,2025-03-31 15:38:41.880401,add_to_cart,83,38
255,2025-03-31 22:05:41.880403,purchase,6,3
335,2025-03-31 06:13:41.880404,page_view,46,15
223,2025-03-31 03:41:41.880406,purchase,20,8
767,2025-03-31 13:42:41.880408,add_to_cart,64,41
100,2025-03-31 05:09:41.880409,add_to_cart,33,13
480,2025-03-31 05:15:41.880411,add_to_cart,50,27
624,2025-03-31 13:05:41.880413,page_view,20,1
985,2025-03-31 12:33:41.880414,add_to_cart,46,8
262,2025-03-31 14:43:41.880416,purchase,72,19
970,2025-03-31 13:16:41.880418,purchase,4,34
207,2025-03-31 11:01:41.880420,purchase,80,13
90,2025-03-31 08:50:41.880421,purchase,43,8
310,2025-03-31 10:46:41.880423,page_view,95,9
997,2025-03-31 11:41:41.880425,add_to_cart,42,31
158,2025-03-31 13:52:41.880427,add_to_cart,45,39
342,2025-03-31 18:50:41.880428,page_view,74,23
876,2025-03-31 15:00:41.880430,add_to_cart,6,7
243,2025-03-31 06:45:41.880431,purchase,87,39
873,2025-03-31 13:26:41.880433,page_view,1,18
451,2025-03-31 11:31:41.880435,purchase,66,45
366,2025-03-31 18:05:41.880437,add_to_cart,97,40
84,2025-03-31 20:43:41.880438,add_to_cart,8,7
839,2025-03-31 13:04:41.880440,purchase,25,19
315,2025-03-31 10:55:41.880442,page_view,56,41
216,2025-03-31 14:00:41.880443,page_view,15,21
834,2025-03-31 18:10:41.880445,page_view,54,8
269,2025-03-31 15:15:41.880447,page_view,71,13
670,2025-03-31 07:54:41.880448,add_to_cart,44,18
736,2025-03-31 21:35:41.880450,page_view,77,21
683,2025-03-31 03:34:41.880452,page_view,38,30
970,2025-03-31 16:27:41.880454,add_to_cart,18,25
559,2025-03-31 02:26:41.880455,add_to_cart,10,5
678,2025-03-31 09:50:41.880457,purchase,48,25
325,2025-03-31 14:02:41.880459,page_view,62,20
404,2025-03-31 14:24:41.880461,purchase,78,18
225,2025-03-31 12:11:41.880462,add_to_cart,20,28
564,2025-03-31 11:47:41.880464,page_view,47,9
468,2025-03-31 10:29:41.880466,page_view,87,41
491,2025-03-31 02:33:41.880467,add_to_cart,18,10
414,2025-03-31 00:21:41.880469,add_to_cart,70,19
336,2025-03-31 18:26:41.880471,page_view,89,23
229,2025-03-31 17:00:41.880472,purchase,31,17
808,2025-03-31 20:06:41.880474,add_to_cart,45,15
958,2025-03-31 22:05:41.880476,add_to_cart,96,16
886,2025-03-31 06:25:41.880478,purchase,72,4
122,2025-03-31 16:51:41.880480,add_to_cart,83,7
95,2025-03-31 14:30:41.880482,add_to_cart,9,10
584,2025-03-31 22:48:41.880483,purchase,58,21
771,2025-03-31 18:17:41.880485,add_to_cart,85,16
130,2025-03-31 20:26:41.880487,add_to_cart,85,16
969,2025-03-31 09:37:41.880489,purchase,57,46
72,2025-03-31 01:47:41.880490,purchase,90,38
857,2025-03-31 09:08:41.880492,add_to_cart,69,11
48,2025-03-31 00:48:41.880494,purchase,88,29
51,2025-03-31 23:17:41.880495,page_view,90,27
556,2025-03-31 23:32:41.880497,page_view,70,47
96,2025-03-31 12:06:41.880499,purchase,65,14
624,2025-03-31 16:57:41.880501,page_view,34,36
617,2025-03-31 06:28:41.880502,page_view,61,48
523,2025-03-31 22:15:41.880504,purchase,18,38
402,2025-03-31 18:16:41.880506,add_to_cart,81,42
805,2025-03-31 21:56:41.880507,add_to_cart,70,49
192,2025-03-31 17:16:41.880509,purchase,85,44
985,2025-03-31 03:34:41.880511,add_to_cart,37,37
595,2025-03-31 10:04:41.880513,page_view,12,1
735,2025-03-31 08:51:41.880514,purchase,20,4
975,2025-03-31 20:34:41.880516,purchase,43,44
477,2025-03-31 17:05:41.880518,page_view,58,38
371,2025-03-31 04:11:41.880519,purchase,21,30
862,2025-03-31 12:11:41.880521,page_view,69,9
237,2025-03-31 06:42:41.880523,add_to_cart,1,34
871,2025-03-31 04:54:41.880524,page_view,30,38
926,2025-03-31 04:15:41.880526,purchase,31,12
754,2025-03-31 05:07:41.880528,purchase,91,19
310,2025-03-31 23:12:41.880529,page_view,43,1
289,2025-03-31 23:15:41.880531,add_to_cart,10,48
665,2025-03-31 00:58:41.880533,purchase,77,28
709,2025-03-31 17:39:41.880534,purchase,65,20
524,2025-03-31 22:33:41.880536,purchase,100,16
412,2025-03-31 15:51:41.880538,page_view,87,10
533,2025-03-31 05:02:41.880539,add_to_cart,10,33
627,2025-03-31 07:44:41.880541,page_view,83,13
365,2025-03-31 04:14:41.880543,purchase,41,41
651,2025-03-31 09:41:41.880544,page_view,50,19
408,2025-03-31 19:20:41.880546,page_view,65,5
928,2025-03-31 19:04:41.880548,purchase,87,20
420,2025-03-31 14:25:41.880549,page_view,21,19
559,2025-03-31 14:05:41.880554,add_to_cart,16,30
647,2025-03-31 14:11:41.880556,purchase,31,20
219,2025-03-31 08:52:41.880558,add_to_cart,58,29
9,2025-03-31 21:41:41.880559,purchase,43,23
156,2025-03-31 04:51:41.880561,page_view,75,35
890,2025-03-31 10:29:41.880563,add_to_cart,51,41
974,2025-03-31 00:21:41.880565,page_view,30,9
279,2025-03-31 06:05:41.880566,purchase,74,12
323,2025-03-31 16:05:41.880568,purchase,9,9
155,2025-03-31 08:32:41.880570,add_to_cart,39,14
381,2025-03-31 13:18:41.880571,page_view,41,14
343,2025-03-31 12:27:41.880573,purchase,74,20
186,2025-03-31 02:41:41.880575,add_to_cart,28,18
906,2025-03-31 21:42:41.880576,page_view,57,9
78,2025-03-31 20:13:41.880581,purchase,21,24
551,2025-03-31 20:20:41.880583,add_to_cart,82,45
714,2025-03-31 10:38:41.880585,purchase,32,43
424,2025-03-31 18:18:41.880587,add_to_cart,66,44
3,2025-03-31 07:05:41.880588,page_view,55,47
954,2025-03-31 20:35:41.880590,add_to_cart,55,4
709,2025-03-31 06:19:41.880592,add_to_cart,22,5
922,2025-03-31 04:12:41.880593,page_view,97,36
985,2025-03-31 15:47:41.880595,page_view,59,27
812,2025-03-31 05:18:41.880597,purchase,17,37
287,2025-03-31 06:42:41.880598,purchase,69,23
557,2025-03-31 19:26:41.880600,page_view,29,42
8,2025-03-31 13:32:41.880602,page_view,73,24
248,2025-03-31 03:39:41.880603,purchase,99,30
523,2025-03-31 20:16:41.880605,purchase,37,29
344,2025-03-31 17:59:41.880609,add_to_cart,87,40
130,2025-03-31 07:52:41.880610,add_to_cart,85,11
908,2025-03-31 09:15:41.880612,purchase,96,31
964,2025-03-31 11:44:41.880614,purchase,5,1
412,2025-03-31 13:30:41.880616,page_view,17,10
45,2025-03-31 14:37:41.880618,purchase,58,42
697,2025-03-31 16:00:41.880619,purchase,95,16
804,2025-03-31 13:38:41.880621,add_to_cart,24,4
12,2025-03-31 22:01:41.880623,purchase,70,26
5,2025-03-31 22:20:41.880624,add_to_cart,76,49
322,2025-03-31 11:07:41.880626,page_view,23,13
93,2025-03-31 01:00:41.880628,add_to_cart,64,49
297,2025-03-31 12:52:41.880630,page_view,81,36
891,2025-03-31 22:03:41.880631,purchase,25,20
307,2025-03-31 07:13:41.880633,purchase,38,21
310,2025-03-31 17:20:41.880635,add_to_cart,53,4
169,2025-03-31 23:26:41.880636,page_view,88,43
669,2025-03-31 00:14:41.880638,page_view,26,12
365,2025-03-31 16:04:41.880640,add_to_cart,45,21
662,2025-03-31 12:45:41.880641,add_to_cart,16,8
785,2025-03-31 17:31:41.880643,add_to_cart,22,41
170,2025-03-31 02:47:41.880645,purchase,51,45
952,2025-03-31 08:56:41.880646,purchase,7,20
771,2025-03-31 00:34:41.880648,page_view,56,15
600,2025-03-31 23:56:41.880650,add_to_cart,48,18
286,2025-03-31 17:22:41.880651,purchase,50,21
894,2025-03-31 05:57:41.880653,purchase,30,30
494,2025-03-31 02:43:41.880655,purchase,14,6
588,2025-03-31 16:48:41.880656,page_view,71,45
315,2025-03-31 11:06:41.880658,page_view,34,23
579,2025-03-31 01:37:41.880660,add_to_cart,10,17
161,2025-03-31 11:13:41.880662,page_view,20,21
3,2025-03-31 16:52:41.880664,page_view,62,46
43,2025-03-31 07:51:41.880666,purchase,25,3
589,2025-03-31 09:34:41.880667,add_to_cart,100,24
123,2025-03-31 13:43:41.880669,purchase,28,1
550,2025-03-31 13:04:41.880671,add_to_cart,24,26
122,2025-03-31 16:20:41.880672,purchase,95,35
539,2025-03-31 16:09:41.880674,page_view,82,29
125,2025-03-31 16:01:41.880676,page_view,22,2
41,2025-03-31 09:24:41.880677,add_to_cart,98,11
762,2025-03-31 02:01:41.880679,page_view,31,15
768,2025-03-31 15:55:41.880681,add_to_cart,20,34
609,2025-03-31 07:05:41.880682,purchase,99,13
859,2025-03-31 16:46:41.880684,purchase,50,30
456,2025-03-31 03:22:41.880685,purchase,85,24
671,2025-03-31 08:32:41.880687,add_to_cart,55,36
860,2025-03-31 11:10:41.880689,page_view,69,45
742,2025-03-31 08:49:41.880691,purchase,68,19
727,2025-03-31 07:50:41.880692,add_to_cart,87,12
94,2025-03-31 03:13:41.880694,page_view,49,34
386,2025-03-31 17:54:41.880696,page_view,72,5
436,2025-03-31 11:29:41.880697,page_view,74,48
855,2025-03-31 16:12:41.880699,purchase,54,42
280,2025-03-31 10:04:41.880701,page_view,30,45
244,2025-03-31 18:19:41.880702,add_to_cart,42,17
567,2025-03-31 07:30:41.880704,add_to_cart,66,24
79,2025-03-31 18:13:41.880705,purchase,94,40
50,2025-03-31 17:54:41.880707,add_to_cart,82,17
795,2025-03-31 05:48:41.880709,add_to_cart,39,44
438,2025-03-31 16:29:41.880710,add_to_cart,29,33
607,2025-03-31 03:32:41.880712,add_to_cart,97,18
982,2025-03-31 11:19:41.880714,page_view,79,13
401,2025-03-31 18:03:41.880715,purchase,50,48
438,2025-03-31 02:20:41.880717,add_to_cart,97,7
396,2025-03-31 04:05:41.880719,add_to_cart,60,21
710,2025-03-31 08:01:41.880720,page_view,76,21
324,2025-03-31 20:19:41.880722,add_to_cart,31,15
673,2025-03-31 07:24:41.880724,purchase,14,10
228,2025-03-31 08:17:41.880725,add_to_cart,11,20
953,2025-03-31 09:14:41.880727,add_to_cart,77,20
913,2025-03-31 07:47:41.880729,page_view,75,31
748,2025-03-31 03:54:41.880730,page_view,89,45
748,2025-03-31 01:29:41.880732,add_to_cart,56,17
50,2025-03-31 07:09:41.880734,purchase,22,49
525,2025-03-31 10:30:41.880735,purchase,22,42
388,2025-03-31 20:03:41.880737,purchase,77,21
24,2025-03-31 17:26:41.880739,purchase,20,37
173,2025-03-31 14:44:41.880740,page_view,51,15
989,2025-03-31 01:41:41.880742,add_to_cart,15,50
330,2025-03-31 08:26:41.880744,purchase,12,34
911,2025-03-31 17:27:41.880746,add_to_cart,83,27
132,2025-03-31 22:14:41.880747,purchase,96,23
506,2025-03-31 09:01:41.880749,page_view,45,33
429,2025-03-31 20:39:41.880751,add_to_cart,84,34
682,2025-03-31 12:37:41.880752,add_to_cart,77,7
34,2025-03-31 18:09:41.880754,page_view,69,29
298,2025-03-31 16:13:41.880756,page_view,87,16
177,2025-03-31 08:47:41.880757,purchase,84,17
643,2025-03-31 06:48:41.880759,add_to_cart,18,27
826,2025-03-31 20:12:41.880761,page_view,24,44
94,2025-03-31 19:07:41.880762,purchase,98,47
462,2025-03-31 00:30:41.880764,page_view,80,36
501,2025-03-31 06:34:41.880766,page_view,7,9
577,2025-03-31 09:18:41.880767,purchase,19,30
367,2025-03-31 02:48:41.880769,purchase,95,28
825,2025-03-31 18:08:41.880771,purchase,68,30
476,2025-03-31 16:51:41.880773,add_to_cart,79,45
86,2025-03-31 04:11:41.880774,page_view,40,10
90,2025-03-31 12:33:41.880776,page_view,2,44
729,2025-03-31 07:19:41.880777,purchase,65,26
938,2025-03-31 06:52:41.880779,page_view,67,43
691,2025-03-31 15:59:41.880781,page_view,30,35
207,2025-03-31 03:33:41.880782,purchase,47,42
323,2025-03-31 05:26:41.880784,purchase,28,42
745,2025-03-31 15:26:41.880786,page_view,5,43
568,2025-03-31 16:22:41.880788,page_view,68,27
821,2025-03-31 19:29:41.880789,add_to_cart,67,26
632,2025-03-31 06:15:41.880791,page_view,48,31
542,2025-03-31 16:29:41.880793,purchase,53,43
514,2025-03-31 20:38:41.880794,add_to_cart,44,36
593,2025-03-31 03:10:41.880796,add_to_cart,90,39
543,2025-03-31 22:30:41.880798,add_to_cart,10,40
917,2025-03-31 21:19:41.880799,add_to_cart,91,2
555,2025-03-31 03:03:41.880801,purchase,41,19
970,2025-03-31 00:33:41.880803,page_view,95,16
272,2025-03-31 23:20:41.880805,page_view,61,1
26,2025-03-31 09:09:41.880806,add_to_cart,43,45
201,2025-03-31 09:00:41.880808,purchase,5,36
684,2025-03-31 08:57:41.880810,add_to_cart,75,33
161,2025-03-31 12:12:41.880811,add_to_cart,16,20
977,2025-03-31 08:19:41.880813,purchase,44,3
357,2025-03-31 16:06:41.880815,page_view,13,42
110,2025-03-31 01:39:41.880816,add_to_cart,85,34
68,2025-03-31 20:50:41.880818,page_view,34,23
102,2025-03-31 12:33:41.880820,add_to_cart,91,41
27,2025-03-31 13:29:41.880821,purchase,9,49
789,2025-03-31 17:45:41.880823,add_to_cart,79,48
240,2025-03-31 06:51:41.880825,purchase,75,26
733,2025-03-31 11:13:41.880826,add_to_cart,90,29
253,2025-03-31 21:31:41.880828,page_view,3,36
928,2025-03-31 03:29:41.880830,purchase,86,30
242,2025-03-31 05:18:41.880831,add_to_cart,30,46
348,2025-03-31 00:30:41.880833,add_to_cart,77,19
786,2025-03-31 23:14:41.880835,add_to_cart,23,49
264,2025-03-31 10:57:41.880836,page_view,48,4
344,2025-03-31 20:45:41.880838,page_view,64,29
565,2025-03-31 10:51:41.880840,add_to_cart,30,10
436,2025-03-31 00:21:41.880842,page_view,52,31
33,2025-03-31 18:13:41.880843,purchase,50,36
92,2025-03-31 06:33:41.880845,purchase,78,23
610,2025-03-31 03:46:41.880846,page_view,6,6
171,2025-03-31 16:18:41.880848,purchase,48,17
537,2025-03-31 16:52:41.880850,add_to_cart,83,3
559,2025-03-31 09:49:41.880851,page_view,62,4
757,2025-03-31 10:48:41.880853,add_to_cart,10,24
931,2025-03-31 01:12:41.880855,purchase,16,16
345,2025-03-31 13:39:41.880856,purchase,47,39
997,2025-03-31 15:05:41.880858,page_view,12,27
93,2025-03-31 22:26:41.880860,purchase,77,24
413,2025-03-31 04:06:41.880861,page_view,95,13
561,2025-03-31 13:26:41.880863,page_view,72,37
806,2025-03-31 05:03:41.880865,purchase,35,50
789,2025-03-31 20:05:41.880866,add_to_cart,69,12
578,2025-03-31 02:12:41.880868,add_to_cart,13,44
816,2025-03-31 12:46:41.880870,purchase,92,25
937,2025-03-31 08:48:41.880871,add_to_cart,42,8
767,2025-03-31 10:42:41.880873,purchase,10,25
16,2025-03-31 17:23:41.880875,purchase,58,22
411,2025-03-31 01:55:41.880876,purchase,94,4
613,2025-03-31 10:39:41.880878,purchase,100,14
551,2025-03-31 09:14:41.880880,page_view,24,46
660,2025-03-31 05:38:41.880882,page_view,33,2
564,2025-03-31 03:28:41.880883,add_to_cart,84,33
412,2025-03-31 09:34:41.880885,purchase,57,29
777,2025-03-31 06:42:41.880886,purchase,99,16
502,2025-03-31 22:40:41.880888,purchase,39,19
920,2025-03-31 09:25:41.880890,add_to_cart,27,49
698,2025-03-31 11:40:41.880891,add_to_cart,97,23
634,2025-03-31 09:16:41.880893,purchase,5,7
849,2025-03-31 01:08:41.880895,add_to_cart,83,42
230,2025-03-31 07:10:41.880896,purchase,24,6
300,2025-03-31 08:12:41.880898,purchase,61,1
209,2025-03-31 11:38:41.880900,page_view,89,20
837,2025-03-31 18:24:41.880902,page_view,72,37
227,2025-03-31 21:16:41.880904,purchase,48,4
603,2025-03-31 21:53:41.880905,page_view,37,42
642,2025-03-31 03:01:41.880907,purchase,66,31
556,2025-03-31 19:14:41.880909,purchase,10,34
924,2025-03-31 09:00:41.880910,add_to_cart,87,29
347,2025-03-31 08:48:41.880912,page_view,69,28
748,2025-03-31 01:13:41.880914,page_view,70,29
897,2025-03-31 02:28:41.880915,add_to_cart,30,41
213,2025-03-31 14:50:41.880917,page_view,39,29
144,2025-03-31 07:44:41.880919,page_view,97,13
360,2025-03-31 02:51:41.880920,add_to_cart,39,29
223,2025-03-31 07:36:41.880922,purchase,76,5
36,2025-03-31 02:39:41.880923,purchase,30,11
614,2025-03-31 07:17:41.880925,add_to_cart,18,9
814,2025-03-31 02:59:41.880927,add_to_cart,7,32
574,2025-03-31 18:32:41.880928,purchase,11,1
476,2025-03-31 07:21:41.880930,add_to_cart,30,8
157,2025-03-31 06:06:41.880932,page_view,21,13
947,2025-03-31 19:02:41.880933,page_view,52,47
847,2025-03-31 04:01:41.880935,purchase,83,47
516,2025-03-31 13:44:41.880937,purchase,28,16
695,2025-03-31 19:42:41.880938,page_view,79,14
839,2025-03-31 12:05:41.880943,add_to_cart,68,32
904,2025-03-31 14:46:41.880945,add_to_cart,16,11
932,2025-03-31 23:57:41.880947,page_view,67,45
319,2025-03-31 13:22:41.880948,add_to_cart,27,43
80,2025-03-31 06:37:41.880950,add_to_cart,74,12
938,2025-03-31 03:52:41.880952,page_view,75,35
974,2025-03-31 06:53:41.880954,add_to_cart,27,48
540,2025-03-31 13:57:41.880955,page_view,3,32
599,2025-03-31 07:09:41.880957,add_to_cart,56,50
134,2025-03-31 15:32:41.880959,add_to_cart,48,21
862,2025-03-31 20:57:41.880960,page_view,94,5
224,2025-03-31 16:22:41.880962,page_view,1,5
937,2025-03-31 03:08:41.880967,page_view,16,48
113,2025-03-31 08:43:41.880969,purchase,54,27
130,2025-03-31 20:00:41.880970,purchase,18,34
808,2025-03-31 06:23:41.880975,add_to_cart,31,2
241,2025-03-31 08:39:41.880977,page_view,45,47
438,2025-03-31 00:45:41.880978,purchase,96,27
250,2025-03-31 16:55:41.880980,add_to_cart,100,5
162,2025-03-31 12:13:41.880985,purchase,65,10
516,2025-03-31 16:13:41.880987,add_to_cart,72,15
313,2025-03-31 14:01:41.880989,purchase,68,31
91,2025-03-31 13:21:41.880990,page_view,66,21
281,2025-03-31 20:16:41.880992,purchase,14,13
430,2025-03-31 00:58:41.880994,add_to_cart,50,48
184,2025-03-31 12:57:41.880995,page_view,33,40
928,2025-03-31 14:22:41.880997,page_view,78,38
966,2025-03-31 21:58:41.880999,add_to_cart,72,50
636,2025-03-31 02:02:41.881000,add_to_cart,43,3
391,2025-03-31 02:00:41.881002,page_view,35,47
541,2025-03-31 03:16:41.881004,add_to_cart,72,26
924,2025-03-31 16:39:41.881006,page_view,68,27
188,2025-03-31 16:43:41.881008,add_to_cart,58,41
833,2025-03-31 21:13:41.881009,add_to_cart,95,2
845,2025-03-31 21:29:41.881011,purchase,44,23
315,2025-03-31 09:54:41.881013,add_to_cart,71,50
671,2025-03-31 04:48:41.881015,purchase,32,2
909,2025-03-31 00:15:41.881016,page_view,11,49
915,2025-03-31 08:34:41.881018,purchase,29,8
534,2025-03-31 02:47:41.881020,purchase,22,37
496,2025-03-31 10:20:41.881021,add_to_cart,36,20
532,2025-03-31 05:58:41.881023,add_to_cart,2,6
607,2025-03-31 19:26:41.881025,purchase,61,26
283,2025-03-31 21:45:41.881030,page_view,70,7
788,2025-03-31 12:34:41.881032,page_view,91,17
244,2025-03-31 04:56:41.881033,add_to_cart,1,14
666,2025-03-31 23:53:41.881035,page_view,4,4
633,2025-03-31 08:54:41.881037,add_to_cart,94,41
56,2025-03-31 19:49:41.881038,page_view,22,41
724,2025-03-31 02:20:41.881040,add_to_cart,49,31
71,2025-03-31 04:38:41.881042,add_to_cart,8,25
432,2025-03-31 14:02:41.881043,purchase,75,9
443,2025-03-31 17:15:41.881045,page_view,37,31
207,2025-03-31 22:51:41.881047,page_view,72,9
393,2025-03-31 19:04:41.881049,purchase,50,3
470,2025-03-31 03:04:41.881050,add_to_cart,82,15
753,2025-03-31 00:40:41.881052,add_to_cart,54,4
255,2025-03-31 16:50:41.881054,purchase,27,26
183,2025-03-31 15:35:41.881055,purchase,15,46
152,2025-03-31 03:25:41.881057,purchase,18,41
156,2025-03-31 19:00:41.881059,purchase,46,26
583,2025-03-31 22:56:41.881060,purchase,69,17
218,2025-03-31 04:23:41.881062,purchase,31,8
331,2025-03-31 20:11:41.881064,add_to_cart,44,17
453,2025-03-31 05:37:41.881065,purchase,94,28
122,2025-03-31 00:15:41.881067,add_to_cart,84,47
100,2025-03-31 14:11:41.881069,purchase,86,7
527,2025-03-31 01:07:41.881070,page_view,41,21
145,2025-03-31 21:55:41.881072,purchase,1,27
205,2025-03-31 16:52:41.881074,purchase,48,25
612,2025-03-31 11:46:41.881075,purchase,6,22
877,2025-03-31 23:23:41.881077,page_view,89,27
379,2025-03-31 01:46:41.881079,page_view,9,7
976,2025-03-31 22:02:41.881081,purchase,55,6
789,2025-03-31 15:04:41.881082,purchase,55,22
186,2025-03-31 02:18:41.881084,page_view,68,42
165,2025-03-31 19:43:41.881086,purchase,22,2
400,2025-03-31 04:44:41.881087,purchase,73,29
732,2025-03-31 21:45:41.881089,purchase,19,25
102,2025-03-31 15:24:41.881091,page_view,27,28
920,2025-03-31 00:10:41.881092,purchase,70,15
230,2025-03-31 03:31:41.881094,page_view,67,11
570,2025-03-31 11:57:41.881096,page_view,93,34
886,2025-03-31 00:15:41.881097,page_view,35,8
188,2025-03-31 08:52:41.881099,purchase,83,44
559,2025-03-31 11:50:41.881101,purchase,62,4
415,2025-03-31 02:36:41.881103,purchase,97,34
970,2025-03-31 04:54:41.881104,page_view,91,44
485,2025-03-31 14:47:41.881106,add_to_cart,11,28
656,2025-03-31 13:21:41.881107,purchase,29,13
417,2025-03-31 02:59:41.881109,purchase,31,16
876,2025-04-01 00:07:41.881111,page_view,81,13
393,2025-03-31 02:41:41.881112,page_view,65,16
173,2025-03-31 11:55:41.881114,page_view,54,18
110,2025-03-31 16:14:41.881116,page_view,90,2
612,2025-03-31 22:48:41.881118,add_to_cart,93,4
383,2025-03-31 19:26:41.881119,purchase,44,21
565,2025-03-31 13:25:41.881121,page_view,23,26
945,2025-03-31 15:26:41.881123,add_to_cart,92,20
451,2025-03-31 12:50:41.881124,purchase,38,18
581,2025-03-31 17:38:41.881126,add_to_cart,31,49
143,2025-03-31 14:47:41.881127,page_view,92,26
711,2025-03-31 12:57:41.881129,add_to_cart,38,27
879,2025-03-31 05:36:41.881131,purchase,30,3
583,2025-03-31 07:01:41.881132,add_to_cart,50,11
105,2025-03-31 01:08:41.881134,page_view,94,8
300,2025-03-31 14:48:41.881136,purchase,75,16
770,2025-03-31 22:01:41.881137,purchase,15,40
455,2025-03-31 22:50:41.881139,purchase,53,5
925,2025-03-31 04:46:41.881141,add_to_cart,75,44
61,2025-03-31 14:16:41.881142,add_to_cart,31,35
849,2025-03-31 09:10:41.881144,page_view,17,50
201,2025-03-31 04:48:41.881146,purchase,8,11
323,2025-03-31 08:08:41.881147,purchase,9,2
892,2025-03-31 17:57:41.881149,add_to_cart,56,41
710,2025-03-31 05:46:41.881150,purchase,52,30
813,2025-03-31 18:12:41.881152,page_view,18,32
58,2025-03-31 20:51:41.881154,purchase,48,24
530,2025-03-31 02:48:41.881155,purchase,49,34
724,2025-03-31 20:40:41.881157,page_view,74,38
84,2025-03-31 23:19:41.881159,purchase,40,38
106,2025-03-31 07:34:41.881161,purchase,75,37
820,2025-03-31 14:45:41.881162,purchase,67,50
425,2025-03-31 15:45:41.881164,purchase,47,43
480,2025-03-31 21:26:41.881165,page_view,69,15
538,2025-03-31 14:24:41.881167,purchase,60,10
683,2025-03-31 23:37:41.881169,page_view,61,15
612,2025-03-31 21:55:41.881170,add_to_cart,35,12
36,2025-03-31 10:01:41.881172,add_to_cart,41,7
836,2025-03-31 18:50:41.881174,add_to_cart,96,45
796,2025-03-31 07:45:41.881176,add_to_cart,45,14
900,2025-03-31 17:51:41.881177,page_view,11,25
361,2025-03-31 22:55:41.881179,purchase,15,14
852,2025-03-31 06:17:41.881181,page_view,49,20
228,2025-03-31 13:56:41.881182,page_view,21,36
564,2025-03-31 20:43:41.881184,page_view,69,14
842,2025-03-31 13:39:41.881186,page_view,28,22
293,2025-03-31 07:55:41.881187,purchase,1,6
206,2025-03-31 08:43:41.881189,add_to_cart,91,27
219,2025-03-31 22:11:41.881191,purchase,45,9
902,2025-03-31 22:04:41.881192,purchase,94,46
959,2025-03-31 22:09:41.881194,page_view,96,24
269,2025-03-31 04:10:41.881196,page_view,53,45
162,2025-03-31 18:21:41.881200,purchase,80,35
591,2025-03-31 02:21:41.881201,add_to_cart,53,23
514,2025-03-31 04:36:41.881203,page_view,72,5
944,2025-03-31 19:52:41.881205,purchase,64,31
28,2025-03-31 03:58:41.881206,purchase,23,3
777,2025-03-31 09:46:41.881208,purchase,79,1
661,2025-03-31 03:22:41.881210,page_view,97,17
90,2025-03-31 05:07:41.881211,add_to_cart,65,31
307,2025-03-31 18:51:41.881213,add_to_cart,24,47
840,2025-03-31 14:47:41.881215,add_to_cart,2,50
961,2025-03-31 05:57:41.881216,page_view,97,50
791,2025-03-31 18:07:41.881218,add_to_cart,94,1
709,2025-03-31 10:22:41.881220,purchase,64,24
698,2025-03-31 08:21:41.881221,add_to_cart,52,40
260,2025-03-31 09:45:41.881223,purchase,6,15
488,2025-03-31 09:16:41.881224,add_to_cart,49,49
503,2025-03-31 16:43:41.881226,add_to_cart,56,22
853,2025-03-31 01:28:41.881228,page_view,17,30
948,2025-03-31 15:25:41.881230,page_view,34,30
524,2025-03-31 10:47:41.881231,purchase,14,31
487,2025-03-31 23:38:41.881233,purchase,37,34
64,2025-03-31 09:22:41.881235,add_to_cart,60,34
299,2025-03-31 09:06:41.881236,page_view,89,26
224,2025-03-31 00:32:41.881238,add_to_cart,49,41
811,2025-03-31 18:53:41.881241,page_view,89,19
214,2025-03-31 21:47:41.881242,page_view,24,24
160,2025-03-31 19:40:41.881244,page_view,19,37
953,2025-03-31 17:09:41.881246,add_to_cart,7,8
568,2025-03-31 17:53:41.881247,purchase,15,11
62,2025-03-31 07:22:41.881249,page_view,8,39
68,2025-03-31 10:44:41.881251,page_view,53,22
774,2025-03-31 12:42:41.881253,add_to_cart,84,2
89,2025-03-31 10:59:41.881254,page_view,11,41
797,2025-03-31 06:00:41.881256,page_view,57,17
258,2025-03-31 22:43:41.881258,purchase,53,7
319,2025-03-31 11:20:41.881259,add_to_cart,89,19
940,2025-03-31 08:24:41.881261,add_to_cart,4,26
712,2025-03-31 08:55:41.881263,purchase,28,42
760,2025-03-31 02:10:41.881264,add_to_cart,96,26
162,2025-03-31 09:22:41.881266,purchase,70,28
699,2025-03-31 14:20:41.881268,add_to_cart,54,36
696,2025-03-31 11:02:41.881269,purchase,59,49
514,2025-03-31 09:29:41.881271,add_to_cart,7,11
236,2025-03-31 22:32:41.881273,add_to_cart,54,20
329,2025-03-31 05:53:41.881274,add_to_cart,82,34
239,2025-03-31 00:52:41.881276,page_view,83,47
233,2025-03-31 01:15:41.881278,purchase,15,41
832,2025-03-31 05:28:41.881280,add_to_cart,27,3
304,2025-03-31 04:46:41.881281,page_view,90,24
26,2025-03-31 12:20:41.881283,page_view,40,29
380,2025-03-31 23:52:41.881285,page_view,99,37
380,2025-03-31 05:46:41.881286,page_view,10,50
188,2025-03-31 15:14:41.881288,add_to_cart,88,40
732,2025-03-31 00:08:41.881289,page_view,41,23
746,2025-03-31 19:41:41.881291,add_to_cart,55,47
374,2025-03-31 11:27:41.881293,add_to_cart,4,43
517,2025-03-31 17:49:41.881295,purchase,16,44
646,2025-03-31 05:12:41.881296,add_to_cart,4,11
599,2025-03-31 14:56:41.881298,add_to_cart,58,22
904,2025-03-31 11:20:41.881299,purchase,3,26
345,2025-03-31 21:58:41.881301,add_to_cart,74,41
755,2025-03-31 21:00:41.881303,purchase,63,13
693,2025-03-31 12:38:41.881305,page_view,39,32
1,2025-03-31 08:24:41.881306,page_view,44,29
33,2025-03-31 02:41:41.881308,page_view,45,36
83,2025-03-31 07:50:41.881310,purchase,51,38
968,2025-03-31 17:57:41.881311,page_view,48,24
432,2025-03-31 08:40:41.881313,purchase,22,31
754,2025-03-31 22:59:41.881314,add_to_cart,50,1
621,2025-03-31 18:54:41.881316,page_view,58,18
236,2025-03-31 20:07:41.881318,page_view,56,42
104,2025-03-31 15:49:41.881320,purchase,47,42
480,2025-03-31 19:08:41.881321,page_view,89,28
556,2025-03-31 18:24:41.881323,purchase,81,27
448,2025-03-31 09:41:41.881325,page_view,32,24
991,2025-03-31 23:10:41.881326,add_to_cart,84,19
918,2025-03-31 20:47:41.881328,purchase,18,25
115,2025-03-31 15:45:41.881330,add_to_cart,86,36
856,2025-03-31 23:27:41.881332,add_to_cart,56,33
332,2025-03-31 09:03:41.881333,add_to_cart,75,50
182,2025-03-31 12:14:41.881335,add_to_cart,54,29
991,2025-03-31 03:40:41.881337,purchase,49,43
735,2025-03-31 05:28:41.881339,page_view,96,48
627,2025-03-31 05:47:41.881340,add_to_cart,49,33
915,2025-03-31 09:49:41.881342,page_view,27,11
650,2025-03-31 21:04:41.881344,purchase,42,27
356,2025-03-31 22:34:41.881345,add_to_cart,92,7
585,2025-03-31 17:31:41.881347,purchase,15,5
772,2025-03-31 12:53:41.881349,add_to_cart,24,39
567,2025-03-31 17:07:41.881350,purchase,3,31
773,2025-03-31 20:25:41.881352,purchase,57,15
589,2025-03-31 19:14:41.881354,purchase,7,2
350,2025-03-31 22:02:41.881355,add_to_cart,11,11
910,2025-03-31 05:58:41.881357,add_to_cart,19,34
697,2025-03-31 20:52:41.881359,page_view,68,7
866,2025-03-31 11:31:41.881361,add_to_cart,89,13
537,2025-03-31 13:01:41.881362,purchase,66,19
594,2025-03-31 14:19:41.881364,page_view,34,11
532,2025-03-31 09:01:41.881366,add_to_cart,58,46
3,2025-03-31 17:33:41.881367,add_to_cart,71,7
912,2025-03-31 19:50:41.881369,add_to_cart,32,40
166,2025-03-31 16:44:41.881371,add_to_cart,25,49
659,2025-03-31 19:34:41.881372,page_view,56,44
759,2025-03-31 01:07:41.881374,page_view,74,36
966,2025-03-31 03:08:41.881376,page_view,55,8
528,2025-03-31 05:38:41.881378,purchase,54,41
613,2025-03-31 09:37:41.881379,purchase,56,40
246,2025-03-31 08:22:41.881381,add_to_cart,58,37
927,2025-03-31 05:24:41.881382,page_view,95,1
814,2025-03-31 09:37:41.881384,page_view,72,3
183,2025-03-31 20:21:41.881386,page_view,43,23
164,2025-03-31 19:07:41.881388,page_view,84,8
295,2025-03-31 22:41:41.881389,purchase,49,11
350,2025-03-31 09:50:41.881391,purchase,21,45
197,2025-03-31 01:32:41.881393,purchase,30,26
58,2025-03-31 12:05:41.881395,purchase,31,7
549,2025-03-31 08:37:41.881396,add_to_cart,66,24
712,2025-03-31 01:10:41.881398,add_to_cart,94,4
412,2025-03-31 09:40:41.881400,purchase,21,47
364,2025-03-31 16:04:41.881401,add_to_cart,40,49
144,2025-03-31 09:25:41.881403,page_view,25,23
587,2025-03-31 16:04:41.881405,purchase,42,36
907,2025-03-31 20:49:41.881406,page_view,29,18
364,2025-03-31 18:41:41.881408,purchase,27,16
172,2025-03-31 01:52:41.881410,add_to_cart,1,30
813,2025-03-31 05:15:41.881412,purchase,56,46
372,2025-03-31 01:28:41.881413,add_to_cart,33,36
979,2025-03-31 18:46:41.881415,purchase,31,44
775,2025-03-31 03:27:41.881417,page_view,32,40
138,2025-03-31 19:14:41.881418,purchase,91,16
994,2025-03-31 08:46:41.881420,add_to_cart,64,16
686,2025-03-31 11:26:41.881422,purchase,84,29
792,2025-03-31 02:48:41.881423,page_view,45,27
986,2025-03-31 14:15:41.881425,page_view,61,39
473,2025-03-31 01:45:41.881427,page_view,49,2
552,2025-03-31 05:16:41.881428,purchase,22,11
506,2025-03-31 05:21:41.881430,purchase,22,23
372,2025-03-31 07:30:41.881431,page_view,63,17
895,2025-03-31 21:06:41.881433,page_view,65,15
784,2025-03-31 04:24:41.881435,page_view,6,24
480,2025-03-31 18:13:41.881437,page_view,79,15
501,2025-03-31 20:20:41.881438,add_to_cart,50,6
944,2025-03-31 10:51:41.881440,purchase,60,1
167,2025-03-31 04:11:41.881442,page_view,95,23
794,2025-03-31 05:24:41.881444,add_to_cart,53,42
559,2025-03-31 02:42:41.881445,purchase,95,44
280,2025-03-31 11:52:41.881447,page_view,13,41
469,2025-03-31 14:39:41.881449,add_to_cart,58,20
365,2025-03-31 02:48:41.881450,page_view,65,44
698,2025-03-31 00:24:41.881452,purchase,74,17
616,2025-03-31 07:35:41.881454,add_to_cart,1,38
166,2025-03-31 12:15:41.881455,add_to_cart,93,15
68,2025-03-31 01:52:41.881457,add_to_cart,51,11
844,2025-03-31 13:30:41.881459,add_to_cart,67,8
379,2025-03-31 15:33:41.881460,page_view,6,9
512,2025-03-31 05:02:41.881462,add_to_cart,10,29
866,2025-03-31 08:15:41.881464,page_view,21,5
439,2025-03-31 00:44:41.881465,purchase,57,39
462,2025-03-31 08:43:41.881467,add_to_cart,67,27
177,2025-03-31 11:23:41.881469,page_view,78,12
774,2025-03-31 17:26:41.881470,page_view,77,23
499,2025-03-31 14:07:41.881472,purchase,8,30
373,2025-03-31 15:28:41.881474,add_to_cart,86,44
159,2025-03-31 17:35:41.881475,purchase,81,16
696,2025-03-31 14:40:41.881477,add_to_cart,12,44
129,2025-03-31 22:05:41.881479,purchase,73,7
406,2025-03-31 22:30:41.881481,add_to_cart,50,47
118,2025-03-31 18:20:41.881482,purchase,6,15
370,2025-03-31 16:41:41.881484,add_to_cart,7,31
723,2025-03-31 09:20:41.881486,add_to_cart,37,9
306,2025-03-31 16:33:41.881487,page_view,48,12
107,2025-03-31 16:23:41.881489,add_to_cart,80,37
604,2025-03-31 19:45:41.881491,page_view,83,15
721,2025-03-31 10:33:41.881492,purchase,70,16
675,2025-03-31 19:41:41.881494,page_view,23,22
972,2025-03-31 23:51:41.881496,add_to_cart,96,8
226,2025-03-31 16:01:41.881498,purchase,99,35
242,2025-03-31 07:57:41.881499,add_to_cart,41,7
498,2025-03-31 10:52:41.881501,page_view,64,20
138,2025-03-31 15:37:41.881503,add_to_cart,56,39
536,2025-03-31 23:13:41.881504,purchase,48,46
592,2025-03-31 05:49:41.881506,page_view,58,34
981,2025-03-31 05:14:41.881508,page_view,93,21
974,2025-03-31 03:58:41.881509,page_view,32,48
534,2025-03-31 10:55:41.881511,add_to_cart,36,4
440,2025-03-31 05:24:41.881513,page_view,52,26
24,2025-03-31 14:49:41.881514,page_view,41,41
406,2025-03-31 07:09:41.881516,page_view,61,29
645,2025-03-31 17:06:41.881518,page_view,45,44
282,2025-03-31 14:15:41.881520,page_view,21,27
28,2025-03-31 11:35:41.881521,page_view,59,4
228,2025-03-31 18:57:41.881523,page_view,45,1
197,2025-03-31 07:27:41.881524,add_to_cart,44,9
69,2025-03-31 17:51:41.881526,purchase,81,38
285,2025-03-31 16:30:41.881528,purchase,1,29
901,2025-03-31 07:58:41.881529,page_view,64,17
450,2025-03-31 04:30:41.881531,page_view,63,5
174,2025-03-31 03:15:41.881533,add_to_cart,11,38
836,2025-03-31 07:49:41.881534,purchase,22,46
267,2025-03-31 22:57:41.881536,add_to_cart,80,4
105,2025-03-31 19:58:41.881538,add_to_cart,40,5
331,2025-03-31 16:03:41.881539,purchase,42,20
699,2025-03-31 14:02:41.881541,add_to_cart,88,23
379,2025-03-31 17:24:41.881543,add_to_cart,66,34
784,2025-03-31 10:47:41.881544,add_to_cart,54,23
825,2025-03-31 12:38:41.881546,purchase,73,13
345,2025-03-31 06:06:41.881548,page_view,9,8
46,2025-03-31 00:26:41.881549,add_to_cart,15,15
484,2025-03-31 04:50:41.881551,add_to_cart,74,38
750,2025-03-31 10:16:41.881552,page_view,87,15
572,2025-03-31 10:17:41.881554,add_to_cart,4,31
614,2025-03-31 01:14:41.881556,purchase,52,25
738,2025-03-31 00:53:41.881557,purchase,28,21
41,2025-03-31 10:39:41.881559,page_view,11,5
66,2025-03-31 21:22:41.881561,add_to_cart,86,26
641,2025-03-31 14:26:41.881562,add_to_cart,38,49
17,2025-03-31 22:26:41.881564,purchase,40,4
213,2025-03-31 10:28:41.881566,add_to_cart,54,8
211,2025-03-31 08:30:41.881567,page_view,86,16
486,2025-03-31 10:28:41.881569,purchase,92,7
309,2025-03-31 03:07:41.881571,purchase,76,16
966,2025-03-31 08:31:41.881572,page_view,56,49
708,2025-03-31 07:53:41.881574,add_to_cart,56,37
608,2025-03-31 17:00:41.881576,purchase,88,43
365,2025-03-31 13:09:41.881577,page_view,12,42
259,2025-03-31 21:04:41.881579,page_view,14,40
208,2025-03-31 23:29:41.881581,purchase,70,35
328,2025-03-31 17:37:41.881582,add_to_cart,39,34
146,2025-03-31 12:37:41.881584,purchase,46,5
546,2025-03-31 06:04:41.881586,add_to_cart,45,41
317,2025-03-31 16:44:41.881587,purchase,1,15
164,2025-03-31 04:07:41.881589,add_to_cart,86,46
38,2025-03-31 01:48:41.881590,add_to_cart,27,15
123,2025-03-31 11:27:41.881592,add_to_cart,41,17
328,2025-03-31 05:35:41.881594,purchase,92,21
628,2025-03-31 02:07:41.881596,purchase,16,31
771,2025-03-31 02:24:41.881597,purchase,22,35
465,2025-03-31 12:15:41.881599,purchase,12,31
455,2025-03-31 06:06:41.881604,page_view,45,5
559,2025-03-31 03:56:41.881606,add_to_cart,6,37
153,2025-03-31 02:55:41.881608,page_view,62,47
261,2025-03-31 00:52:41.881613,purchase,24,5
241,2025-03-31 03:19:41.881614,purchase,80,21
854,2025-03-31 09:53:41.881616,purchase,17,30
356,2025-03-31 20:37:41.881617,page_view,4,39
909,2025-03-31 13:55:41.881619,purchase,49,34
239,2025-03-31 15:06:41.881621,page_view,52,23
765,2025-03-31 18:13:41.881623,page_view,13,17
917,2025-03-31 08:08:41.881624,add_to_cart,31,2
624,2025-03-31 21:49:41.881626,page_view,65,10
86,2025-03-31 10:10:41.881628,page_view,20,32
921,2025-03-31 13:23:41.881629,add_to_cart,42,23
320,2025-03-31 12:04:41.881631,add_to_cart,16,28
43,2025-03-31 03:57:41.881632,purchase,98,7
84,2025-03-31 05:25:41.881638,purchase,48,11
758,2025-03-31 22:13:41.881639,purchase,30,13
97,2025-03-31 20:36:41.881641,purchase,13,16
776,2025-03-31 11:52:41.881643,purchase,26,15
50,2025-03-31 02:29:41.881648,page_view,40,43
121,2025-03-31 10:21:41.881650,add_to_cart,49,16
291,2025-03-31 00:58:41.881651,page_view,14,38
393,2025-03-31 13:45:41.881653,add_to_cart,75,22
899,2025-03-31 15:20:41.881658,page_view,15,38
811,2025-03-31 11:53:41.881659,purchase,59,19
513,2025-03-31 03:38:41.881661,page_view,96,46
542,2025-03-31 09:21:41.881666,purchase,11,44
247,2025-03-31 16:47:41.881668,purchase,75,49
935,2025-03-31 01:09:41.881669,add_to_cart,55,9
416,2025-03-31 21:51:41.881674,purchase,55,26
494,2025-03-31 04:19:41.881676,purchase,95,28
103,2025-03-31 17:45:41.881678,add_to_cart,22,17
219,2025-03-31 11:49:41.881679,purchase,93,39
833,2025-03-31 05:03:41.881681,add_to_cart,41,8
548,2025-03-31 12:17:41.881682,purchase,92,48
577,2025-03-31 17:25:41.881684,add_to_cart,22,13
951,2025-03-31 07:55:41.881686,purchase,71,49
259,2025-03-31 02:17:41.881688,add_to_cart,73,30
827,2025-03-31 09:50:41.881689,add_to_cart,82,33
520,2025-03-31 00:32:41.881691,add_to_cart,55,42
226,2025-03-31 11:03:41.881693,page_view,24,21
855,2025-03-31 00:41:41.881694,add_to_cart,3,14
34,2025-03-31 11:13:41.881696,purchase,79,29
214,2025-03-31 22:03:41.881697,page_view,90,12
629,2025-03-31 11:00:41.881699,purchase,49,11
427,2025-03-31 16:07:41.881701,purchase,93,14
296,2025-03-31 13:40:41.881703,purchase,47,21
553,2025-03-31 09:06:41.881704,page_view,25,9
662,2025-03-31 19:13:41.881706,page_view,21,41
827,2025-03-31 16:52:41.881707,page_view,28,50
37,2025-03-31 08:43:41.881709,add_to_cart,88,27
304,2025-03-31 10:57:41.881711,add_to_cart,62,9
753,2025-03-31 11:30:41.881713,purchase,48,36
424,2025-03-31 18:41:41.881714,page_view,86,29
139,2025-03-31 18:49:41.881716,purchase,61,33
5,2025-03-31 19:06:41.881718,add_to_cart,60,9
841,2025-03-31 19:16:41.881720,page_view,94,46
703,2025-03-31 14:26:41.881721,purchase,22,12
660,2025-03-31 14:24:41.881723,purchase,43,14
598,2025-03-31 19:25:41.881725,add_to_cart,28,9
533,2025-03-31 16:56:41.881726,purchase,84,8
288,2025-03-31 09:39:41.881728,add_to_cart,81,18
334,2025-03-31 14:48:41.881730,purchase,99,9
182,2025-03-31 12:37:41.881731,add_to_cart,35,45
537,2025-03-31 11:04:41.881733,page_view,78,12
517,2025-03-31 13:52:41.881735,add_to_cart,97,8
486,2025-03-31 05:57:41.881736,page_view,81,9
686,2025-03-31 16:11:41.881738,page_view,70,37
223,2025-03-31 08:18:41.881739,purchase,78,36
697,2025-03-31 03:44:41.881741,purchase,87,2
387,2025-03-31 20:37:41.881743,add_to_cart,41,28
428,2025-03-31 20:49:41.881745,add_to_cart,24,29
944,2025-03-31 19:41:41.881746,add_to_cart,74,10
787,2025-03-31 10:56:41.881748,page_view,45,35
291,2025-03-31 23:18:41.881750,page_view,34,40
370,2025-03-31 12:49:41.881752,page_view,87,30
694,2025-03-31 13:35:41.881753,add_to_cart,80,20
722,2025-03-31 21:37:41.881755,purchase,96,50
1000,2025-04-01 00:03:41.881757,purchase,78,34
840,2025-03-31 22:49:41.881759,purchase,3,7
481,2025-03-31 14:19:41.881760,page_view,10,43
579,2025-03-31 10:00:41.881762,purchase,73,14
161,2025-03-31 16:56:41.881764,add_to_cart,65,23
482,2025-03-31 12:16:41.881765,page_view,24,38
287,2025-03-31 22:41:41.881767,page_view,66,8
515,2025-03-31 14:34:41.881769,add_to_cart,76,18
38,2025-03-31 11:02:41.881770,page_view,88,2
8,2025-03-31 23:26:41.881772,page_view,71,8
583,2025-03-31 03:58:41.881774,add_to_cart,47,39
396,2025-03-31 18:31:41.881775,add_to_cart,42,13
358,2025-03-31 21:36:41.881777,page_view,32,50
207,2025-03-31 01:03:41.881779,add_to_cart,2,4
113,2025-03-31 18:39:41.881781,page_view,1,18
239,2025-03-31 20:25:41.881782,page_view,3,20
609,2025-03-31 11:08:41.881784,add_to_cart,28,12
213,2025-03-31 11:49:41.881786,purchase,83,10
349,2025-03-31 22:15:41.881787,add_to_cart,72,33
882,2025-03-31 11:17:41.881789,page_view,74,50
781,2025-03-31 13:56:41.881791,page_view,85,38
385,2025-03-31 05:09:41.881792,page_view,88,37
894,2025-03-31 14:38:41.881794,purchase,71,6
507,2025-03-31 23:57:41.881798,page_view,88,38
124,2025-03-31 16:27:41.881800,add_to_cart,18,24
308,2025-03-31 04:09:41.881801,add_to_cart,37,33
507,2025-03-31 08:41:41.881803,add_to_cart,80,22
390,2025-03-31 20:19:41.881805,add_to_cart,94,10
645,2025-03-31 07:11:41.881806,add_to_cart,6,38
802,2025-03-31 04:24:41.881808,purchase,39,46
214,2025-03-31 23:13:41.881810,page_view,91,11
976,2025-03-31 13:12:41.881812,purchase,21,16
553,2025-03-31 19:24:41.881813,purchase,5,49
318,2025-03-31 12:51:41.881815,add_to_cart,46,30
833,2025-03-31 20:19:41.881817,purchase,93,33
500,2025-03-31 22:48:41.881818,page_view,57,9
239,2025-03-31 12:18:41.881820,add_to_cart,12,20
623,2025-03-31 09:13:41.881822,page_view,27,50
207,2025-03-31 19:27:41.881824,purchase,59,7
943,2025-03-31 22:50:41.881825,purchase,38,43
98,2025-03-31 04:23:41.881827,add_to_cart,40,46
401,2025-03-31 19:09:41.881829,purchase,87,5
221,2025-03-31 08:02:41.881830,purchase,39,40
944,2025-03-31 13:41:41.881832,add_to_cart,56,8
381,2025-03-31 10:10:41.881834,page_view,78,39
664,2025-03-31 19:20:41.881835,purchase,9,4
499,2025-03-31 19:26:41.881837,add_to_cart,67,45
673,2025-03-31 06:44:41.881839,purchase,18,6
46,2025-03-31 15:30:41.881841,purchase,59,12
771,2025-03-31 16:54:41.881842,purchase,49,18
1,2025-03-31 22:17:41.881844,add_to_cart,13,32
875,2025-03-31 21:01:41.881846,purchase,46,48
379,2025-03-31 23:42:41.881847,page_view,97,28
671,2025-03-31 01:57:41.881849,add_to_cart,33,2
472,2025-03-31 19:30:41.881851,add_to_cart,60,2
620,2025-03-31 04:08:41.881852,page_view,39,26
259,2025-03-31 16:46:41.881854,add_to_cart,7,37
914,2025-03-31 10:19:41.881856,purchase,70,15
105,2025-03-31 10:14:41.881857,page_view,29,18
324,2025-03-31 06:00:41.881859,page_view,3,34
632,2025-03-31 04:09:41.881861,add_to_cart,97,28
632,2025-03-31 06:02:41.881862,page_view,33,15
616,2025-03-31 10:19:41.881864,page_view,48,8
382,2025-03-31 03:20:41.881866,page_view,32,35
58,2025-03-31 18:11:41.881867,purchase,100,5
401,2025-03-31 01:23:41.881869,page_view,89,29
722,2025-03-31 19:10:41.881871,add_to_cart,20,47
504,2025-03-31 08:36:41.881872,add_to_cart,96,27
400,2025-03-31 21:04:41.881874,page_view,2,4
355,2025-03-31 13:53:41.881876,purchase,5,44
489,2025-03-31 16:33:41.881878,page_view,39,13
396,2025-03-31 15:58:41.881879,page_view,51,2
479,2025-03-31 11:45:41.881881,add_to_cart,83,10
73,2025-03-31 13:32:41.881882,add_to_cart,18,7
662,2025-03-31 04:00:41.881884,page_view,41,4
879,2025-03-31 17:52:41.881886,page_view,83,19
793,2025-03-31 18:10:41.881887,add_to_cart,11,7
831,2025-03-31 11:49:41.881889,page_view,88,27
509,2025-03-31 06:52:41.881891,add_to_cart,86,38
792,2025-03-31 15:04:41.881893,add_to_cart,68,25
450,2025-03-31 20:35:41.881894,add_to_cart,23,10
387,2025-03-31 15:19:41.881896,page_view,52,14
866,2025-03-31 10:01:41.881898,page_view,85,13
488,2025-03-31 07:15:41.881899,page_view,100,14
99,2025-03-31 01:34:41.881901,page_view,22,48
133,2025-03-31 08:54:41.881903,purchase,76,25
946,2025-03-31 11:30:41.881904,add_to_cart,41,21
347,2025-03-31 16:31:41.881906,purchase,25,17
996,2025-03-31 06:08:41.881908,add_to_cart,75,12
599,2025-03-31 08:15:41.881910,purchase,98,29
480,2025-03-31 08:51:41.881911,add_to_cart,82,20
68,2025-03-31 07:07:41.881913,purchase,37,43
116,2025-03-31 13:57:41.881915,purchase,98,39
282,2025-03-31 05:23:41.881916,page_view,92,13
928,2025-03-31 19:24:41.881918,page_view,62,2
737,2025-03-31 13:36:41.881920,page_view,21,25
796,2025-03-31 14:19:41.881921,page_view,3,30
592,2025-03-31 09:55:41.881923,add_to_cart,68,34
501,2025-03-31 08:41:41.881925,add_to_cart,34,1
304,2025-03-31 14:58:41.881926,purchase,93,37
117,2025-03-31 23:46:41.881928,page_view,80,2
165,2025-03-31 22:28:41.881930,purchase,50,19
367,2025-03-31 13:22:41.881932,purchase,99,14
406,2025-03-31 10:13:41.881933,page_view,91,5
979,2025-03-31 13:56:41.881935,page_view,75,46
338,2025-03-31 01:30:41.881937,add_to_cart,83,47
437,2025-03-31 21:11:41.881939,page_view,96,31
906,2025-03-31 06:47:41.881940,purchase,28,19
401,2025-03-31 16:08:41.881942,add_to_cart,36,2
298,2025-03-31 21:01:41.881943,page_view,3,18
482,2025-03-31 17:09:41.881945,purchase,94,41
937,2025-03-31 17:40:41.881947,page_view,59,45
351,2025-03-31 03:38:41.881949,page_view,97,4
739,2025-03-31 06:31:41.881950,page_view,50,39
102,2025-03-31 22:52:41.881952,add_to_cart,28,45
922,2025-03-31 11:07:41.881954,add_to_cart,91,10
640,2025-03-31 12:54:41.881955,page_view,42,47
511,2025-03-31 17:10:41.881957,page_view,99,34
192,2025-03-31 06:17:41.881959,purchase,30,5
568,2025-03-31 03:30:41.881961,page_view,30,33
537,2025-03-31 23:02:41.881962,add_to_cart,39,9
568,2025-03-31 11:01:41.881964,purchase,76,2
429,2025-03-31 11:26:41.881965,add_to_cart,28,31
845,2025-03-31 05:13:41.881967,purchase,51,20
49,2025-03-31 20:23:41.881969,add_to_cart,7,49
926,2025-03-31 05:03:41.881971,add_to_cart,17,35
232,2025-03-31 13:58:41.881972,add_to_cart,9,15
447,2025-03-31 15:10:41.881974,add_to_cart,37,35
981,2025-03-31 12:46:41.881975,add_to_cart,81,44
326,2025-03-31 15:04:41.881977,purchase,18,10
62,2025-03-31 15:38:41.881979,add_to_cart,18,34
853,2025-03-31 04:56:41.881980,purchase,83,44
516,2025-03-31 10:05:41.881982,purchase,56,23
413,2025-04-01 00:06:41.881984,add_to_cart,40,46
341,2025-03-31 10:03:41.881986,add_to_cart,18,49
885,2025-03-31 08:49:41.881987,add_to_cart,24,30
175,2025-03-31 02:52:41.881989,page_view,82,22
453,2025-03-31 22:48:41.881991,page_view,59,8
824,2025-03-31 11:02:41.881993,add_to_cart,45,25
156,2025-03-31 00:17:41.881994,page_view,10,38
564,2025-04-01 00:03:41.881996,page_view,48,6
361,2025-03-31 06:12:41.881998,add_to_cart,96,50
350,2025-03-31 11:37:41.882000,page_view,32,17
787,2025-03-31 13:08:41.882002,add_to_cart,45,12
754,2025-03-31 11:54:41.882003,page_view,49,11
165,2025-03-31 03:30:41.882005,page_view,15,41
9,2025-03-31 05:10:41.882007,page_view,75,48
360,2025-03-31 01:55:41.882008,purchase,35,50
958,2025-03-31 10:32:41.882010,purchase,70,13
591,2025-03-31 06:18:41.882012,purchase,47,4
554,2025-03-31 13:35:41.882014,purchase,71,8
392,2025-03-31 14:24:41.882015,page_view,92,48
708,2025-03-31 22:32:41.882017,page_view,50,11
416,2025-03-31 22:35:41.882019,add_to_cart,59,9
324,2025-03-31 02:43:41.882021,purchase,37,27
275,2025-03-31 05:58:41.882022,add_to_cart,54,25
208,2025-03-31 08:47:41.882024,add_to_cart,65,15
743,2025-03-31 12:46:41.882026,add_to_cart,61,47
743,2025-03-31 04:06:41.882027,page_view,23,28
500,2025-03-31 14:27:41.882029,purchase,49,44
793,2025-03-31 01:26:41.882031,page_view,65,1
627,2025-03-31 08:29:41.882032,page_view,15,48
409,2025-03-31 13:47:41.882034,page_view,45,8
207,2025-03-31 02:48:41.882036,page_view,83,15
125,2025-03-31 23:42:41.882037,purchase,2,25
112,2025-03-31 08:14:41.882039,page_view,79,29
830,2025-03-31 02:38:41.882041,page_view,19,14
976,2025-03-31 12:31:41.882042,purchase,73,11
561,2025-03-31 21:25:41.882044,page_view,94,45
381,2025-03-31 06:01:41.882046,page_view,6,30
507,2025-03-31 20:11:41.882047,purchase,19,48
842,2025-03-31 10:28:41.882049,add_to_cart,85,6
558,2025-03-31 08:44:41.882051,purchase,54,14
260,2025-03-31 05:06:41.882052,add_to_cart,27,30
900,2025-03-31 07:59:41.882054,purchase,15,5
338,2025-03-31 03:23:41.882056,purchase,42,6
743,2025-03-31 16:10:41.882057,add_to_cart,33,9
153,2025-03-31 09:12:41.882059,purchase,32,6
346,2025-03-31 15:50:41.882061,purchase,93,35
336,2025-03-31 09:49:41.882062,page_view,90,7
399,2025-03-31 09:07:41.882064,add_to_cart,72,26
854,2025-03-31 02:09:41.882065,purchase,3,14
572,2025-03-31 23:32:41.882067,page_view,22,10
753,2025-03-31 03:08:41.882069,page_view,91,48
763,2025-03-31 14:22:41.882070,page_view,56,9
606,2025-03-31 10:53:41.882072,page_view,50,31
7,2025-03-31 11:53:41.882074,purchase,60,3
669,2025-03-31 19:19:41.882075,purchase,31,47
312,2025-03-31 20:32:41.882077,purchase,91,30
791,2025-03-31 22:24:41.882079,purchase,2,10
763,2025-03-31 18:16:41.882080,purchase,79,6
433,2025-03-31 01:44:41.882082,page_view,23,6
442,2025-03-31 20:53:41.882084,add_to_cart,67,12
472,2025-03-31 05:40:41.882086,page_view,75,30
550,2025-03-31 18:18:41.882087,page_view,93,16
710,2025-03-31 17:23:41.882089,page_view,33,2
136,2025-03-31 21:48:41.882090,page_view,47,35
69,2025-03-31 10:14:41.882092,purchase,27,26
280,2025-03-31 09:53:41.882094,add_to_cart,39,30
15,2025-03-31 07:21:41.882096,page_view,40,25
722,2025-03-31 22:19:41.882097,add_to_cart,32,11
826,2025-03-31 22:04:41.882099,page_view,26,2
272,2025-03-31 01:07:41.882101,purchase,3,35
1,2025-03-31 17:17:41.882102,purchase,92,43
118,2025-03-31 20:10:41.882104,add_to_cart,70,18
541,2025-03-31 14:12:41.882106,add_to_cart,63,50
565,2025-03-31 20:36:41.882107,add_to_cart,60,8
215,2025-03-31 19:57:41.882109,page_view,51,20
670,2025-03-31 22:43:41.882111,add_to_cart,5,26
533,2025-03-31 14:13:41.882112,add_to_cart,64,10
975,2025-03-31 22:34:41.882114,purchase,71,46
39,2025-03-31 07:29:41.882116,page_view,28,11
268,2025-03-31 16:41:41.882117,purchase,38,7
770,2025-03-31 05:31:41.882119,add_to_cart,5,37
176,2025-04-01 00:06:41.882121,page_view,35,22
484,2025-03-31 20:51:41.882122,purchase,8,20
809,2025-03-31 17:44:41.882124,purchase,13,45
350,2025-03-31 04:50:41.882126,page_view,83,24
293,2025-03-31 22:25:41.882128,page_view,41,39
923,2025-03-31 03:51:41.882129,purchase,88,28
435,2025-03-31 12:27:41.882131,page_view,64,9
370,2025-03-31 17:02:41.882133,purchase,95,12
121,2025-03-31 15:08:41.882134,add_to_cart,87,47
810,2025-03-31 21:16:41.882136,purchase,29,13
806,2025-03-31 13:45:41.882138,purchase,82,34
394,2025-03-31 05:17:41.882139,page_view,47,13
475,2025-03-31 17:25:41.882141,purchase,84,32
395,2025-03-31 02:17:41.882143,purchase,16,28
544,2025-03-31 11:50:41.882144,purchase,13,31
838,2025-03-31 07:44:41.882146,page_view,66,45
80,2025-03-31 17:32:41.882148,purchase,44,18
323,2025-03-31 15:21:41.882149,purchase,45,30
87,2025-03-31 19:22:41.882151,page_view,62,1
480,2025-03-31 00:56:41.882153,add_to_cart,69,50
451,2025-03-31 02:43:41.882155,purchase,69,25
899,2025-03-31 16:03:41.882156,page_view,53,27
488,2025-03-31 08:28:41.882158,purchase,7,12
261,2025-03-31 05:21:41.882160,page_view,26,10
693,2025-03-31 09:19:41.882161,page_view,18,27
427,2025-03-31 07:43:41.882163,page_view,83,18
841,2025-03-31 15:58:41.882164,page_view,51,25
935,2025-03-31 14:24:41.882166,add_to_cart,64,44
797,2025-03-31 21:35:41.882168,page_view,56,37
522,2025-03-31 01:57:41.882170,page_view,16,3
61,2025-03-31 16:21:41.882172,purchase,69,4
427,2025-03-31 11:19:41.882173,page_view,94,44
421,2025-03-31 00:44:41.882175,purchase,11,23
34,2025-03-31 14:09:41.882177,add_to_cart,32,35
536,2025-03-31 22:00:41.882178,page_view,54,19
296,2025-03-31 06:38:41.882180,add_to_cart,25,50
426,2025-03-31 02:33:41.882182,page_view,76,27
456,2025-03-31 05:33:41.882183,purchase,1,44
600,2025-03-31 19:51:41.882185,add_to_cart,62,10
316,2025-03-31 16:30:41.882187,add_to_cart,55,5
938,2025-03-31 03:33:41.882188,page_view,47,6
174,2025-03-31 23:29:41.882190,add_to_cart,24,24
41,2025-03-31 11:54:41.882192,add_to_cart,98,11
289,2025-03-31 15:38:41.882193,purchase,1,50
578,2025-03-31 23:56:41.882195,add_to_cart,3,27
916,2025-03-31 18:47:41.882197,page_view,19,23
892,2025-03-31 05:20:41.882198,purchase,19,25
628,2025-03-31 18:05:41.882200,page_view,91,7
876,2025-03-31 09:41:41.882202,add_to_cart,81,42
880,2025-03-31 18:58:41.882203,add_to_cart,77,41
545,2025-03-31 20:14:41.882205,page_view,63,6
339,2025-03-31 03:06:41.882207,purchase,72,18
678,2025-03-31 12:14:41.882208,page_view,94,24
465,2025-03-31 23:28:41.882210,add_to_cart,78,36
192,2025-03-31 10:14:41.882212,purchase,34,10
13,2025-03-31 00:36:41.882213,page_view,93,28
462,2025-03-31 02:26:41.882215,purchase,94,16
864,2025-03-31 14:24:41.882217,page_view,20,2
954,2025-03-31 04:46:41.882218,purchase,36,15
215,2025-03-31 01:41:41.882220,page_view,97,26
757,2025-03-31 12:48:41.882222,page_view,62,21
236,2025-03-31 17:57:41.882224,purchase,71,33
723,2025-03-31 05:01:41.882225,add_to_cart,59,14
969,2025-03-31 18:46:41.882227,page_view,8,19
266,2025-03-31 09:32:41.882228,purchase,19,38
844,2025-03-31 07:50:41.882230,add_to_cart,32,24
764,2025-03-31 16:11:41.882232,purchase,60,29
358,2025-03-31 13:03:41.882234,page_view,75,2
846,2025-03-31 05:19:41.882235,purchase,43,49
386,2025-03-31 16:32:41.882237,purchase,65,33
655,2025-03-31 15:13:41.882238,purchase,44,42
836,2025-03-31 07:26:41.882240,purchase,13,43
439,2025-03-31 16:55:41.882242,purchase,41,31
167,2025-03-31 12:35:41.882244,purchase,82,6
937,2025-03-31 15:19:41.882245,purchase,70,31
737,2025-03-31 02:11:41.882247,page_view,55,15
923,2025-03-31 22:58:41.882249,purchase,95,9
695,2025-03-31 06:43:41.882250,purchase,30,9
807,2025-03-31 18:20:41.882252,add_to_cart,37,48
259,2025-03-31 19:25:41.882254,page_view,36,18
409,2025-03-31 22:16:41.882255,page_view,35,12
844,2025-03-31 10:28:41.882257,page_view,83,10
826,2025-03-31 20:52:41.882259,add_to_cart,37,36
267,2025-03-31 12:22:41.882260,page_view,91,29
205,2025-03-31 20:59:41.882262,page_view,21,2
327,2025-03-31 09:47:41.882264,add_to_cart,74,34
480,2025-03-31 23:22:41.882265,purchase,20,37
808,2025-03-31 18:45:41.882267,add_to_cart,33,12
812,2025-03-31 04:30:41.882269,page_view,59,50
224,2025-03-31 07:21:41.882270,page_view,80,16
485,2025-03-31 13:13:41.882272,page_view,33,25
202,2025-03-31 04:33:41.882274,add_to_cart,21,32
545,2025-03-31 11:21:41.882276,purchase,32,48
143,2025-03-31 03:46:41.882277,purchase,38,4
969,2025-03-31 15:12:41.882279,page_view,89,13
864,2025-03-31 00:32:41.882281,purchase,24,1
940,2025-03-31 09:01:41.882282,purchase,7,34
405,2025-03-31 04:30:41.882284,purchase,75,50
331,2025-03-31 13:14:41.882286,add_to_cart,10,25
791,2025-03-31 15:13:41.882287,add_to_cart,48,6
778,2025-03-31 03:46:41.882289,purchase,12,12
690,2025-03-31 02:31:41.882291,page_view,43,25
294,2025-03-31 20:54:41.882292,page_view,48,17
736,2025-03-31 01:37:41.882294,page_view,39,36
779,2025-03-31 23:49:41.882299,page_view,19,43
821,2025-03-31 18:57:41.882301,add_to_cart,66,42
918,2025-03-31 00:32:41.882303,add_to_cart,51,40
536,2025-03-31 19:22:41.882304,page_view,77,40
955,2025-03-31 00:38:41.882306,page_view,3,49
337,2025-03-31 01:28:41.882308,add_to_cart,18,21
63,2025-03-31 05:44:41.882309,page_view,75,26
104,2025-03-31 19:43:41.882311,purchase,69,12
415,2025-03-31 05:06:41.882313,page_view,90,14
431,2025-03-31 19:50:41.882314,page_view,63,43
579,2025-03-31 10:00:41.882316,add_to_cart,31,7
751,2025-03-31 04:04:41.882318,purchase,41,24
623,2025-03-31 10:08:41.882319,add_to_cart,79,14
109,2025-03-31 15:07:41.882321,page_view,74,12
338,2025-03-31 20:14:41.882323,page_view,80,25
722,2025-03-31 06:51:41.882324,add_to_cart,54,1
857,2025-03-31 14:17:41.882326,add_to_cart,78,8
742,2025-03-31 07:00:41.882328,add_to_cart,42,11
367,2025-03-31 18:18:41.882329,add_to_cart,61,13
421,2025-03-31 08:40:41.882331,page_view,24,33
339,2025-03-31 22:59:41.882333,purchase,39,18
902,2025-03-31 04:59:41.882334,add_to_cart,62,36
115,2025-03-31 08:25:41.882336,purchase,17,29
315,2025-03-31 08:31:41.882338,add_to_cart,45,4
420,2025-03-31 21:15:41.882339,page_view,38,35
513,2025-03-31 10:12:41.882341,purchase,67,45
980,2025-03-31 05:01:41.882343,add_to_cart,100,11
847,2025-03-31 12:00:41.882344,add_to_cart,84,9
540,2025-03-31 19:31:41.882346,add_to_cart,84,5
162,2025-03-31 05:42:41.882348,add_to_cart,6,8
974,2025-03-31 12:43:41.882349,page_view,17,35
544,2025-03-31 14:21:41.882351,purchase,99,7
865,2025-03-31 14:53:41.882353,page_view,70,6
207,2025-03-31 20:57:41.882354,purchase,20,42
403,2025-03-31 03:49:41.882356,page_view,64,50
26,2025-03-31 13:34:41.882358,add_to_cart,44,35
72,2025-03-31 01:09:41.882359,add_to_cart,23,9
658,2025-03-31 13:15:41.882361,page_view,57,9
917,2025-03-31 09:26:41.882362,add_to_cart,50,49
721,2025-03-31 07:02:41.882364,add_to_cart,73,15
406,2025-03-31 23:43:41.882366,purchase,67,45
67,2025-03-31 03:16:41.882367,purchase,96,33
631,2025-03-31 01:06:41.882369,page_view,8,5
710,2025-03-31 20:21:41.882371,add_to_cart,85,45
722,2025-03-31 12:46:41.882372,page_view,25,23
989,2025-03-31 00:16:41.882376,add_to_cart,1,39
397,2025-03-31 02:05:41.882377,page_view,47,18
645,2025-03-31 03:46:41.882379,page_view,27,33
719,2025-03-31 09:23:41.882381,purchase,95,34
798,2025-03-31 01:50:41.882382,page_view,62,40
485,2025-03-31 16:51:41.882384,add_to_cart,44,20
806,2025-03-31 18:48:41.882386,add_to_cart,15,15
207,2025-03-31 22:43:41.882387,add_to_cart,43,34
694,2025-03-31 09:45:41.882389,page_view,76,39
583,2025-03-31 02:35:41.882391,add_to_cart,73,30
447,2025-03-31 04:27:41.882392,page_view,96,3
538,2025-03-31 03:41:41.882394,purchase,49,4
631,2025-03-31 15:44:41.882396,page_view,32,27
705,2025-03-31 12:07:41.882397,purchase,77,50
889,2025-03-31 03:41:41.882399,purchase,75,43
280,2025-03-31 21:39:41.882404,purchase,30,11
680,2025-03-31 15:10:41.882405,add_to_cart,43,18
986,2025-03-31 02:40:41.882407,add_to_cart,71,36
176,2025-03-31 23:48:41.882409,purchase,100,35
358,2025-03-31 06:21:41.882410,page_view,36,45
47,2025-04-01 00:04:41.882412,purchase,85,10
388,2025-03-31 11:07:41.882414,add_to_cart,14,42
439,2025-03-31 04:50:41.882415,page_view,21,49
686,2025-03-31 17:50:41.882417,purchase,90,2
162,2025-03-31 20:34:41.882419,page_view,52,34
398,2025-03-31 01:09:41.882420,add_to_cart,47,50
25,2025-03-31 21:09:41.882422,purchase,42,35
248,2025-03-31 22:43:41.882424,add_to_cart,16,46
551,2025-03-31 10:44:41.882425,add_to_cart,45,1
866,2025-03-31 15:20:41.882427,page_view,24,3
248,2025-03-31 13:32:41.882429,purchase,20,4
113,2025-03-31 11:18:41.882430,page_view,75,45
377,2025-03-31 17:26:41.882432,page_view,83,4
543,2025-03-31 01:26:41.882434,add_to_cart,57,17
813,2025-03-31 21:15:41.882435,page_view,91,19
957,2025-03-31 00:54:41.882437,page_view,38,29
459,2025-03-31 20:22:41.882439,page_view,12,39
621,2025-03-31 18:34:41.882440,page_view,21,18
360,2025-03-31 14:34:41.882442,add_to_cart,37,29
219,2025-03-31 10:39:41.882443,page_view,6,28
352,2025-03-31 11:43:41.882445,purchase,83,37
860,2025-03-31 07:06:41.882447,purchase,26,48
579,2025-03-31 23:23:41.882448,add_to_cart,7,40
570,2025-03-31 08:38:41.882450,purchase,82,30
771,2025-03-31 20:47:41.882452,purchase,1,27
615,2025-03-31 20:01:41.882453,add_to_cart,27,17
524,2025-03-31 00:47:41.882455,page_view,66,7
502,2025-03-31 20:37:41.882457,page_view,74,24
444,2025-03-31 23:31:41.882458,add_to_cart,57,44
883,2025-03-31 02:04:41.882460,add_to_cart,53,42
340,2025-03-31 14:15:41.882462,purchase,77,33
686,2025-03-31 00:27:41.882464,add_to_cart,92,30
952,2025-03-31 05:34:41.882465,purchase,37,47
521,2025-03-31 21:38:41.882467,page_view,93,22
761,2025-03-31 08:03:41.882469,add_to_cart,3,8
51,2025-03-31 21:53:41.882470,purchase,38,26
24,2025-03-31 23:26:41.882472,add_to_cart,39,3
704,2025-03-31 17:01:41.882474,page_view,37,16
989,2025-03-31 08:45:41.882475,add_to_cart,64,6
966,2025-03-31 00:25:41.882477,add_to_cart,49,11
313,2025-03-31 02:15:41.882479,add_to_cart,84,26
838,2025-03-31 14:05:41.882480,page_view,73,43
292,2025-03-31 16:22:41.882482,page_view,81,37
5,2025-03-31 04:26:41.882484,page_view,76,44
610,2025-03-31 07:35:41.882485,add_to_cart,53,23
69,2025-03-31 17:44:41.882487,add_to_cart,75,43
943,2025-03-31 20:53:41.882489,purchase,89,22
508,2025-03-31 10:21:41.882491,add_to_cart,53,43
493,2025-03-31 19:09:41.882492,add_to_cart,76,9
436,2025-03-31 18:16:41.882494,purchase,16,31
452,2025-03-31 13:40:41.882496,add_to_cart,19,28
563,2025-03-31 10:32:41.882497,add_to_cart,2,34
356,2025-03-31 05:57:41.882499,page_view,86,44
896,2025-03-31 04:27:41.882501,page_view,15,49
490,2025-03-31 03:28:41.882502,add_to_cart,92,9
280,2025-03-31 10:41:41.882504,page_view,26,36
556,2025-03-31 19:34:41.882506,add_to_cart,24,3
477,2025-03-31 03:34:41.882507,purchase,88,26
581,2025-03-31 11:25:41.882509,page_view,95,5
324,2025-03-31 08:07:41.882511,page_view,99,41
945,2025-03-31 16:28:41.882512,purchase,100,26
921,2025-03-31 16:41:41.882514,add_to_cart,12,16
745,2025-03-31 04:32:41.882516,page_view,54,32
511,2025-03-31 08:40:41.882517,add_to_cart,8,8
279,2025-03-31 07:12:41.882519,add_to_cart,93,39
45,2025-03-31 10:24:41.882521,page_view,21,40
288,2025-03-31 00:49:41.882523,add_to_cart,11,31
986,2025-03-31 14:59:41.882524,add_to_cart,9,1
811,2025-03-31 23:31:41.882526,add_to_cart,30,5
230,2025-03-31 07:48:41.882528,purchase,93,47
884,2025-03-31 12:49:41.882530,purchase,50,39
156,2025-03-31 16:37:41.882531,purchase,35,29
883,2025-03-31 17:47:41.882533,purchase,23,6
111,2025-03-31 01:23:41.882535,add_to_cart,86,19
178,2025-03-31 13:15:41.882536,page_view,25,49
395,2025-03-31 14:33:41.882538,purchase,9,18
21,2025-03-31 05:01:41.882540,add_to_cart,73,22
94,2025-03-31 02:42:41.882542,purchase,51,20
71,2025-04-01 00:00:41.882543,page_view,51,18
252,2025-03-31 05:24:41.882545,page_view,17,21
696,2025-03-31 18:03:41.882547,page_view,61,16
853,2025-03-31 05:42:41.882548,page_view,20,14
665,2025-03-31 13:09:41.882550,purchase,67,21
401,2025-03-31 15:10:41.882552,add_to_cart,33,8
920,2025-03-31 17:20:41.882553,add_to_cart,56,40
336,2025-03-31 10:35:41.882555,page_view,70,44
83,2025-03-31 13:02:41.882557,purchase,18,46
985,2025-03-31 21:52:41.882558,purchase,14,21
766,2025-03-31 13:01:41.882560,purchase,94,42
830,2025-03-31 11:03:41.882562,purchase,20,45
618,2025-03-31 21:43:41.882563,page_view,96,10
327,2025-03-31 17:16:41.882565,add_to_cart,83,13
582,2025-03-31 22:01:41.882567,add_to_cart,39,29
488,2025-03-31 19:53:41.882571,purchase,62,37
949,2025-03-31 15:25:41.882573,add_to_cart,92,23
644,2025-03-31 21:26:41.882575,add_to_cart,19,24
307,2025-03-31 14:27:41.882577,page_view,23,4
235,2025-03-31 10:42:41.882578,purchase,71,31
166,2025-03-31 07:27:41.882580,page_view,56,8
927,2025-03-31 08:52:41.882582,purchase,35,44
445,2025-03-31 02:18:41.882583,purchase,37,42
460,2025-03-31 19:42:41.882585,add_to_cart,27,34
741,2025-03-31 06:52:41.882587,page_view,77,3
360,2025-03-31 20:31:41.882588,page_view,39,43
680,2025-03-31 10:07:41.882590,purchase,92,26
884,2025-03-31 04:56:41.882592,purchase,91,36
148,2025-03-31 00:57:41.882593,page_view,58,39
222,2025-03-31 06:51:41.882595,add_to_cart,82,38
215,2025-03-31 20:11:41.882597,page_view,35,50
203,2025-03-31 04:40:41.882598,page_view,42,6
985,2025-03-31 20:35:41.882600,page_view,19,2
52,2025-03-31 20:00:41.882602,purchase,61,39
172,2025-03-31 07:25:41.882603,page_view,87,14
538,2025-03-31 16:00:41.882605,purchase,35,26
443,2025-03-31 09:28:41.882607,purchase,82,47
146,2025-03-31 13:45:41.882608,purchase,91,25
859,2025-03-31 08:03:41.882610,add_to_cart,28,32
599,2025-03-31 06:08:41.882612,purchase,4,11
832,2025-03-31 07:59:41.882613,purchase,6,11
527,2025-03-31 22:51:41.882615,add_to_cart,31,42
178,2025-03-31 20:03:41.882617,page_view,38,34
456,2025-03-31 08:22:41.882618,add_to_cart,100,18
193,2025-03-31 01:27:41.882620,purchase,66,27
678,2025-03-31 00:08:41.882622,purchase,22,20
425,2025-03-31 20:00:41.882623,add_to_cart,90,7
307,2025-03-31 04:30:41.882625,add_to_cart,22,18
159,2025-03-31 04:46:41.882627,purchase,69,19
642,2025-03-31 04:22:41.882629,page_view,69,36
204,2025-03-31 21:36:41.882630,purchase,18,3
789,2025-03-31 19:02:41.882632,add_to_cart,83,38
952,2025-03-31 07:14:41.882633,purchase,64,41
707,2025-03-31 06:10:41.882635,purchase,80,24
706,2025-03-31 23:34:41.882637,page_view,23,23
435,2025-03-31 14:32:41.882638,page_view,77,35
556,2025-03-31 09:15:41.882640,purchase,51,4
244,2025-03-31 08:03:41.882642,add_to_cart,24,20
192,2025-03-31 02:39:41.882643,add_to_cart,36,29
598,2025-03-31 22:53:41.882645,purchase,63,30
923,2025-03-31 14:19:41.882647,add_to_cart,43,7
281,2025-03-31 19:38:41.882649,add_to_cart,71,47
25,2025-03-31 10:44:41.882650,purchase,41,5
594,2025-03-31 08:30:41.882652,add_to_cart,75,5
98,2025-03-31 18:24:41.882654,add_to_cart,49,13
837,2025-03-31 17:52:41.882655,purchase,15,46
451,2025-03-31 02:16:41.882657,page_view,65,23
581,2025-04-01 00:06:41.882658,page_view,76,30
291,2025-03-31 15:22:41.882660,add_to_cart,39,43
70,2025-03-31 09:16:41.882662,add_to_cart,91,26
89,2025-03-31 01:32:41.882664,add_to_cart,84,35
91,2025-03-31 14:06:41.882665,page_view,46,37
867,2025-03-31 09:53:41.882667,add_to_cart,78,21
456,2025-03-31 23:30:41.882669,purchase,66,11
766,2025-03-31 01:23:41.882670,purchase,35,5
672,2025-03-31 17:04:41.882672,page_view,74,42
607,2025-03-31 20:50:41.882674,purchase,50,35
543,2025-03-31 04:34:41.882675,purchase,92,18
10,2025-03-31 07:28:41.882677,purchase,43,18
114,2025-03-31 02:37:41.882679,purchase,39,12
248,2025-03-31 02:22:41.882681,page_view,15,43
117,2025-03-31 17:21:41.882682,add_to_cart,59,15
775,2025-03-31 04:43:41.882684,purchase,54,44
367,2025-03-31 11:48:41.882686,purchase,25,50
924,2025-03-31 22:12:41.882687,page_view,12,13
694,2025-03-31 13:45:41.882689,purchase,87,36
581,2025-03-31 07:28:41.882691,add_to_cart,51,47
886,2025-03-31 09:53:41.882693,purchase,100,4
604,2025-03-31 20:20:41.882694,purchase,2,15
540,2025-03-31 17:29:41.882696,purchase,75,4
962,2025-03-31 15:24:41.882698,page_view,36,19
870,2025-03-31 16:50:41.882699,add_to_cart,46,28
274,2025-03-31 13:01:41.882701,purchase,55,17
436,2025-03-31 07:03:41.882703,purchase,26,12
937,2025-03-31 22:02:41.882704,page_view,23,22
411,2025-03-31 12:19:41.882706,purchase,39,23
449,2025-03-31 12:27:41.882707,page_view,97,4
98,2025-03-31 00:54:41.882709,add_to_cart,12,41
201,2025-03-31 19:40:41.882711,add_to_cart,96,29
472,2025-03-31 07:43:41.882712,page_view,70,42
489,2025-03-31 06:22:41.882714,purchase,90,19
341,2025-03-31 20:18:41.882716,purchase,35,3
420,2025-03-31 04:48:41.882717,page_view,82,35
509,2025-03-31 15:11:41.882719,purchase,15,20
832,2025-03-31 00:25:41.882721,purchase,62,14
681,2025-03-31 00:14:41.882722,page_view,25,49
546,2025-03-31 23:29:41.882724,purchase,78,7
889,2025-03-31 08:10:41.882726,add_to_cart,39,39
228,2025-03-31 00:32:41.882727,purchase,96,27
254,2025-03-31 01:46:41.882729,add_to_cart,1,45
484,2025-03-31 14:33:41.882731,page_view,37,28
17,2025-03-31 00:17:41.882732,add_to_cart,46,27
161,2025-03-31 00:54:41.882734,add_to_cart,78,30
873,2025-03-31 01:19:41.882736,purchase,71,34
315,2025-03-31 23:49:41.882738,add_to_cart,85,22
511,2025-03-31 02:34:41.882739,purchase,23,26
999,2025-03-31 19:16:41.882741,add_to_cart,50,7
45,2025-03-31 11:22:41.882743,add_to_cart,12,7
733,2025-03-31 11:17:41.882744,page_view,1,6
968,2025-03-31 08:57:41.882746,purchase,30,26
822,2025-03-31 08:08:41.882748,add_to_cart,1,33
196,2025-03-31 06:01:41.882749,add_to_cart,23,1
63,2025-03-31 13:29:41.882751,add_to_cart,30,11
502,2025-03-31 02:17:41.882753,add_to_cart,93,39
556,2025-03-31 00:35:41.882755,purchase,17,25
610,2025-03-31 03:54:41.882756,add_to_cart,45,33
780,2025-03-31 17:17:41.882758,add_to_cart,89,30
367,2025-03-31 21:31:41.882760,purchase,99,30
31,2025-03-31 15:03:41.882761,purchase,7,44
850,2025-03-31 07:59:41.882763,add_to_cart,93,9
599,2025-03-31 13:43:41.882765,page_view,71,8
27,2025-03-31 19:21:41.882766,add_to_cart,42,46
25,2025-03-31 08:28:41.882768,add_to_cart,33,4
88,2025-03-31 03:56:41.882770,add_to_cart,40,26
652,2025-03-31 17:19:41.882771,page_view,99,8
933,2025-03-31 19:21:41.882774,page_view,56,6
426,2025-03-31 17:10:41.882775,purchase,74,35
355,2025-03-31 11:08:41.882777,add_to_cart,28,24
523,2025-03-31 16:31:41.882779,purchase,22,4
981,2025-03-31 10:24:41.882780,page_view,57,26
177,2025-03-31 22:31:41.882782,page_view,85,33
479,2025-03-31 05:00:41.882784,add_to_cart,92,18
333,2025-03-31 18:38:41.882785,purchase,49,8
570,2025-03-31 19:46:41.882787,add_to_cart,17,11
14,2025-03-31 04:26:41.882789,add_to_cart,26,35
955,2025-03-31 18:09:41.882790,add_to_cart,14,32
797,2025-03-31 17:29:41.882792,page_view,86,20
289,2025-03-31 13:04:41.882794,page_view,99,14
804,2025-03-31 14:19:41.882795,purchase,3,12
455,2025-03-31 11:39:41.882797,page_view,77,14
943,2025-03-31 06:15:41.882799,page_view,10,48
824,2025-03-31 22:12:41.882800,add_to_cart,66,9
387,2025-03-31 08:53:41.882802,add_to_cart,70,48
913,2025-03-31 08:55:41.882804,page_view,63,50
173,2025-03-31 13:39:41.882805,add_to_cart,17,19
97,2025-03-31 19:11:41.882807,purchase,30,30
165,2025-03-31 01:33:41.882809,add_to_cart,73,13
511,2025-03-31 12:31:41.882810,purchase,77,37
68,2025-03-31 05:11:41.882812,add_to_cart,71,31
36,2025-03-31 18:51:41.882814,add_to_cart,27,8
878,2025-03-31 07:10:41.882816,add_to_cart,72,19
31,2025-03-31 08:20:41.882817,purchase,49,26
155,2025-03-31 07:14:41.882819,purchase,80,29
992,2025-03-31 23:27:41.882821,purchase,7,29
711,2025-03-31 18:42:41.882823,add_to_cart,7,26
643,2025-03-31 05:19:41.882824,purchase,26,34
854,2025-03-31 02:24:41.882826,purchase,84,36
571,2025-03-31 07:11:41.882828,add_to_cart,54,20
17,2025-03-31 18:22:41.882829,purchase,51,30
360,2025-03-31 05:29:41.882831,add_to_cart,79,45
601,2025-03-31 05:45:41.882833,add_to_cart,72,26
414,2025-03-31 09:01:41.882835,page_view,64,15
390,2025-03-31 20:54:41.882836,page_view,8,27
404,2025-03-31 13:12:41.882838,page_view,88,5
151,2025-03-31 04:43:41.882840,purchase,90,7
48,2025-03-31 05:49:41.882841,page_view,11,5
725,2025-03-31 23:17:41.882843,add_to_cart,49,8
516,2025-03-31 09:45:41.882845,purchase,81,18
413,2025-03-31 14:47:41.882846,purchase,69,45
44,2025-03-31 11:25:41.882848,purchase,78,48
317,2025-03-31 01:53:41.882850,page_view,90,34
518,2025-03-31 04:20:41.882851,page_view,3,34
44,2025-03-31 03:20:41.882853,page_view,98,42
867,2025-03-31 12:19:41.882855,purchase,61,22
548,2025-03-31 20:23:41.882856,purchase,74,46
847,2025-03-31 23:44:41.882858,purchase,89,48
441,2025-03-31 04:06:41.882860,purchase,90,43
44,2025-03-31 07:01:41.882862,page_view,31,44
234,2025-03-31 00:20:41.882863,purchase,1,16
423,2025-03-31 12:05:41.882865,page_view,62,29
422,2025-03-31 09:39:41.882867,purchase,68,44
924,2025-03-31 11:47:41.882868,purchase,45,18
692,2025-03-31 18:38:41.882870,add_to_cart,93,41
747,2025-03-31 16:04:41.882872,page_view,41,7
205,2025-03-31 01:50:41.882874,purchase,100,6
264,2025-03-31 21:10:41.882875,page_view,98,31
686,2025-03-31 22:03:41.882877,add_to_cart,16,25
947,2025-03-31 17:32:41.882879,page_view,64,46
591,2025-03-31 07:28:41.882880,page_view,48,42
185,2025-03-31 05:17:41.882885,page_view,32,49
511,2025-03-31 07:54:41.882887,page_view,75,29
598,2025-03-31 06:03:41.882889,purchase,14,15
4,2025-03-31 19:04:41.882890,page_view,36,29
578,2025-03-31 08:30:41.882892,purchase,50,13
134,2025-03-31 23:38:41.882894,add_to_cart,95,5
937,2025-03-31 02:27:41.882899,add_to_cart,34,35
644,2025-03-31 08:25:41.882900,page_view,10,15
14,2025-04-01 00:05:41.882902,purchase,69,34
373,2025-03-31 03:17:41.882904,page_view,75,36
959,2025-03-31 06:11:41.882906,add_to_cart,94,35
205,2025-03-31 10:28:41.882907,page_view,62,32
968,2025-03-31 17:41:41.882909,purchase,96,27
632,2025-03-31 13:53:41.882911,page_view,95,42
793,2025-03-31 22:56:41.882912,add_to_cart,96,39
640,2025-03-31 06:27:41.882914,purchase,38,41
212,2025-03-31 15:35:41.882916,page_view,10,33
816,2025-03-31 13:32:41.882918,page_view,87,20
659,2025-03-31 03:52:41.882920,add_to_cart,82,41
834,2025-03-31 23:57:41.882922,purchase,25,44
39,2025-03-31 16:26:41.882924,purchase,11,35
865,2025-03-31 14:48:41.882925,page_view,55,1
605,2025-03-31 13:56:41.882927,add_to_cart,43,10
589,2025-03-31 11:37:41.882929,add_to_cart,81,7
104,2025-03-31 00:25:41.882930,purchase,32,39
160,2025-03-31 17:33:41.882932,add_to_cart,83,40
163,2025-04-01 00:02:41.882934,page_view,51,34
173,2025-03-31 12:09:41.882935,page_view,99,45
591,2025-03-31 14:34:41.882937,purchase,48,10
518,2025-03-31 21:09:41.882939,page_view,79,34
654,2025-03-31 04:48:41.882941,page_view,62,4
67,2025-03-31 19:19:41.882942,add_to_cart,68,14
191,2025-03-31 23:17:41.882944,purchase,82,7
859,2025-03-31 20:45:41.882946,page_view,95,7
147,2025-03-31 08:50:41.882948,purchase,48,3
299,2025-03-31 01:02:41.882949,add_to_cart,85,46
564,2025-03-31 17:08:41.882951,add_to_cart,89,1
949,2025-03-31 05:43:41.882952,add_to_cart,99,39
102,2025-03-31 09:26:41.882954,page_view,97,11
98,2025-03-31 14:18:41.882956,add_to_cart,59,24
344,2025-03-31 16:33:41.882957,add_to_cart,3,44
695,2025-03-31 03:17:41.882959,page_view,45,49
663,2025-03-31 21:23:41.882961,purchase,14,22
291,2025-03-31 12:19:41.882971,add_to_cart,57,40
384,2025-03-31 14:27:41.882973,purchase,46,16
198,2025-03-31 07:00:41.882975,purchase,28,20
248,2025-03-31 08:59:41.882977,purchase,79,23
265,2025-03-31 08:58:41.882978,add_to_cart,71,29
201,2025-03-31 15:48:41.882980,page_view,52,43
851,2025-03-31 08:57:41.882982,purchase,66,2
527,2025-03-31 20:38:41.882983,page_view,100,42
820,2025-03-31 23:38:41.882985,page_view,85,16
380,2025-03-31 17:04:41.882987,purchase,94,6
454,2025-03-31 07:50:41.882989,purchase,29,27
184,2025-03-31 23:49:41.882991,page_view,27,33
350,2025-03-31 07:40:41.882993,page_view,44,11
746,2025-03-31 05:48:41.882994,page_view,44,17
130,2025-03-31 03:17:41.882996,purchase,67,23
54,2025-03-31 16:19:41.882998,purchase,72,45
971,2025-03-31 04:22:41.882999,page_view,45,45
688,2025-03-31 21:39:41.883001,page_view,74,45
141,2025-03-31 01:14:41.883006,purchase,57,19
192,2025-03-31 11:23:41.883008,add_to_cart,56,27
718,2025-03-31 14:15:41.883010,purchase,39,36
914,2025-03-31 04:35:41.883011,purchase,48,11
192,2025-03-31 08:19:41.883013,page_view,93,38
389,2025-03-31 19:34:41.883015,add_to_cart,90,24
94,2025-03-31 11:08:41.883016,page_view,55,45
656,2025-03-31 13:10:41.883018,page_view,95,28
897,2025-03-31 00:24:41.883020,purchase,30,45
405,2025-03-31 12:56:41.883021,add_to_cart,90,21
674,2025-03-31 07:16:41.883023,page_view,20,39
219,2025-03-31 05:44:41.883025,purchase,59,46
884,2025-03-31 17:59:41.883030,page_view,14,24
943,2025-03-31 02:09:41.883032,purchase,91,24
794,2025-03-31 11:09:41.883033,purchase,14,10
306,2025-03-31 05:09:41.883035,purchase,59,21
213,2025-03-31 05:00:41.883037,purchase,51,41
778,2025-03-31 23:43:41.883039,purchase,11,19
116,2025-03-31 13:21:41.883040,purchase,23,10
773,2025-03-31 21:18:41.883042,purchase,10,21
95,2025-03-31 12:01:41.883044,page_view,96,16
323,2025-03-31 17:32:41.883045,purchase,67,5
485,2025-03-31 23:44:41.883047,add_to_cart,97,49
216,2025-03-31 00:58:41.883049,purchase,23,29
450,2025-03-31 13:10:41.883051,add_to_cart,23,27
35,2025-03-31 06:32:41.883052,purchase,35,12
43,2025-03-31 08:12:41.883054,add_to_cart,69,11
548,2025-03-31 18:29:41.883056,add_to_cart,15,50
806,2025-03-31 08:35:41.883057,add_to_cart,59,8
45,2025-03-31 01:18:41.883059,add_to_cart,52,3
84,2025-03-31 09:26:41.883061,add_to_cart,62,2
507,2025-03-31 20:33:41.883062,page_view,53,49
481,2025-03-31 22:45:41.883064,add_to_cart,76,23
562,2025-03-31 14:08:41.883066,add_to_cart,3,44
112,2025-03-31 05:14:41.883067,page_view,56,42
429,2025-03-31 00:35:41.883069,page_view,64,24
20,2025-03-31 05:35:41.883071,purchase,30,38
756,2025-03-31 07:13:41.883072,page_view,84,12
566,2025-03-31 14:21:41.883074,add_to_cart,88,18
779,2025-03-31 16:15:41.883076,purchase,99,21
502,2025-03-31 15:09:41.883077,page_view,18,16
146,2025-03-31 05:18:41.883079,purchase,84,39
778,2025-03-31 19:48:41.883081,purchase,44,22
38,2025-03-31 22:28:41.883083,purchase,22,33
562,2025-03-31 15:55:41.883084,purchase,99,16
975,2025-03-31 15:58:41.883086,purchase,24,5
445,2025-03-31 13:20:41.883088,add_to_cart,34,42
833,2025-03-31 18:57:41.883089,add_to_cart,77,36
343,2025-03-31 17:27:41.883091,page_view,43,3
209,2025-03-31 04:18:41.883093,purchase,41,4
6,2025-03-31 22:04:41.883095,purchase,35,23
360,2025-03-31 19:22:41.883096,page_view,19,1
244,2025-03-31 02:16:41.883098,purchase,94,24
205,2025-03-31 11:46:41.883100,add_to_cart,84,23
191,2025-03-31 23:09:41.883101,add_to_cart,95,23
890,2025-03-31 08:16:41.883103,page_view,31,1
892,2025-03-31 04:20:41.883105,add_to_cart,38,38
513,2025-03-31 09:01:41.883106,page_view,67,40
908,2025-03-31 12:20:41.883108,purchase,13,14
204,2025-03-31 02:39:41.883109,page_view,65,32
440,2025-03-31 18:53:41.883111,purchase,47,11
588,2025-03-31 09:56:41.883113,add_to_cart,43,6
734,2025-03-31 19:05:41.883115,page_view,73,26
692,2025-03-31 07:36:41.883116,add_to_cart,32,29
466,2025-03-31 07:31:41.883118,purchase,57,6
405,2025-03-31 14:08:41.883120,page_view,58,50
287,2025-03-31 12:57:41.883121,add_to_cart,1,48
762,2025-03-31 04:58:41.883123,purchase,87,45
88,2025-03-31 06:25:41.883125,purchase,68,41
164,2025-03-31 10:26:41.883126,purchase,88,44
209,2025-03-31 13:09:41.883128,page_view,65,34
939,2025-03-31 22:24:41.883130,page_view,61,44
392,2025-03-31 14:21:41.883131,add_to_cart,1,17
836,2025-03-31 02:04:41.883133,purchase,22,1
764,2025-03-31 02:28:41.883134,add_to_cart,81,3
820,2025-03-31 21:05:41.883136,page_view,84,16
379,2025-04-01 00:04:41.883138,add_to_cart,15,38
709,2025-03-31 11:42:41.883140,page_view,86,35
367,2025-03-31 17:40:41.883141,add_to_cart,77,12
30,2025-03-31 12:37:41.883143,add_to_cart,89,39
16,2025-03-31 23:36:41.883144,page_view,35,1
232,2025-03-31 05:57:41.883146,purchase,43,48
444,2025-03-31 21:27:41.883148,purchase,68,24
687,2025-03-31 07:53:41.883150,purchase,61,49
988,2025-03-31 21:29:41.883151,add_to_cart,65,30
975,2025-03-31 06:26:41.883153,add_to_cart,29,11
27,2025-03-31 16:42:41.883155,purchase,79,13
998,2025-03-31 00:30:41.883156,purchase,7,40
971,2025-03-31 02:34:41.883158,purchase,53,32
58,2025-03-31 20:21:41.883160,page_view,29,29
222,2025-03-31 07:56:41.883161,purchase,30,26
579,2025-03-31 00:34:41.883163,purchase,97,20
592,2025-04-01 00:04:41.883165,page_view,86,34
535,2025-03-31 06:58:41.883166,page_view,57,22
763,2025-03-31 12:26:41.883168,page_view,16,1
282,2025-03-31 16:40:41.883170,add_to_cart,69,16
8,2025-03-31 17:58:41.883172,add_to_cart,66,40
485,2025-03-31 09:58:41.883173,purchase,71,28
191,2025-03-31 13:07:41.883175,purchase,64,26
56,2025-03-31 06:57:41.883177,purchase,37,23
921,2025-03-31 06:55:41.883178,page_view,26,27
355,2025-03-31 01:13:41.883180,page_view,7,34
466,2025-03-31 09:31:41.883182,page_view,51,19
582,2025-03-31 19:26:41.883183,purchase,47,22
945,2025-03-31 00:32:41.883185,purchase,2,34
713,2025-03-31 02:33:41.883187,purchase,4,37
35,2025-03-31 12:59:41.883188,add_to_cart,76,15
161,2025-03-31 05:54:41.883190,add_to_cart,95,37
952,2025-03-31 19:08:41.883192,purchase,32,11
325,2025-03-31 08:21:41.883193,purchase,78,19
278,2025-03-31 04:24:41.883195,page_view,56,44
505,2025-03-31 14:41:41.883197,purchase,14,4
375,2025-03-31 22:53:41.883198,purchase,91,37
353,2025-03-31 17:06:41.883200,add_to_cart,36,7
793,2025-03-31 14:14:41.883202,purchase,39,1
319,2025-03-31 11:16:41.883204,purchase,13,5
568,2025-03-31 07:39:41.883205,purchase,96,19
463,2025-03-31 15:08:41.883207,purchase,88,5
100,2025-03-31 03:54:41.883208,purchase,75,27
634,2025-03-31 21:06:41.883210,purchase,64,2
857,2025-03-31 10:59:41.883212,purchase,5,50
273,2025-03-31 05:12:41.883214,purchase,45,21
714,2025-03-31 13:45:41.883215,add_to_cart,61,37
219,2025-03-31 07:29:41.883217,page_view,43,31
793,2025-03-31 15:10:41.883219,add_to_cart,59,7
40,2025-03-31 15:41:41.883220,purchase,77,33
682,2025-03-31 11:02:41.883222,page_view,87,11
789,2025-03-31 10:05:41.883223,page_view,9,29
961,2025-03-31 06:23:41.883225,page_view,51,18
977,2025-03-31 19:04:41.883227,add_to_cart,44,15
101,2025-03-31 18:34:41.883228,purchase,96,48
495,2025-03-31 03:31:41.883230,page_view,38,33
650,2025-03-31 14:46:41.883232,add_to_cart,22,33
350,2025-03-31 05:21:41.883233,purchase,55,47
391,2025-03-31 01:23:41.883235,page_view,47,35
410,2025-03-31 02:23:41.883237,add_to_cart,37,26
621,2025-03-31 04:54:41.883239,add_to_cart,78,9
139,2025-03-31 01:10:41.883240,page_view,3,45
414,2025-03-31 16:56:41.883242,add_to_cart,3,19
903,2025-03-31 12:35:41.883244,add_to_cart,52,38
941,2025-03-31 23:39:41.883245,purchase,56,17
307,2025-03-31 09:44:41.883247,purchase,26,18
361,2025-03-31 00:21:41.883249,add_to_cart,100,24
433,2025-03-31 20:29:41.883250,add_to_cart,95,50
960,2025-03-31 11:40:41.883252,page_view,18,9
545,2025-03-31 20:38:41.883254,purchase,50,30
478,2025-03-31 00:08:41.883255,page_view,98,18
776,2025-03-31 13:11:41.883257,purchase,89,19
924,2025-03-31 04:02:41.883259,page_view,67,40
364,2025-03-31 02:53:41.883261,page_view,44,40
980,2025-03-31 05:35:41.883262,purchase,71,18
768,2025-03-31 08:34:41.883264,add_to_cart,93,14
610,2025-03-31 08:03:41.883266,add_to_cart,87,22
721,2025-03-31 13:48:41.883267,page_view,20,40
156,2025-03-31 01:26:41.883269,purchase,70,23
519,2025-03-31 14:42:41.883271,add_to_cart,82,21
964,2025-03-31 14:23:41.883272,purchase,46,21
435,2025-03-31 20:14:41.883274,add_to_cart,100,47
317,2025-03-31 23:22:41.883276,page_view,99,45
210,2025-03-31 21:15:41.883277,purchase,97,26
823,2025-03-31 18:39:41.883279,page_view,15,15
465,2025-03-31 09:52:41.883281,add_to_cart,98,16
534,2025-03-31 07:02:41.883282,purchase,98,6
825,2025-03-31 00:11:41.883284,page_view,41,36
677,2025-03-31 13:10:41.883286,purchase,73,9
325,2025-03-31 20:16:41.883287,purchase,71,11
471,2025-03-31 04:06:41.883289,purchase,20,42
86,2025-03-31 22:57:41.883291,page_view,42,49
60,2025-03-31 08:10:41.883292,add_to_cart,8,17
818,2025-03-31 00:22:41.883294,purchase,53,44
25,2025-03-31 19:47:41.883296,purchase,6,33
291,2025-03-31 22:28:41.883297,add_to_cart,89,49
400,2025-03-31 01:11:41.883299,add_to_cart,26,32
514,2025-03-31 09:49:41.883301,add_to_cart,41,28
302,2025-03-31 20:01:41.883302,page_view,48,22
177,2025-03-31 17:13:41.883304,purchase,31,40
965,2025-03-31 07:22:41.883306,page_view,26,42
332,2025-03-31 10:29:41.883307,page_view,63,20
231,2025-03-31 13:51:41.883309,add_to_cart,5,33
267,2025-03-31 19:29:41.883311,purchase,45,11
155,2025-03-31 07:36:41.883312,add_to_cart,97,1
74,2025-03-31 07:28:41.883314,add_to_cart,63,7
765,2025-03-31 19:07:41.883316,add_to_cart,2,26
660,2025-03-31 07:01:41.883317,add_to_cart,86,17
561,2025-03-31 03:30:41.883319,purchase,17,29
522,2025-03-31 12:29:41.883321,page_view,68,15
582,2025-03-31 02:59:41.883322,page_view,22,2
716,2025-03-31 02:06:41.883324,add_to_cart,33,7
600,2025-03-31 15:41:41.883326,add_to_cart,49,28
767,2025-03-31 10:46:41.883328,purchase,25,37
998,2025-03-31 15:08:41.883329,purchase,47,34
689,2025-03-31 07:46:41.883331,page_view,87,50
520,2025-03-31 10:25:41.883333,page_view,38,1
448,2025-03-31 07:07:41.883334,add_to_cart,52,22
229,2025-03-31 03:56:41.883336,purchase,28,25
567,2025-03-31 23:31:41.883338,page_view,50,41
137,2025-03-31 10:10:41.883340,purchase,26,33
401,2025-03-31 01:17:41.883341,purchase,45,28
193,2025-03-31 13:33:41.883343,page_view,60,35
416,2025-04-01 00:06:41.883345,page_view,72,37
180,2025-03-31 08:46:41.883347,page_view,78,6
242,2025-03-31 14:51:41.883348,page_view,58,12
547,2025-03-31 15:01:41.883350,page_view,24,36
634,2025-03-31 05:09:41.883352,purchase,52,3
678,2025-03-31 16:50:41.883354,page_view,16,27
331,2025-03-31 14:56:41.883355,add_to_cart,95,35
615,2025-03-31 11:41:41.883357,page_view,62,25
977,2025-03-31 03:38:41.883359,purchase,37,27
662,2025-03-31 07:00:41.883360,page_view,99,34
33,2025-03-31 02:55:41.883362,purchase,64,4
655,2025-03-31 10:19:41.883364,purchase,87,6
387,2025-03-31 17:32:41.883365,add_to_cart,84,8
244,2025-03-31 12:21:41.883367,add_to_cart,49,19
663,2025-03-31 08:15:41.883369,page_view,39,50
69,2025-03-31 12:17:41.883370,purchase,41,20
535,2025-03-31 04:20:41.883372,page_view,42,6
974,2025-03-31 13:58:41.883374,purchase,73,10
788,2025-03-31 11:29:41.883376,add_to_cart,4,48
444,2025-03-31 18:03:41.883377,page_view,36,13
734,2025-03-31 15:00:41.883379,add_to_cart,23,48
339,2025-03-31 04:16:41.883380,page_view,42,34
344,2025-03-31 04:48:41.883382,add_to_cart,43,24
391,2025-03-31 13:20:41.883384,purchase,72,22
607,2025-03-31 13:58:41.883385,purchase,95,19
540,2025-03-31 06:26:41.883387,purchase,39,32
83,2025-03-31 00:58:41.883389,add_to_cart,10,36
285,2025-03-31 20:51:41.883390,page_view,45,1
376,2025-03-31 15:05:41.883392,purchase,85,33
157,2025-03-31 19:52:41.883394,add_to_cart,27,14
684,2025-03-31 02:58:41.883396,add_to_cart,73,36
996,2025-03-31 13:22:41.883397,page_view,80,21
682,2025-03-31 18:51:41.883399,add_to_cart,5,34
219,2025-03-31 07:29:41.883401,purchase,32,3
735,2025-03-31 15:54:41.883402,page_view,67,24
950,2025-03-31 06:52:41.883404,purchase,21,37
237,2025-03-31 12:52:41.883406,page_view,35,16
400,2025-03-31 21:43:41.883407,page_view,4,12
72,2025-03-31 12:36:41.883409,add_to_cart,52,32
300,2025-03-31 21:24:41.883411,add_to_cart,23,27
158,2025-03-31 05:11:41.883412,add_to_cart,74,50
65,2025-03-31 02:01:41.883414,page_view,94,27
149,2025-03-31 01:37:41.883416,add_to_cart,8,43
314,2025-03-31 11:51:41.883417,page_view,10,28
55,2025-03-31 01:16:41.883419,page_view,53,45
707,2025-03-31 18:03:41.883421,add_to_cart,6,11
896,2025-03-31 10:15:41.883422,page_view,94,13
775,2025-03-31 13:58:41.883424,purchase,94,14
853,2025-03-31 00:27:41.883426,purchase,41,44
175,2025-03-31 00:44:41.883427,page_view,33,31
866,2025-03-31 05:43:41.883429,page_view,52,36
521,2025-03-31 17:51:41.883431,add_to_cart,86,37
346,2025-03-31 13:15:41.883432,page_view,44,3
762,2025-04-01 00:04:41.883434,purchase,62,13
21,2025-03-31 19:04:41.883436,add_to_cart,30,8
974,2025-03-31 09:46:41.883437,add_to_cart,95,47
784,2025-03-31 07:05:41.883439,add_to_cart,30,44
866,2025-03-31 18:49:41.883441,add_to_cart,26,32
341,2025-03-31 06:24:41.883443,purchase,85,6
970,2025-03-31 00:25:41.883444,purchase,47,22
326,2025-03-31 19:05:41.883446,page_view,74,45
523,2025-03-31 12:48:41.883448,add_to_cart,27,39
214,2025-03-31 13:45:41.883449,purchase,58,6
545,2025-03-31 03:30:41.883451,add_to_cart,40,14
203,2025-03-31 15:49:41.883456,purchase,11,19
659,2025-03-31 01:02:41.883458,page_view,75,6
481,2025-03-31 12:20:41.883460,add_to_cart,44,38
557,2025-03-31 05:57:41.883461,add_to_cart,17,45
72,2025-03-31 14:28:41.883463,purchase,13,24
350,2025-03-31 17:24:41.883465,page_view,66,6
207,2025-03-31 20:52:41.883467,add_to_cart,20,33
756,2025-03-31 19:54:41.883468,add_to_cart,78,12
612,2025-03-31 06:41:41.883470,purchase,91,26
54,2025-03-31 09:51:41.883472,purchase,30,22
840,2025-03-31 19:05:41.883473,purchase,31,6
525,2025-03-31 11:08:41.883475,page_view,46,40
467,2025-03-31 18:48:41.883477,page_view,16,25
880,2025-03-31 21:04:41.883479,add_to_cart,26,6
756,2025-03-31 02:35:41.883480,page_view,76,20
772,2025-03-31 14:14:41.883482,add_to_cart,12,27
576,2025-03-31 10:05:41.883484,purchase,20,42
560,2025-03-31 00:13:41.883485,add_to_cart,22,4
241,2025-03-31 18:24:41.883487,page_view,14,22
98,2025-03-31 02:43:41.883489,page_view,33,25
527,2025-03-31 22:03:41.883490,page_view,8,3
549,2025-03-31 20:51:41.883492,purchase,96,11
461,2025-03-31 00:16:41.883494,add_to_cart,46,44
534,2025-03-31 00:52:41.883495,page_view,41,47
209,2025-03-31 16:44:41.883497,page_view,72,25
240,2025-03-31 08:15:41.883499,purchase,34,11
380,2025-03-31 07:23:41.883500,add_to_cart,69,8
818,2025-03-31 21:49:41.883502,add_to_cart,88,21
577,2025-03-31 15:46:41.883504,page_view,55,3
67,2025-03-31 23:11:41.883505,page_view,89,31
419,2025-03-31 14:14:41.883507,page_view,94,38
26,2025-03-31 23:05:41.883509,page_view,61,1
68,2025-03-31 06:12:41.883511,page_view,41,39
1,2025-03-31 08:34:41.883512,add_to_cart,88,37
630,2025-03-31 20:18:41.883514,add_to_cart,72,27
523,2025-03-31 02:44:41.883516,add_to_cart,8,10
256,2025-03-31 20:40:41.883517,purchase,3,4
520,2025-03-31 20:25:41.883519,page_view,85,13
479,2025-03-31 09:33:41.883521,page_view,100,4
920,2025-03-31 01:02:41.883522,add_to_cart,39,37
284,2025-03-31 14:28:41.883525,page_view,97,17
528,2025-03-31 16:02:41.883527,add_to_cart,45,1
161,2025-04-01 00:00:41.883528,purchase,56,32
905,2025-03-31 23:14:41.883530,add_to_cart,14,39
702,2025-03-31 00:38:41.883532,add_to_cart,83,10
792,2025-03-31 19:11:41.883533,purchase,74,10
841,2025-03-31 06:04:41.883535,purchase,16,44
616,2025-03-31 20:41:41.883537,add_to_cart,75,18
867,2025-03-31 21:07:41.883539,purchase,69,45
969,2025-03-31 08:53:41.883540,purchase,90,28
185,2025-03-31 18:28:41.883542,purchase,3,43
860,2025-03-31 13:46:41.883543,add_to_cart,80,39
898,2025-03-31 14:11:41.883545,add_to_cart,45,50
536,2025-03-31 12:23:41.883547,add_to_cart,93,15
872,2025-03-31 20:31:41.883549,page_view,86,31
645,2025-03-31 16:38:41.883550,add_to_cart,51,45
638,2025-03-31 22:18:41.883552,page_view,49,46
573,2025-03-31 08:51:41.883554,page_view,13,47
647,2025-03-31 13:11:41.883555,purchase,84,4
457,2025-03-31 07:46:41.883566,add_to_cart,58,47
42,2025-03-31 06:48:41.883568,add_to_cart,75,12
307,2025-03-31 01:12:41.883570,add_to_cart,57,47
854,2025-03-31 11:44:41.883571,page_view,84,8
557,2025-03-31 06:22:41.883573,purchase,54,50
174,2025-03-31 15:10:41.883575,purchase,67,34
357,2025-03-31 10:35:41.883576,purchase,14,39
926,2025-03-31 21:27:41.883578,add_to_cart,56,21
899,2025-03-31 06:33:41.883580,page_view,27,11
141,2025-03-31 06:32:41.883582,add_to_cart,18,25
932,2025-03-31 10:04:41.883583,add_to_cart,22,33
838,2025-03-31 04:43:41.883585,page_view,27,39
390,2025-03-31 13:44:41.883587,page_view,21,14
801,2025-03-31 11:29:41.883588,page_view,12,7
955,2025-03-31 03:17:41.883590,purchase,64,20
550,2025-03-31 14:57:41.883592,page_view,30,47
226,2025-03-31 09:48:41.883597,purchase,83,46
439,2025-03-31 10:37:41.883599,add_to_cart,43,27
999,2025-03-31 09:04:41.883600,purchase,73,31
526,2025-03-31 03:26:41.883602,page_view,50,16
475,2025-03-31 00:41:41.883604,purchase,75,27
130,2025-03-31 03:12:41.883605,page_view,28,38
968,2025-03-31 01:28:41.883607,add_to_cart,80,39
517,2025-03-31 07:02:41.883609,purchase,29,5
311,2025-03-31 11:17:41.883611,add_to_cart,33,22
615,2025-03-31 21:10:41.883612,purchase,13,1
599,2025-03-31 14:49:41.883614,add_to_cart,83,2
644,2025-03-31 22:13:41.883616,purchase,61,36
308,2025-03-31 17:40:41.883617,purchase,47,14
32,2025-03-31 21:49:41.883619,add_to_cart,26,26
642,2025-03-31 11:59:41.883621,add_to_cart,86,15
610,2025-03-31 18:03:41.883622,purchase,27,24
710,2025-03-31 11:55:41.883624,add_to_cart,29,21
273,2025-03-31 23:17:41.883626,add_to_cart,16,17
455,2025-03-31 00:12:41.883627,add_to_cart,73,21
463,2025-03-31 06:14:41.883629,add_to_cart,96,18
783,2025-04-01 00:06:41.883631,purchase,90,48
275,2025-03-31 02:13:41.883633,add_to_cart,74,43
687,2025-03-31 18:15:41.883634,purchase,86,19
714,2025-03-31 15:01:41.883639,purchase,44,29
986,2025-03-31 20:43:41.883641,add_to_cart,6,14
950,2025-03-31 08:37:41.883642,add_to_cart,64,2
453,2025-03-31 17:41:41.883644,add_to_cart,33,41
814,2025-03-31 03:42:41.883646,page_view,81,3
554,2025-03-31 18:40:41.883648,add_to_cart,44,12
423,2025-03-31 10:25:41.883649,add_to_cart,10,19
833,2025-03-31 08:54:41.883651,purchase,84,20
648,2025-03-31 16:12:41.883653,purchase,68,5
649,2025-03-31 08:17:41.883654,add_to_cart,31,34
419,2025-03-31 01:53:41.883656,add_to_cart,4,1
395,2025-03-31 03:53:41.883658,add_to_cart,24,43
390,2025-03-31 06:27:41.883659,page_view,45,41
978,2025-03-31 18:57:41.883661,page_view,73,19
893,2025-03-31 00:22:41.883663,page_view,78,35
119,2025-03-31 07:38:41.883665,purchase,66,40
939,2025-03-31 17:02:41.883666,page_view,27,40
481,2025-03-31 06:53:41.883668,purchase,83,11
870,2025-03-31 11:25:41.883670,purchase,92,31
977,2025-03-31 12:26:41.883671,purchase,59,16
496,2025-03-31 23:14:41.883673,page_view,6,46
570,2025-03-31 05:12:41.883675,add_to_cart,43,9
445,2025-03-31 09:26:41.883676,purchase,32,8
130,2025-03-31 18:31:41.883678,add_to_cart,2,9
642,2025-03-31 23:18:41.883680,purchase,89,49
59,2025-03-31 03:41:41.883682,purchase,4,28
491,2025-03-31 18:53:41.883684,add_to_cart,25,18
393,2025-03-31 22:38:41.883685,page_view,50,34
410,2025-03-31 16:57:41.883687,page_view,37,31
254,2025-03-31 09:36:41.883689,page_view,28,8
270,2025-03-31 11:22:41.883691,purchase,82,15
463,2025-03-31 22:26:41.883692,add_to_cart,29,11
21,2025-03-31 05:15:41.883694,page_view,19,38
650,2025-03-31 11:54:41.883696,page_view,16,24
132,2025-03-31 06:24:41.883697,purchase,65,13
269,2025-03-31 11:57:41.883699,add_to_cart,87,5
380,2025-03-31 22:41:41.883701,page_view,51,42
839,2025-03-31 22:16:41.883702,purchase,16,14
623,2025-03-31 01:46:41.883704,page_view,82,21
632,2025-03-31 10:41:41.883706,purchase,6,6
709,2025-03-31 18:36:41.883707,page_view,59,8
625,2025-03-31 10:09:41.883709,purchase,4,5
591,2025-03-31 15:13:41.883711,page_view,42,11
40,2025-03-31 23:52:41.883713,page_view,12,42
324,2025-03-31 15:36:41.883715,add_to_cart,21,22
556,2025-03-31 22:14:41.883716,add_to_cart,55,34
741,2025-03-31 04:24:41.883718,page_view,75,34
711,2025-03-31 06:01:41.883719,purchase,95,42
129,2025-03-31 01:01:41.883721,purchase,23,32
807,2025-03-31 21:26:41.883723,add_to_cart,39,8
272,2025-03-31 05:00:41.883725,purchase,37,13
43,2025-03-31 03:12:41.883726,add_to_cart,23,3
555,2025-03-31 20:15:41.883728,add_to_cart,38,44
696,2025-03-31 21:00:41.883730,purchase,70,3
154,2025-03-31 08:30:41.883732,purchase,99,5
525,2025-03-31 08:40:41.883733,add_to_cart,68,11
179,2025-03-31 11:29:41.883735,page_view,37,6
329,2025-03-31 05:47:41.883736,purchase,74,27
838,2025-03-31 20:12:41.883738,page_view,15,8
229,2025-03-31 14:16:41.883740,add_to_cart,94,19
304,2025-03-31 06:17:41.883742,add_to_cart,38,36
189,2025-03-31 11:12:41.883743,add_to_cart,24,18
391,2025-03-31 04:14:41.883745,purchase,10,2
468,2025-03-31 13:42:41.883747,purchase,45,41
50,2025-03-31 19:50:41.883748,add_to_cart,4,28
94,2025-03-31 11:34:41.883750,purchase,16,39
946,2025-03-31 14:55:41.883752,purchase,74,36
204,2025-03-31 14:03:41.883753,add_to_cart,67,33
134,2025-03-31 23:49:41.883755,purchase,38,20
169,2025-03-31 02:45:41.883757,purchase,87,32
872,2025-03-31 09:35:41.883758,add_to_cart,35,26
123,2025-03-31 07:37:41.883760,page_view,6,40
157,2025-03-31 19:38:41.883762,purchase,15,49
371,2025-03-31 22:28:41.883763,page_view,19,10
891,2025-03-31 14:12:41.883765,page_view,9,44
205,2025-03-31 22:37:41.883767,purchase,17,47
814,2025-03-31 02:33:41.883768,add_to_cart,1,30
321,2025-03-31 05:02:41.883770,page_view,57,34
814,2025-03-31 19:02:41.883772,purchase,3,37
820,2025-03-31 20:56:41.883773,page_view,81,26
365,2025-03-31 06:55:41.883775,page_view,30,32
183,2025-03-31 00:33:41.883777,add_to_cart,12,40
245,2025-03-31 08:31:41.883779,page_view,90,7
483,2025-03-31 08:28:41.883780,add_to_cart,17,14
211,2025-03-31 12:06:41.883782,page_view,73,38
70,2025-03-31 13:35:41.883784,page_view,41,30
417,2025-03-31 15:01:41.883786,purchase,55,50
325,2025-03-31 07:11:41.883787,add_to_cart,4,20
55,2025-03-31 12:36:41.883789,purchase,40,11
445,2025-03-31 17:27:41.883791,purchase,39,36
274,2025-03-31 11:52:41.883792,purchase,71,9
862,2025-03-31 01:32:41.883794,page_view,78,41
276,2025-03-31 15:24:41.883796,add_to_cart,55,1
501,2025-03-31 15:21:41.883797,purchase,11,49
417,2025-03-31 22:02:41.883799,add_to_cart,1,20
598,2025-03-31 19:32:41.883801,page_view,94,8
673,2025-03-31 16:18:41.883803,page_view,77,19
708,2025-03-31 13:09:41.883804,purchase,17,6
189,2025-03-31 04:41:41.883806,page_view,45,40
288,2025-03-31 19:14:41.883808,add_to_cart,10,17
302,2025-03-31 13:11:41.883810,page_view,53,18
69,2025-03-31 09:26:41.883811,page_view,2,2
934,2025-03-31 12:28:41.883813,page_view,1,34
164,2025-03-31 19:03:41.883814,page_view,31,20
253,2025-03-31 07:40:41.883816,purchase,18,50
693,2025-03-31 21:08:41.883818,page_view,85,45
276,2025-03-31 14:46:41.883820,page_view,3,20
871,2025-03-31 23:23:41.883822,page_view,50,30
902,2025-03-31 02:53:41.883823,add_to_cart,17,26
894,2025-03-31 08:08:41.883825,purchase,73,32
322,2025-03-31 01:48:41.883827,add_to_cart,31,24
997,2025-03-31 11:18:41.883829,page_view,83,23
347,2025-03-31 10:17:41.883830,page_view,63,14
641,2025-03-31 22:28:41.883832,purchase,83,1
161,2025-03-31 10:12:41.883834,purchase,63,19
892,2025-03-31 09:25:41.883835,page_view,31,37
566,2025-03-31 20:55:41.883837,add_to_cart,91,26
579,2025-03-31 23:20:41.883839,purchase,70,41
542,2025-03-31 22:39:41.883843,purchase,56,44
821,2025-03-31 19:11:41.883845,add_to_cart,24,43
843,2025-03-31 10:14:41.883847,add_to_cart,29,20
126,2025-03-31 09:40:41.883849,purchase,68,7
14,2025-03-31 06:56:41.883850,page_view,78,18
702,2025-03-31 15:31:41.883852,purchase,17,36
712,2025-03-31 03:53:41.883854,purchase,44,43
793,2025-03-31 22:51:41.883855,purchase,34,6
855,2025-03-31 16:48:41.883857,page_view,51,16
221,2025-03-31 10:32:41.883859,purchase,55,36
444,2025-03-31 12:25:41.883861,page_view,25,25
312,2025-03-31 23:26:41.883862,add_to_cart,12,41
999,2025-03-31 04:16:41.883864,page_view,42,9
550,2025-03-31 19:53:41.883869,add_to_cart,46,33
23,2025-03-31 14:20:41.883871,purchase,23,39
773,2025-03-31 12:38:41.883872,add_to_cart,2,11
826,2025-03-31 01:44:41.883874,add_to_cart,48,7
538,2025-03-31 19:09:41.883876,page_view,24,32
380,2025-03-31 13:26:41.883877,purchase,71,23
664,2025-03-31 21:08:41.883879,purchase,11,21
11,2025-03-31 13:20:41.883881,add_to_cart,32,9
733,2025-03-31 14:40:41.883883,purchase,59,19
668,2025-03-31 23:15:41.883884,purchase,84,4
900,2025-03-31 06:36:41.883886,add_to_cart,84,2
645,2025-03-31 12:54:41.883888,page_view,69,22
793,2025-03-31 08:34:41.883889,page_view,1,20
119,2025-03-31 18:14:41.883891,add_to_cart,13,18
343,2025-03-31 15:30:41.883893,purchase,49,28
51,2025-03-31 03:07:41.883894,purchase,44,21
63,2025-03-31 08:10:41.883896,purchase,6,24
113,2025-03-31 17:05:41.883898,purchase,96,13
26,2025-03-31 14:28:41.883899,page_view,2,42
977,2025-03-31 23:05:41.883901,purchase,21,42
872,2025-03-31 09:52:41.883903,purchase,73,9
908,2025-03-31 11:08:41.883904,purchase,43,49
149,2025-03-31 16:53:41.883906,page_view,46,29
26,2025-03-31 18:57:41.883908,purchase,3,12
932,2025-03-31 15:54:41.883909,add_to_cart,68,14
856,2025-03-31 10:44:41.883911,purchase,10,23
297,2025-03-31 01:38:41.883913,add_to_cart,66,5
722,2025-03-31 19:17:41.883914,add_to_cart,36,34
517,2025-03-31 04:22:41.883916,purchase,48,42
628,2025-03-31 02:49:41.883918,page_view,46,23
596,2025-03-31 02:39:41.883920,page_view,9,24
501,2025-03-31 03:26:41.883921,add_to_cart,54,26
495,2025-03-31 09:57:41.883923,purchase,55,49
381,2025-03-31 16:50:41.883925,page_view,99,49
639,2025-03-31 01:14:41.883926,purchase,83,35
908,2025-03-31 07:00:41.883928,purchase,84,28
997,2025-03-31 22:41:41.883930,purchase,76,20
208,2025-03-31 13:31:41.883931,page_view,46,5
82,2025-03-31 16:26:41.883933,add_to_cart,34,10
72,2025-03-31 22:52:41.883935,add_to_cart,47,17
302,2025-03-31 09:43:41.883936,purchase,70,42
880,2025-03-31 09:00:41.883938,purchase,96,16
109,2025-03-31 22:03:41.883940,purchase,12,3
827,2025-03-31 14:43:41.883942,page_view,27,10
102,2025-03-31 13:22:41.883943,purchase,71,33
816,2025-03-31 01:18:41.883945,purchase,3,28
814,2025-03-31 12:32:41.883947,add_to_cart,98,22
506,2025-03-31 08:46:41.883948,page_view,98,8
290,2025-03-31 21:18:41.883950,page_view,89,26
421,2025-03-31 04:38:41.883952,page_view,64,33
107,2025-03-31 20:40:41.883954,purchase,82,35
298,2025-03-31 00:20:41.883955,page_view,66,42
987,2025-03-31 06:49:41.883957,page_view,41,25
391,2025-03-31 07:10:41.883959,purchase,63,20
55,2025-03-31 04:49:41.883960,page_view,63,27
322,2025-03-31 23:23:41.883962,page_view,72,48
884,2025-03-31 03:00:41.883964,page_view,97,26
290,2025-03-31 22:41:41.883965,purchase,72,37
99,2025-03-31 16:41:41.883967,page_view,15,4
509,2025-03-31 21:05:41.883969,page_view,9,31
975,2025-03-31 23:14:41.883970,page_view,97,30
111,2025-03-31 04:02:41.883972,add_to_cart,95,36
64,2025-03-31 03:10:41.883974,purchase,53,41
785,2025-03-31 13:05:41.883976,add_to_cart,26,43
814,2025-03-31 13:16:41.883977,purchase,9,27
136,2025-03-31 09:21:41.883979,purchase,75,11
421,2025-03-31 12:14:41.883981,add_to_cart,1,43
881,2025-03-31 22:45:41.883982,purchase,82,25
777,2025-03-31 18:30:41.883984,add_to_cart,48,10
137,2025-03-31 18:58:41.883986,add_to_cart,52,29
769,2025-03-31 18:17:41.883988,page_view,51,13
630,2025-03-31 08:42:41.883989,page_view,16,5
730,2025-03-31 20:52:41.883991,page_view,32,13
837,2025-03-31 14:36:41.883993,add_to_cart,29,31
457,2025-03-31 22:16:41.883994,page_view,67,22
906,2025-03-31 10:21:41.883996,purchase,9,21
161,2025-03-31 11:47:41.883998,add_to_cart,1,11
715,2025-03-31 02:36:41.883999,page_view,9,8
318,2025-03-31 18:36:41.884001,page_view,4,15
282,2025-03-31 07:04:41.884003,add_to_cart,3,33
783,2025-03-31 04:25:41.884005,purchase,84,18
309,2025-03-31 17:12:41.884006,page_view,27,50
984,2025-03-31 06:34:41.884008,purchase,74,50
737,2025-03-31 00:21:41.884010,add_to_cart,42,14
455,2025-03-31 18:26:41.884011,add_to_cart,43,4
926,2025-03-31 06:51:41.884013,page_view,69,33
194,2025-03-31 06:11:41.884015,add_to_cart,62,28
769,2025-03-31 10:30:41.884016,purchase,49,12
495,2025-03-31 03:48:41.884018,purchase,78,7
373,2025-03-31 15:22:41.884020,purchase,88,7
521,2025-03-31 15:29:41.884022,page_view,89,33
744,2025-03-31 10:55:41.884023,purchase,87,34
836,2025-03-31 20:19:41.884025,purchase,21,16
889,2025-03-31 21:02:41.884027,page_view,27,21
812,2025-03-31 17:18:41.884028,purchase,66,2
425,2025-03-31 10:02:41.884030,add_to_cart,87,48
691,2025-03-31 12:48:41.884032,purchase,3,13
129,2025-03-31 15:21:41.884033,purchase,48,44
189,2025-03-31 23:52:41.884035,page_view,41,41
532,2025-03-31 17:41:41.884037,purchase,72,34
424,2025-03-31 21:48:41.884039,page_view,38,13
948,2025-03-31 14:41:41.884040,page_view,79,4
638,2025-03-31 02:23:41.884042,page_view,38,31
436,2025-03-31 15:30:41.884044,page_view,14,32
725,2025-03-31 09:23:41.884045,purchase,29,26
160,2025-03-31 06:16:41.884047,page_view,99,28
443,2025-03-31 10:27:41.884049,purchase,33,45
353,2025-03-31 05:15:41.884050,add_to_cart,62,30
664,2025-03-31 09:18:41.884052,add_to_cart,61,27
959,2025-03-31 18:07:41.884054,add_to_cart,3,2
163,2025-03-31 09:11:41.884055,purchase,45,11
586,2025-03-31 04:43:41.884057,page_view,1,36
590,2025-03-31 07:06:41.884059,add_to_cart,100,31
265,2025-03-31 05:31:41.884060,purchase,82,32
672,2025-03-31 09:10:41.884062,purchase,25,37
909,2025-03-31 22:59:41.884064,add_to_cart,60,38
502,2025-03-31 15:04:41.884065,add_to_cart,90,10
860,2025-03-31 09:06:41.884067,purchase,64,41
366,2025-03-31 03:25:41.884069,add_to_cart,29,34
975,2025-03-31 23:32:41.884070,purchase,53,26
814,2025-03-31 05:21:41.884072,page_view,58,35
917,2025-03-31 09:16:41.884074,add_to_cart,100,45
545,2025-03-31 07:05:41.884076,page_view,83,37
902,2025-03-31 05:55:41.884077,page_view,37,27
307,2025-03-31 00:54:41.884079,add_to_cart,18,21
193,2025-03-31 15:05:41.884081,page_view,60,26
838,2025-03-31 09:09:41.884082,add_to_cart,82,43
783,2025-03-31 07:05:41.884084,add_to_cart,53,33
779,2025-03-31 08:42:41.884086,add_to_cart,64,17
985,2025-03-31 14:08:41.884087,page_view,51,39
56,2025-03-31 16:38:41.884089,add_to_cart,34,22
387,2025-03-31 05:13:41.884091,purchase,48,41
619,2025-03-31 22:17:41.884092,page_view,34,17
656,2025-03-31 11:03:41.884094,purchase,23,38
452,2025-03-31 01:20:41.884096,add_to_cart,100,38
660,2025-03-31 14:07:41.884097,add_to_cart,62,43
561,2025-03-31 03:18:41.884099,purchase,21,46
509,2025-03-31 03:58:41.884101,purchase,25,40
130,2025-03-31 22:33:41.884102,purchase,78,2
906,2025-03-31 00:48:41.884104,purchase,83,42
281,2025-03-31 02:03:41.884106,purchase,28,26
439,2025-03-31 00:35:41.884107,add_to_cart,98,45
821,2025-03-31 05:59:41.884109,page_view,1,20
523,2025-03-31 03:03:41.884111,purchase,34,23
503,2025-03-31 02:56:41.884112,purchase,22,8
652,2025-03-31 21:30:41.884114,page_view,12,4
955,2025-03-31 18:10:41.884116,page_view,79,50
896,2025-03-31 21:59:41.884117,page_view,68,28
960,2025-03-31 04:28:41.884119,purchase,33,8
926,2025-03-31 05:39:41.884121,purchase,24,18
713,2025-03-31 16:25:41.884122,add_to_cart,91,3
988,2025-03-31 06:18:41.884124,add_to_cart,7,28
358,2025-03-31 11:52:41.884126,page_view,18,35
480,2025-03-31 19:50:41.884128,purchase,29,8
868,2025-03-31 06:22:41.884129,page_view,61,24
207,2025-03-31 07:34:41.884131,add_to_cart,5,21
848,2025-03-31 20:18:41.884133,add_to_cart,87,15
701,2025-03-31 04:46:41.884134,purchase,65,6
479,2025-03-31 11:02:41.884136,purchase,83,37
794,2025-03-31 05:36:41.884138,add_to_cart,92,12
518,2025-03-31 04:30:41.884139,purchase,26,36
828,2025-03-31 06:12:41.884141,page_view,97,28
850,2025-03-31 06:46:41.884143,page_view,99,9
234,2025-03-31 18:13:41.884145,add_to_cart,6,30
307,2025-03-31 03:02:41.884146,page_view,52,43
111,2025-03-31 05:35:41.884148,purchase,12,2
581,2025-03-31 08:35:41.884150,purchase,64,9
263,2025-03-31 03:40:41.884151,purchase,80,49
506,2025-03-31 07:06:41.884153,add_to_cart,1,4
674,2025-03-31 04:46:41.884155,page_view,1,29
364,2025-03-31 12:24:41.884158,page_view,23,26
878,2025-03-31 10:32:41.884160,add_to_cart,77,40
79,2025-03-31 05:01:41.884162,page_view,98,40
548,2025-03-31 03:53:41.884164,page_view,31,46
315,2025-03-31 20:11:41.884166,purchase,38,47
636,2025-03-31 02:24:41.884167,page_view,19,31
625,2025-03-31 22:06:41.884169,add_to_cart,78,8
204,2025-03-31 03:40:41.884171,purchase,23,20
144,2025-03-31 06:17:41.884173,page_view,50,37
170,2025-03-31 06:09:41.884175,add_to_cart,72,40
335,2025-03-31 04:52:41.884177,page_view,72,34
935,2025-03-31 13:43:41.884178,add_to_cart,57,47
204,2025-03-31 23:00:41.884180,add_to_cart,93,40
481,2025-03-31 13:15:41.884182,purchase,3,24
911,2025-03-31 03:43:41.884184,add_to_cart,10,23
170,2025-03-31 02:06:41.884185,add_to_cart,29,15
496,2025-03-31 08:37:41.884187,add_to_cart,67,20
285,2025-03-31 01:33:41.884189,add_to_cart,43,9
493,2025-03-31 21:45:41.884190,page_view,49,48
158,2025-03-31 22:41:41.884192,purchase,59,48
649,2025-03-31 11:18:41.884194,purchase,35,23
401,2025-03-31 00:57:41.884196,add_to_cart,88,16
528,2025-03-31 21:50:41.884198,add_to_cart,71,43
67,2025-03-31 01:51:41.884199,add_to_cart,34,30
316,2025-03-31 00:51:41.884201,page_view,19,6
691,2025-03-31 17:36:41.884203,page_view,45,13
336,2025-03-31 10:16:41.884204,page_view,52,45
469,2025-03-31 12:01:41.884206,purchase,71,29
943,2025-03-31 11:08:41.884208,purchase,75,32
651,2025-03-31 17:41:41.884210,page_view,50,23
378,2025-03-31 15:45:41.884211,purchase,22,40
550,2025-03-31 00:57:41.884213,purchase,90,43
760,2025-03-31 03:09:41.884215,page_view,36,43
556,2025-03-31 02:55:41.884216,page_view,37,46
316,2025-03-31 14:09:41.884218,purchase,55,41
137,2025-03-31 02:27:41.884220,purchase,33,37
927,2025-03-31 11:17:41.884221,page_view,43,11
329,2025-03-31 10:29:41.884223,page_view,48,17
491,2025-03-31 22:34:41.884225,purchase,60,26
700,2025-03-31 18:09:41.884227,page_view,22,17
61,2025-03-31 18:07:41.884229,purchase,4,18
982,2025-03-31 14:07:41.884230,purchase,5,37
31,2025-03-31 21:37:41.884232,add_to_cart,67,49
334,2025-03-31 20:45:41.884234,add_to_cart,81,26
471,2025-03-31 13:21:41.884235,purchase,42,37
202,2025-03-31 08:18:41.884237,add_to_cart,2,42
413,2025-03-31 14:57:41.884239,add_to_cart,38,30
888,2025-03-31 06:22:41.884242,add_to_cart,4,14
109,2025-03-31 04:16:41.884243,add_to_cart,11,43
438,2025-03-31 19:59:41.884245,page_view,60,30
10,2025-03-31 07:22:41.884247,page_view,14,47
352,2025-03-31 07:50:41.884248,purchase,92,20
427,2025-03-31 20:34:41.884250,add_to_cart,95,6
908,2025-03-31 19:06:41.884252,page_view,25,44
205,2025-03-31 14:52:41.884254,page_view,69,42
650,2025-03-31 12:15:41.884255,add_to_cart,63,4
488,2025-03-31 06:04:41.884257,add_to_cart,6,48
9,2025-03-31 04:43:41.884259,page_view,57,28
292,2025-03-31 04:33:41.884261,page_view,31,4
117,2025-03-31 19:09:41.884263,purchase,59,49
519,2025-03-31 02:07:41.884265,add_to_cart,37,7
332,2025-03-31 01:14:41.884266,page_view,50,18
21,2025-03-31 00:25:41.884268,page_view,33,22
376,2025-03-31 01:45:41.884270,purchase,56,21
140,2025-03-31 14:07:41.884271,purchase,84,14
170,2025-03-31 04:21:41.884273,purchase,15,36
323,2025-03-31 20:16:41.884275,page_view,86,12
850,2025-03-31 03:16:41.884276,page_view,87,33
746,2025-03-31 03:19:41.884278,purchase,30,21
982,2025-03-31 01:29:41.884280,purchase,41,7
984,2025-03-31 20:57:41.884281,add_to_cart,90,17
940,2025-03-31 08:39:41.884283,add_to_cart,13,7
385,2025-03-31 01:24:41.884285,purchase,28,4
277,2025-03-31 22:50:41.884286,add_to_cart,2,23
597,2025-03-31 23:40:41.884288,purchase,45,7
429,2025-03-31 13:12:41.884290,add_to_cart,87,26
933,2025-03-31 13:10:41.884291,add_to_cart,38,36
727,2025-03-31 21:25:41.884293,page_view,7,44
520,2025-03-31 14:21:41.884295,add_to_cart,93,25
567,2025-03-31 06:33:41.884296,add_to_cart,41,3
649,2025-03-31 18:39:41.884298,add_to_cart,71,50
566,2025-04-01 00:07:41.884300,page_view,43,44
240,2025-03-31 15:01:41.884302,page_view,73,30
731,2025-03-31 10:24:41.884303,purchase,30,50
780,2025-03-31 20:00:41.884305,page_view,17,44
162,2025-03-31 08:41:41.884307,page_view,2,13
522,2025-03-31 16:46:41.884309,purchase,26,32
981,2025-03-31 20:32:41.884310,purchase,19,37
459,2025-03-31 07:49:41.884312,purchase,34,46
667,2025-03-31 17:29:41.884314,page_view,3,8
973,2025-03-31 21:58:41.884315,add_to_cart,86,17
97,2025-03-31 07:35:41.884317,page_view,11,9
665,2025-03-31 07:59:41.884319,page_view,36,45
302,2025-03-31 05:56:41.884320,add_to_cart,47,18
752,2025-03-31 23:39:41.884322,purchase,40,19
405,2025-03-31 08:30:41.884324,add_to_cart,46,19
255,2025-03-31 11:35:41.884326,add_to_cart,17,13
488,2025-03-31 07:50:41.884327,page_view,84,8
973,2025-03-31 19:20:41.884329,page_view,90,18
802,2025-03-31 17:19:41.884331,add_to_cart,86,13
444,2025-03-31 07:50:41.884333,purchase,62,49
632,2025-03-31 10:00:41.884334,page_view,99,14
688,2025-03-31 16:01:41.884336,purchase,87,17
446,2025-03-31 03:08:41.884338,page_view,21,7
622,2025-03-31 08:28:41.884339,page_view,1,2
329,2025-03-31 09:33:41.884341,purchase,60,39
96,2025-03-31 15:46:41.884343,purchase,9,24
725,2025-03-31 01:44:41.884345,purchase,29,5
274,2025-03-31 20:47:41.884346,add_to_cart,6,9
285,2025-03-31 02:25:41.884348,add_to_cart,23,28
4,2025-03-31 21:36:41.884350,add_to_cart,14,9
96,2025-03-31 02:18:41.884352,purchase,34,47
661,2025-03-31 15:09:41.884353,add_to_cart,90,11
817,2025-03-31 09:39:41.884355,purchase,17,38
794,2025-03-31 02:02:41.884357,add_to_cart,79,44
609,2025-03-31 06:29:41.884358,add_to_cart,74,43
49,2025-03-31 02:34:41.884360,purchase,93,34
766,2025-04-01 00:03:41.884362,purchase,48,25
158,2025-03-31 19:22:41.884364,add_to_cart,59,37
939,2025-03-31 06:39:41.884365,page_view,18,26
106,2025-03-31 07:22:41.884367,page_view,64,8
560,2025-03-31 09:59:41.884369,purchase,13,24
870,2025-03-31 04:48:41.884370,page_view,46,17
125,2025-03-31 02:52:41.884372,purchase,95,6
279,2025-03-31 06:29:41.884374,page_view,36,50
967,2025-03-31 17:11:41.884375,page_view,35,32
63,2025-03-31 17:30:41.884377,page_view,19,47
427,2025-03-31 21:38:41.884379,purchase,31,8
352,2025-03-31 05:45:41.884381,purchase,42,5
791,2025-03-31 06:34:41.884382,add_to_cart,40,9
21,2025-03-31 06:26:41.884384,add_to_cart,14,15
37,2025-03-31 09:58:41.884386,purchase,63,14
558,2025-03-31 06:06:41.884387,purchase,67,34
277,2025-03-31 15:53:41.884389,page_view,61,44
159,2025-03-31 10:58:41.884391,page_view,57,2
514,2025-03-31 06:00:41.884393,add_to_cart,59,30
409,2025-03-31 10:56:41.884394,add_to_cart,27,40
710,2025-03-31 07:35:41.884396,add_to_cart,73,22
874,2025-03-31 16:33:41.884398,add_to_cart,78,10
308,2025-03-31 01:04:41.884399,page_view,11,40
687,2025-03-31 10:27:41.884401,add_to_cart,33,8
156,2025-03-31 10:27:41.884403,purchase,81,37
251,2025-03-31 19:42:41.884405,page_view,100,39
348,2025-03-31 10:22:41.884406,purchase,79,8
600,2025-03-31 03:51:41.884408,page_view,25,43
430,2025-03-31 09:40:41.884410,purchase,17,33
838,2025-03-31 23:15:41.884411,page_view,69,29
109,2025-03-31 21:09:41.884413,add_to_cart,72,3
371,2025-03-31 05:23:41.884415,add_to_cart,8,40
44,2025-03-31 20:37:41.884417,add_to_cart,72,49
370,2025-03-31 03:06:41.884418,purchase,48,28
783,2025-03-31 05:49:41.884420,page_view,100,47
655,2025-03-31 20:21:41.884422,add_to_cart,89,47
524,2025-03-31 18:48:41.884423,purchase,46,11
398,2025-03-31 03:07:41.884425,purchase,14,33
970,2025-03-31 14:01:41.884427,add_to_cart,8,50
350,2025-03-31 00:48:41.884428,page_view,12,6
327,2025-03-31 06:01:41.884430,add_to_cart,89,2
70,2025-03-31 10:14:41.884432,page_view,77,35
391,2025-03-31 13:34:41.884434,add_to_cart,77,16
326,2025-03-31 16:59:41.884436,add_to_cart,95,33
842,2025-03-31 08:23:41.884437,add_to_cart,96,9
623,2025-03-31 07:56:41.884439,purchase,47,26
44,2025-03-31 03:51:41.884441,purchase,26,29
207,2025-03-31 22:47:41.884442,page_view,76,41
749,2025-03-31 18:14:41.884444,purchase,44,17
78,2025-03-31 01:00:41.884446,purchase,74,33
687,2025-03-31 06:01:41.884447,add_to_cart,44,19
727,2025-03-31 04:13:41.884449,add_to_cart,33,19
929,2025-03-31 23:42:41.884451,add_to_cart,72,19
109,2025-03-31 05:51:41.884453,add_to_cart,68,50
792,2025-03-31 17:31:41.884454,page_view,33,37
879,2025-03-31 22:23:41.884456,page_view,86,29
725,2025-03-31 04:01:41.884458,page_view,87,32
805,2025-03-31 12:59:41.884460,page_view,57,11
186,2025-03-31 23:45:41.884462,page_view,63,23
244,2025-03-31 15:06:41.884463,add_to_cart,62,45
275,2025-03-31 03:18:41.884465,purchase,37,49
830,2025-03-31 20:04:41.884467,add_to_cart,91,25
59,2025-03-31 13:05:41.884468,add_to_cart,7,24
645,2025-03-31 15:42:41.884470,purchase,65,32
37,2025-03-31 03:46:41.884472,purchase,36,29
59,2025-03-31 18:12:41.884473,purchase,11,23
697,2025-03-31 20:14:41.884475,purchase,59,6
265,2025-03-31 21:28:41.884477,page_view,74,15
689,2025-03-31 21:32:41.884479,page_view,30,44
919,2025-03-31 14:04:41.884480,add_to_cart,55,44
117,2025-03-31 01:14:41.884482,purchase,31,5
147,2025-03-31 08:34:41.884484,purchase,59,50
551,2025-03-31 16:07:41.884485,purchase,48,11
854,2025-03-31 17:13:41.884487,purchase,12,4
992,2025-03-31 09:47:41.884489,purchase,35,30
588,2025-03-31 20:13:41.884491,page_view,4,17
128,2025-03-31 02:45:41.884492,purchase,14,19
35,2025-03-31 00:14:41.884494,purchase,45,31
558,2025-03-31 14:56:41.884496,add_to_cart,53,18
423,2025-03-31 02:39:41.884497,purchase,88,45
459,2025-03-31 03:48:41.884499,page_view,11,25
358,2025-03-31 06:24:41.884501,page_view,77,1
282,2025-03-31 18:09:41.884502,add_to_cart,38,46
762,2025-03-31 20:12:41.884504,add_to_cart,8,3
6,2025-03-31 15:02:41.884506,purchase,64,23
920,2025-03-31 20:27:41.884507,purchase,32,26
465,2025-03-31 13:57:41.884509,purchase,44,26
24,2025-03-31 11:00:41.884511,add_to_cart,54,37
867,2025-03-31 12:34:41.884512,page_view,58,21
57,2025-03-31 14:57:41.884514,purchase,34,15
867,2025-03-31 10:19:41.884516,page_view,99,29
15,2025-03-31 20:39:41.884517,page_view,64,14
279,2025-04-01 00:02:41.884519,page_view,96,4
941,2025-03-31 19:18:41.884521,purchase,31,17
942,2025-03-31 00:31:41.884523,add_to_cart,23,40
736,2025-03-31 17:41:41.884524,page_view,13,38
40,2025-03-31 21:40:41.884526,purchase,4,16
191,2025-03-31 11:52:41.884528,purchase,78,43
464,2025-03-31 07:16:41.884530,add_to_cart,49,27
161,2025-03-31 15:19:41.884531,purchase,89,12
54,2025-03-31 17:48:41.884533,purchase,63,27
873,2025-03-31 19:16:41.884535,page_view,83,11
453,2025-03-31 14:46:41.884536,purchase,26,28
55,2025-03-31 07:08:41.884538,purchase,23,6
56,2025-03-31 05:48:41.884540,purchase,50,38
964,2025-03-31 15:01:41.884541,add_to_cart,14,25
592,2025-03-31 23:45:41.884543,add_to_cart,49,14
256,2025-03-31 07:26:41.884545,page_view,66,9
68,2025-03-31 06:47:41.884547,page_view,98,48
623,2025-03-31 07:03:41.884548,add_to_cart,17,28
760,2025-03-31 03:42:41.884550,add_to_cart,100,9
758,2025-03-31 19:03:41.884552,add_to_cart,95,15
781,2025-03-31 01:41:41.884553,add_to_cart,51,14
214,2025-03-31 13:34:41.884555,add_to_cart,96,15
968,2025-03-31 02:43:41.884557,add_to_cart,55,12
140,2025-03-31 03:21:41.884558,page_view,16,23
993,2025-03-31 23:28:41.884560,purchase,53,23
906,2025-03-31 21:45:41.884562,add_to_cart,24,11
737,2025-03-31 23:08:41.884564,page_view,14,2
529,2025-03-31 00:32:41.884565,purchase,66,26
991,2025-03-31 16:35:41.884567,purchase,21,3
300,2025-03-31 05:26:41.884568,page_view,35,21
860,2025-03-31 18:06:41.884570,page_view,12,37
924,2025-03-31 03:49:41.884572,page_view,89,10
785,2025-03-31 08:32:41.884574,add_to_cart,60,3
813,2025-03-31 14:25:41.884575,add_to_cart,7,25
196,2025-03-31 08:20:41.884577,add_to_cart,56,32
456,2025-03-31 13:59:41.884579,page_view,60,27
249,2025-03-31 21:21:41.884580,add_to_cart,24,16
219,2025-03-31 17:08:41.884582,page_view,58,23
236,2025-03-31 18:50:41.884584,page_view,85,12
890,2025-03-31 14:01:41.884585,add_to_cart,76,43
960,2025-03-31 02:48:41.884587,add_to_cart,66,8
410,2025-03-31 22:49:41.884589,purchase,61,4
917,2025-03-31 20:24:41.884591,purchase,58,21
433,2025-03-31 05:51:41.884596,page_view,28,31
150,2025-03-31 18:20:41.884597,add_to_cart,14,10
232,2025-03-31 04:07:41.884599,add_to_cart,77,32
766,2025-03-31 15:31:41.884601,add_to_cart,8,4
319,2025-03-31 02:15:41.884602,add_to_cart,4,2
603,2025-03-31 02:10:41.884604,page_view,54,38
318,2025-03-31 00:09:41.884606,purchase,74,24
432,2025-03-31 08:10:41.884608,page_view,47,40
752,2025-03-31 09:52:41.884609,add_to_cart,66,35
725,2025-03-31 06:56:41.884611,purchase,30,1
993,2025-03-31 15:25:41.884613,purchase,61,46
456,2025-03-31 11:27:41.884614,add_to_cart,81,40
800,2025-03-31 23:53:41.884616,purchase,67,13
260,2025-03-31 06:48:41.884618,add_to_cart,98,11
319,2025-03-31 08:13:41.884619,add_to_cart,82,44
291,2025-03-31 00:35:41.884624,purchase,61,26
737,2025-03-31 19:31:41.884626,purchase,97,7
137,2025-03-31 17:57:41.884628,purchase,57,39
389,2025-03-31 17:43:41.884629,page_view,37,15
932,2025-03-31 09:04:41.884631,page_view,10,2
322,2025-03-31 00:40:41.884633,page_view,87,22
838,2025-03-31 18:30:41.884634,page_view,34,10
944,2025-03-31 20:17:41.884636,page_view,22,50
327,2025-03-31 20:03:41.884638,add_to_cart,21,8
84,2025-03-31 15:35:41.884639,add_to_cart,53,31
432,2025-03-31 15:36:41.884641,page_view,29,38
668,2025-03-31 06:19:41.884643,purchase,2,33
877,2025-03-31 04:58:41.884645,page_view,10,11
339,2025-03-31 23:16:41.884646,add_to_cart,91,19
294,2025-03-31 12:19:41.884648,page_view,84,16
568,2025-03-31 07:35:41.884650,page_view,16,38
675,2025-03-31 16:40:41.884651,purchase,56,16
346,2025-03-31 05:34:41.884653,page_view,49,35
333,2025-03-31 20:32:41.884655,purchase,100,43
668,2025-03-31 06:31:41.884656,purchase,20,30
499,2025-03-31 15:14:41.884658,purchase,89,21
944,2025-03-31 09:00:41.884660,add_to_cart,48,5
118,2025-03-31 14:14:41.884661,add_to_cart,43,26
889,2025-03-31 14:07:41.884663,purchase,9,41
235,2025-03-31 16:45:41.884665,purchase,36,42
787,2025-03-31 18:36:41.884666,page_view,95,29
550,2025-03-31 23:21:41.884668,add_to_cart,43,47
365,2025-03-31 17:54:41.884670,purchase,29,3
771,2025-03-31 11:28:41.884671,purchase,54,44
511,2025-03-31 02:31:41.884673,add_to_cart,80,35
960,2025-03-31 14:26:41.884675,page_view,26,33
484,2025-03-31 15:00:41.884677,page_view,63,11
752,2025-03-31 22:50:41.884678,add_to_cart,52,23
682,2025-03-31 21:54:41.884680,add_to_cart,60,45
731,2025-03-31 15:22:41.884682,page_view,21,36
766,2025-03-31 20:32:41.884683,page_view,92,27
56,2025-03-31 21:10:41.884685,page_view,68,9
728,2025-03-31 02:43:41.884687,purchase,8,21
749,2025-03-31 10:25:41.884689,page_view,45,41
130,2025-03-31 05:54:41.884690,add_to_cart,22,37
26,2025-03-31 19:39:41.884692,add_to_cart,87,42
565,2025-03-31 06:17:41.884694,page_view,39,49
548,2025-03-31 13:03:41.884695,purchase,46,20
618,2025-03-31 13:13:41.884697,purchase,95,21
467,2025-03-31 20:19:41.884699,page_view,50,47
606,2025-03-31 13:38:41.884700,page_view,5,36
771,2025-03-31 10:12:41.884702,purchase,92,9
857,2025-03-31 16:52:41.884704,add_to_cart,55,38
126,2025-03-31 07:49:41.884706,purchase,67,48
808,2025-03-31 11:09:41.884707,add_to_cart,90,18
721,2025-03-31 08:43:41.884709,purchase,30,40
384,2025-03-31 12:42:41.884711,add_to_cart,37,16
408,2025-03-31 00:18:41.884712,page_view,67,12
74,2025-03-31 18:54:41.884714,page_view,74,13
722,2025-03-31 16:51:41.884716,page_view,32,34
234,2025-03-31 10:27:41.884717,purchase,21,12
722,2025-03-31 06:02:41.884719,purchase,24,38
976,2025-03-31 06:50:41.884721,purchase,50,33
8,2025-03-31 19:02:41.884722,page_view,60,19
793,2025-03-31 02:06:41.884724,page_view,48,3
195,2025-03-31 14:53:41.884726,add_to_cart,29,35
293,2025-03-31 16:38:41.884727,add_to_cart,80,20
956,2025-03-31 09:51:41.884729,purchase,56,5
777,2025-03-31 21:15:41.884730,purchase,10,8
684,2025-03-31 23:50:41.884732,purchase,13,43
597,2025-03-31 09:22:41.884734,page_view,91,15
460,2025-03-31 16:50:41.884736,add_to_cart,99,16
533,2025-04-01 00:03:41.884737,page_view,18,24
376,2025-03-31 03:21:41.884739,purchase,2,39
949,2025-03-31 10:14:41.884741,add_to_cart,98,11
421,2025-03-31 06:01:41.884742,page_view,66,27
590,2025-03-31 03:09:41.884744,purchase,25,21
965,2025-03-31 12:36:41.884746,add_to_cart,47,6
796,2025-03-31 12:30:41.884749,add_to_cart,79,48
765,2025-03-31 17:04:41.884751,add_to_cart,15,39
811,2025-03-31 12:50:41.884753,purchase,12,43
964,2025-03-31 08:19:41.884755,page_view,96,29
875,2025-03-31 18:01:41.884756,page_view,8,40
279,2025-03-31 08:41:41.884758,add_to_cart,12,29
334,2025-03-31 05:45:41.884760,page_view,62,9
675,2025-03-31 16:12:41.884761,page_view,54,34
535,2025-03-31 06:40:41.884763,add_to_cart,36,38
182,2025-03-31 01:57:41.884765,page_view,89,43
177,2025-03-31 17:20:41.884766,page_view,73,15
39,2025-03-31 11:50:41.884768,add_to_cart,24,34
474,2025-03-31 09:56:41.884770,page_view,10,13
572,2025-03-31 20:34:41.884771,page_view,40,6
959,2025-03-31 03:26:41.884773,page_view,69,37
294,2025-03-31 12:49:41.884775,add_to_cart,94,21
265,2025-03-31 22:10:41.884777,purchase,63,35
591,2025-03-31 19:38:41.884778,purchase,2,41
813,2025-03-31 07:18:41.884780,add_to_cart,20,50
598,2025-03-31 10:53:41.884782,page_view,13,28
432,2025-03-31 03:32:41.884783,page_view,8,13
772,2025-03-31 14:26:41.884785,page_view,67,34
85,2025-03-31 03:58:41.884787,purchase,78,27
218,2025-03-31 11:43:41.884788,purchase,74,12
710,2025-03-31 04:37:41.884790,add_to_cart,28,5
8,2025-03-31 13:01:41.884792,page_view,70,16
869,2025-03-31 03:03:41.884793,add_to_cart,51,48
426,2025-03-31 22:08:41.884795,purchase,5,12
548,2025-03-31 19:00:41.884797,purchase,61,31
459,2025-03-31 07:41:41.884799,page_view,29,44
560,2025-03-31 01:50:41.884800,add_to_cart,88,11
187,2025-03-31 11:08:41.884802,purchase,29,45
937,2025-03-31 17:17:41.884804,page_view,93,23
192,2025-03-31 22:12:41.884805,add_to_cart,78,42
157,2025-03-31 15:20:41.884807,page_view,40,42
993,2025-03-31 20:51:41.884809,purchase,51,8
401,2025-03-31 11:54:41.884810,page_view,35,39
319,2025-03-31 06:29:41.884812,purchase,75,9
785,2025-03-31 07:09:41.884814,page_view,77,46
670,2025-03-31 11:21:41.884815,purchase,27,1
151,2025-03-31 01:18:41.884817,page_view,34,32
353,2025-03-31 06:41:41.884819,page_view,20,10
679,2025-03-31 20:01:41.884820,add_to_cart,17,4
862,2025-03-31 08:53:41.884822,page_view,16,7
903,2025-03-31 16:40:41.884824,purchase,55,8
168,2025-03-31 06:40:41.884826,page_view,36,48
772,2025-03-31 05:25:41.884827,purchase,54,20
175,2025-03-31 14:28:41.884829,add_to_cart,38,5
795,2025-03-31 11:21:41.884831,add_to_cart,79,21
264,2025-03-31 00:15:41.884833,add_to_cart,4,4
924,2025-03-31 07:22:41.884834,add_to_cart,15,44
251,2025-03-31 15:39:41.884836,page_view,75,21
208,2025-03-31 01:35:41.884838,add_to_cart,88,37
996,2025-03-31 08:13:41.884839,add_to_cart,12,2
870,2025-03-31 19:59:41.884841,page_view,60,16
694,2025-03-31 13:45:41.884843,purchase,24,44
587,2025-03-31 06:40:41.884845,page_view,93,48
739,2025-03-31 06:49:41.884847,purchase,72,19
863,2025-03-31 11:42:41.884848,add_to_cart,59,18
541,2025-03-31 03:16:41.884850,add_to_cart,52,33
944,2025-03-31 10:02:41.884852,add_to_cart,72,50
128,2025-03-31 06:18:41.884853,add_to_cart,8,9
405,2025-03-31 22:51:41.884855,add_to_cart,17,43
1000,2025-03-31 13:11:41.884857,purchase,31,6
93,2025-03-31 18:58:41.884858,add_to_cart,84,25
317,2025-03-31 16:28:41.884860,purchase,62,39
170,2025-03-31 21:25:41.884862,page_view,8,30
835,2025-03-31 08:17:41.884864,purchase,25,14
507,2025-03-31 02:47:41.884865,add_to_cart,86,32
387,2025-03-31 19:33:41.884867,add_to_cart,84,21
879,2025-03-31 01:21:41.884869,add_to_cart,20,12
794,2025-03-31 19:42:41.884870,add_to_cart,96,36
268,2025-03-31 02:36:41.884872,purchase,16,16
311,2025-03-31 04:54:41.884874,purchase,51,16
583,2025-03-31 20:44:41.884876,add_to_cart,55,46
724,2025-03-31 07:14:41.884877,add_to_cart,24,37
201,2025-03-31 18:05:41.884879,page_view,19,37
731,2025-03-31 12:20:41.884881,purchase,76,22
763,2025-03-31 09:49:41.884883,purchase,58,7
218,2025-03-31 05:25:41.884884,purchase,92,28
885,2025-03-31 00:56:41.884886,page_view,79,7
485,2025-03-31 03:48:41.884888,purchase,21,9
107,2025-03-31 08:26:41.884889,add_to_cart,31,27
349,2025-03-31 14:38:41.884891,add_to_cart,37,36
689,2025-03-31 03:52:41.884892,page_view,74,20
663,2025-03-31 15:43:41.884894,purchase,13,14
14,2025-03-31 17:12:41.884896,page_view,51,32
875,2025-03-31 15:42:41.884897,add_to_cart,30,44
228,2025-03-31 01:44:41.884899,purchase,66,3
322,2025-03-31 08:30:41.884901,add_to_cart,64,8
188,2025-03-31 07:23:41.884903,add_to_cart,50,27
242,2025-03-31 18:16:41.884904,add_to_cart,10,33
739,2025-03-31 19:25:41.884906,purchase,10,33
774,2025-03-31 00:56:41.884908,add_to_cart,79,16
995,2025-03-31 13:21:41.884909,purchase,52,6
109,2025-03-31 08:35:41.884911,purchase,43,7
701,2025-03-31 04:13:41.884913,purchase,29,2
431,2025-03-31 21:13:41.884914,purchase,79,33
908,2025-03-31 12:17:41.884916,page_view,92,29
404,2025-03-31 03:05:41.884918,purchase,35,2
742,2025-03-31 06:46:41.884919,add_to_cart,15,22
694,2025-03-31 02:13:41.884921,purchase,67,30
601,2025-03-31 13:36:41.884923,add_to_cart,85,42
124,2025-03-31 01:43:41.884924,page_view,97,27
65,2025-03-31 00:35:41.884926,add_to_cart,34,27
257,2025-03-31 10:00:41.884928,purchase,12,46
863,2025-03-31 16:54:41.884929,purchase,91,33
720,2025-03-31 04:33:41.884931,add_to_cart,66,17
284,2025-03-31 15:48:41.884933,purchase,1,48
711,2025-03-31 17:06:41.884934,purchase,66,3
941,2025-03-31 08:35:41.884936,purchase,23,13
725,2025-03-31 22:04:41.884938,purchase,96,47
253,2025-03-31 21:54:41.884939,add_to_cart,95,50
151,2025-03-31 07:23:41.884941,add_to_cart,76,13
950,2025-03-31 21:55:41.884943,purchase,19,2
682,2025-03-31 18:13:41.884944,purchase,1,7
292,2025-03-31 13:22:41.884946,page_view,38,36
717,2025-03-31 11:50:41.884948,page_view,21,3
553,2025-03-31 11:08:41.884949,page_view,86,47
795,2025-03-31 23:43:41.884951,purchase,61,23
967,2025-03-31 06:52:41.884953,purchase,94,12
906,2025-03-31 07:40:41.884954,purchase,16,50
2,2025-03-31 17:19:41.884956,add_to_cart,73,48
846,2025-03-31 18:01:41.884958,page_view,58,34
111,2025-03-31 19:17:41.884959,add_to_cart,26,32
606,2025-03-31 18:09:41.884961,purchase,93,19
786,2025-03-31 16:14:41.884963,add_to_cart,36,12
846,2025-03-31 06:15:41.884964,purchase,39,28
430,2025-03-31 15:19:41.884966,add_to_cart,46,45
367,2025-03-31 03:46:41.884968,purchase,95,21
997,2025-03-31 12:11:41.884969,add_to_cart,90,2
813,2025-03-31 12:46:41.884971,page_view,32,5
489,2025-03-31 02:19:41.884973,purchase,52,26
371,2025-03-31 02:58:41.884974,add_to_cart,48,6
931,2025-03-31 19:35:41.884976,purchase,25,1
189,2025-03-31 16:52:41.884978,page_view,88,7
249,2025-03-31 19:18:41.884979,purchase,77,20
904,2025-03-31 12:27:41.884981,purchase,5,20
636,2025-03-31 07:19:41.884983,page_view,31,8
637,2025-03-31 16:04:41.884984,page_view,44,23
881,2025-03-31 11:44:41.884986,page_view,77,9
275,2025-03-31 19:54:41.884988,page_view,97,3
376,2025-03-31 21:55:41.884989,page_view,39,1
974,2025-03-31 17:04:41.884991,add_to_cart,67,41
127,2025-03-31 00:47:41.884993,add_to_cart,100,43
338,2025-03-31 08:58:41.884994,page_view,58,12
67,2025-03-31 19:32:41.884996,page_view,100,19
834,2025-03-31 04:48:41.884998,purchase,39,19
303,2025-03-31 05:07:41.885000,page_view,82,48
885,2025-03-31 21:30:41.885002,add_to_cart,22,42
589,2025-03-31 11:01:41.885003,page_view,32,5
589,2025-03-31 08:50:41.885005,add_to_cart,48,6
830,2025-03-31 18:22:41.885007,page_view,49,34
34,2025-03-31 03:31:41.885009,page_view,27,40
564,2025-03-31 17:14:41.885010,page_view,61,11
523,2025-03-31 04:55:41.885012,page_view,47,47
536,2025-03-31 09:55:41.885014,purchase,55,17
658,2025-03-31 23:20:41.885015,page_view,1,38
190,2025-03-31 13:31:41.885017,page_view,38,36
362,2025-03-31 07:37:41.885019,page_view,27,37
9,2025-03-31 07:59:41.885021,page_view,29,20
273,2025-03-31 14:14:41.885022,page_view,83,19
755,2025-03-31 04:26:41.885024,purchase,61,17
632,2025-03-31 05:00:41.885026,purchase,81,28
458,2025-03-31 12:18:41.885027,purchase,60,18
126,2025-03-31 15:37:41.885029,purchase,52,40
802,2025-03-31 22:38:41.885030,add_to_cart,27,16
311,2025-03-31 19:48:41.885032,add_to_cart,20,4
911,2025-03-31 11:23:41.885034,add_to_cart,26,11
682,2025-03-31 08:03:41.885035,add_to_cart,57,25
147,2025-03-31 00:26:41.885037,purchase,27,33
427,2025-03-31 08:03:41.885039,purchase,82,31
794,2025-03-31 18:17:41.885040,purchase,84,7
452,2025-03-31 09:52:41.885042,purchase,96,1
853,2025-03-31 02:29:41.885044,add_to_cart,78,27
428,2025-03-31 19:22:41.885045,page_view,60,31
566,2025-03-31 11:35:41.885047,add_to_cart,86,25
313,2025-03-31 08:58:41.885049,page_view,4,12
830,2025-03-31 10:32:41.885050,add_to_cart,98,44
538,2025-03-31 02:33:41.885052,purchase,7,12
67,2025-03-31 00:18:41.885054,page_view,82,35
31,2025-03-31 14:51:41.885055,purchase,54,42
131,2025-03-31 17:03:41.885057,add_to_cart,21,40
345,2025-03-31 03:00:41.885060,page_view,64,36
872,2025-03-31 20:04:41.885061,page_view,58,41
713,2025-03-31 13:43:41.885063,purchase,29,10
938,2025-03-31 22:46:41.885065,add_to_cart,70,9
750,2025-03-31 10:35:41.885067,purchase,44,44
975,2025-03-31 17:43:41.885068,add_to_cart,49,30
452,2025-03-31 14:57:41.885070,add_to_cart,37,34
615,2025-03-31 07:49:41.885072,page_view,9,42
594,2025-03-31 08:07:41.885073,purchase,100,31
832,2025-03-31 17:26:41.885075,add_to_cart,28,41
732,2025-03-31 01:58:41.885077,purchase,55,6
637,2025-03-31 14:38:41.885078,add_to_cart,96,23
760,2025-03-31 20:46:41.885080,add_to_cart,83,9
538,2025-03-31 04:45:41.885082,add_to_cart,30,41
856,2025-03-31 01:14:41.885084,page_view,13,6
615,2025-03-31 10:05:41.885085,purchase,66,6
935,2025-03-31 21:30:41.885087,add_to_cart,25,18
282,2025-03-31 21:31:41.885089,page_view,62,49
174,2025-03-31 15:40:41.885090,page_view,51,6
800,2025-03-31 01:20:41.885092,page_view,8,12
308,2025-03-31 12:56:41.885094,purchase,43,35
515,2025-03-31 02:56:41.885096,add_to_cart,44,34
137,2025-03-31 00:12:41.885097,page_view,21,18
34,2025-03-31 21:36:41.885099,purchase,30,27
291,2025-03-31 14:29:41.885101,page_view,74,25
18,2025-03-31 05:42:41.885102,page_view,94,46
112,2025-03-31 20:44:41.885104,purchase,18,27
992,2025-03-31 12:01:41.885106,page_view,6,11
182,2025-03-31 20:27:41.885108,page_view,26,5
755,2025-03-31 20:39:41.885109,purchase,22,10
343,2025-03-31 03:16:41.885111,page_view,34,4
357,2025-03-31 12:04:41.885113,page_view,50,35
608,2025-03-31 07:25:41.885114,page_view,62,41
413,2025-03-31 10:20:41.885116,purchase,52,39
321,2025-03-31 17:13:41.885117,purchase,15,20
384,2025-03-31 22:46:41.885119,add_to_cart,77,4
19,2025-03-31 18:39:41.885121,page_view,62,34
36,2025-03-31 14:26:41.885122,add_to_cart,91,29
170,2025-03-31 08:15:41.885128,purchase,23,6
591,2025-03-31 09:09:41.885129,purchase,28,7
359,2025-03-31 23:47:41.885131,add_to_cart,1,10
98,2025-03-31 22:19:41.885133,purchase,11,45
975,2025-03-31 05:21:41.885137,purchase,41,34
930,2025-03-31 17:15:41.885139,purchase,80,11
71,2025-03-31 05:35:41.885141,add_to_cart,74,4
726,2025-04-01 00:04:41.885142,purchase,3,37
528,2025-03-31 02:10:41.885147,page_view,63,49
666,2025-03-31 13:11:41.885149,add_to_cart,97,27
362,2025-03-31 19:22:41.885150,purchase,99,27
165,2025-03-31 11:10:41.885152,add_to_cart,83,30
197,2025-03-31 21:13:41.885157,purchase,60,5
952,2025-03-31 14:56:41.885158,page_view,44,43
470,2025-03-31 21:26:41.885160,page_view,98,26
376,2025-03-31 00:30:41.885162,add_to_cart,78,1
740,2025-03-31 21:09:41.885167,purchase,6,26
184,2025-03-31 03:31:41.885168,page_view,90,5
595,2025-03-31 05:14:41.885170,purchase,59,13
515,2025-03-31 21:54:41.885172,add_to_cart,92,26
420,2025-03-31 05:09:41.885173,add_to_cart,59,5
47,2025-03-31 16:02:41.885175,page_view,21,2
522,2025-03-31 04:36:41.885177,purchase,14,6
698,2025-03-31 01:16:41.885178,add_to_cart,55,28
276,2025-03-31 22:26:41.885180,purchase,2,1
378,2025-03-31 11:33:41.885182,purchase,1,7
203,2025-03-31 09:36:41.885183,page_view,73,17
755,2025-03-31 18:45:41.885185,page_view,96,48
731,2025-03-31 14:46:41.885190,page_view,53,38
698,2025-03-31 19:06:41.885192,page_view,4,44
289,2025-03-31 22:53:41.885193,purchase,22,28
422,2025-03-31 15:04:41.885195,purchase,66,38
158,2025-03-31 05:00:41.885197,add_to_cart,59,16
154,2025-03-31 21:07:41.885198,add_to_cart,58,11
865,2025-03-31 05:53:41.885200,purchase,51,31
247,2025-03-31 16:14:41.885202,purchase,82,17
683,2025-03-31 05:46:41.885204,purchase,63,18
908,2025-03-31 02:02:41.885205,page_view,51,23
268,2025-03-31 02:49:41.885207,purchase,97,17
618,2025-03-31 05:21:41.885209,add_to_cart,6,31
344,2025-03-31 15:14:41.885213,page_view,85,4
745,2025-03-31 20:24:41.885215,page_view,90,25
86,2025-03-31 03:57:41.885217,page_view,24,3
985,2025-03-31 11:23:41.885219,page_view,62,5
564,2025-03-31 00:35:41.885224,purchase,4,20
208,2025-03-31 20:15:41.885225,add_to_cart,60,30
181,2025-03-31 10:11:41.885227,page_view,45,48
402,2025-03-31 22:12:41.885229,add_to_cart,30,45
413,2025-03-31 07:33:41.885230,purchase,96,20
908,2025-03-31 21:46:41.885232,add_to_cart,36,11
224,2025-03-31 17:31:41.885234,add_to_cart,26,22
923,2025-04-01 00:02:41.885236,page_view,37,21
530,2025-03-31 04:13:41.885237,page_view,53,16
815,2025-03-31 12:13:41.885239,page_view,10,7
68,2025-03-31 12:56:41.885241,purchase,11,42
569,2025-03-31 20:39:41.885242,purchase,22,7
641,2025-03-31 05:39:41.885244,add_to_cart,34,38
996,2025-03-31 08:05:41.885246,page_view,67,20
659,2025-03-31 12:13:41.885247,add_to_cart,95,46
731,2025-03-31 19:54:41.885249,purchase,25,16
526,2025-03-31 11:15:41.885251,purchase,31,46
493,2025-03-31 22:41:41.885252,purchase,37,38
754,2025-03-31 14:28:41.885254,add_to_cart,38,47
349,2025-03-31 21:25:41.885256,purchase,88,40
381,2025-03-31 08:42:41.885258,add_to_cart,71,6
592,2025-03-31 14:07:41.885259,purchase,14,27
430,2025-03-31 21:18:41.885261,page_view,86,9
216,2025-03-31 07:43:41.885263,purchase,86,46
989,2025-03-31 20:09:41.885264,purchase,92,30
857,2025-03-31 05:02:41.885266,page_view,87,50
866,2025-03-31 21:39:41.885268,page_view,62,39
578,2025-03-31 18:55:41.885269,purchase,29,7
284,2025-03-31 14:44:41.885271,add_to_cart,28,16
290,2025-03-31 03:28:41.885273,add_to_cart,22,39
942,2025-03-31 21:10:41.885274,page_view,50,23
293,2025-03-31 12:12:41.885279,add_to_cart,64,37
312,2025-03-31 01:06:41.885281,page_view,49,15
948,2025-03-31 13:14:41.885283,purchase,27,20
772,2025-03-31 20:40:41.885284,add_to_cart,43,48
233,2025-03-31 00:39:41.885286,add_to_cart,11,20
692,2025-03-31 02:38:41.885288,purchase,42,13
484,2025-03-31 17:13:41.885289,page_view,81,23
328,2025-03-31 06:47:41.885291,add_to_cart,47,2
433,2025-03-31 04:13:41.885293,page_view,88,31
553,2025-03-31 22:25:41.885294,add_to_cart,88,2
8,2025-03-31 05:18:41.885296,add_to_cart,24,33
954,2025-03-31 17:17:41.885298,add_to_cart,93,35
561,2025-03-31 00:53:41.885300,purchase,41,25
577,2025-03-31 21:42:41.885301,add_to_cart,5,11
23,2025-03-31 22:34:41.885303,add_to_cart,34,19
381,2025-03-31 14:09:41.885305,purchase,20,2
536,2025-03-31 22:50:41.885306,purchase,14,49
160,2025-03-31 12:29:41.885308,purchase,81,29
410,2025-03-31 15:35:41.885310,page_view,76,9
694,2025-03-31 22:12:41.885312,page_view,42,40
821,2025-03-31 20:24:41.885313,add_to_cart,35,11
338,2025-03-31 05:59:41.885315,purchase,60,29
385,2025-03-31 03:42:41.885317,page_view,51,42
254,2025-03-31 11:04:41.885318,page_view,76,35
517,2025-03-31 14:03:41.885320,page_view,18,6
228,2025-03-31 15:08:41.885322,add_to_cart,51,14
302,2025-03-31 21:31:41.885323,page_view,34,11
106,2025-03-31 10:00:41.885325,purchase,90,22
350,2025-03-31 08:04:41.885327,page_view,36,50
491,2025-03-31 05:43:41.885328,page_view,86,1
526,2025-03-31 07:22:41.885330,purchase,42,24
662,2025-03-31 07:04:41.885332,purchase,81,23
427,2025-03-31 06:47:41.885333,page_view,53,27
940,2025-03-31 04:53:41.885335,purchase,8,47
460,2025-03-31 21:35:41.885337,purchase,65,45
324,2025-03-31 11:27:41.885338,page_view,9,27
988,2025-03-31 15:55:41.885340,purchase,98,10
678,2025-03-31 11:43:41.885342,add_to_cart,58,27
127,2025-03-31 21:17:41.885344,purchase,93,23
503,2025-03-31 15:06:41.885345,page_view,53,33
495,2025-03-31 12:22:41.885347,add_to_cart,34,16
231,2025-03-31 02:10:41.885349,purchase,94,21
477,2025-03-31 06:55:41.885350,page_view,64,4
270,2025-03-31 09:46:41.885352,page_view,44,13
296,2025-03-31 20:30:41.885356,add_to_cart,17,49
755,2025-03-31 08:02:41.885358,add_to_cart,81,20
298,2025-03-31 02:04:41.885359,add_to_cart,3,11
861,2025-03-31 09:17:41.885361,purchase,97,14
293,2025-03-31 10:38:41.885363,purchase,92,2
354,2025-03-31 20:06:41.885364,add_to_cart,53,18
338,2025-03-31 11:32:41.885366,purchase,28,22
340,2025-03-31 04:34:41.885368,page_view,31,23
979,2025-03-31 11:43:41.885369,page_view,84,4
989,2025-03-31 20:13:41.885371,purchase,29,15
14,2025-03-31 14:48:41.885373,add_to_cart,82,21
488,2025-03-31 07:34:41.885375,page_view,74,9
273,2025-03-31 17:05:41.885376,add_to_cart,95,41
650,2025-03-31 20:32:41.885378,add_to_cart,15,20
641,2025-03-31 07:16:41.885380,purchase,64,15
536,2025-03-31 16:48:41.885381,page_view,15,8
732,2025-03-31 21:19:41.885383,purchase,99,30
793,2025-03-31 08:42:41.885385,purchase,57,34
521,2025-03-31 08:30:41.885387,purchase,2,13
955,2025-03-31 05:07:41.885388,add_to_cart,54,5
998,2025-03-31 06:36:41.885390,page_view,8,9
491,2025-03-31 15:25:41.885392,page_view,52,28
85,2025-03-31 18:17:41.885393,purchase,24,25
99,2025-03-31 19:45:41.885395,purchase,58,43
725,2025-03-31 11:33:41.885397,add_to_cart,56,28
382,2025-03-31 08:30:41.885398,add_to_cart,62,9
316,2025-03-31 09:44:41.885400,purchase,45,49
347,2025-03-31 22:38:41.885402,page_view,26,41
685,2025-03-31 12:51:41.885404,add_to_cart,39,1
269,2025-03-31 11:59:41.885405,purchase,67,49
592,2025-03-31 16:39:41.885407,purchase,33,10
563,2025-03-31 17:25:41.885409,add_to_cart,11,23
511,2025-03-31 22:12:41.885410,purchase,48,28
574,2025-03-31 12:09:41.885412,purchase,48,45
978,2025-03-31 13:49:41.885414,purchase,35,3
879,2025-03-31 03:27:41.885415,page_view,16,2
532,2025-03-31 16:31:41.885417,purchase,71,38
442,2025-03-31 02:46:41.885419,purchase,22,29
251,2025-03-31 11:56:41.885420,page_view,10,40
335,2025-03-31 14:55:41.885422,page_view,99,15
456,2025-03-31 12:14:41.885424,page_view,60,50
172,2025-03-31 06:37:41.885425,add_to_cart,44,2
794,2025-03-31 04:47:41.885427,page_view,99,2
130,2025-03-31 02:31:41.885429,page_view,92,1
47,2025-03-31 18:37:41.885430,page_view,23,41
765,2025-03-31 14:06:41.885432,purchase,67,20
564,2025-03-31 09:09:41.885434,purchase,55,42
30,2025-03-31 06:17:41.885435,page_view,57,6
677,2025-03-31 17:05:41.885437,purchase,77,47
721,2025-03-31 14:15:41.885439,page_view,38,41
192,2025-03-31 03:24:41.885440,add_to_cart,22,24
951,2025-03-31 22:55:41.885442,add_to_cart,54,28
967,2025-03-31 18:35:41.885444,purchase,93,42
901,2025-04-01 00:02:41.885445,add_to_cart,3,3
725,2025-03-31 23:04:41.885447,add_to_cart,1,11
748,2025-03-31 10:59:41.885449,page_view,19,40
498,2025-03-31 06:53:41.885450,page_view,31,13
311,2025-03-31 16:07:41.885452,purchase,32,44
607,2025-03-31 01:35:41.885454,page_view,66,14
36,2025-03-31 21:17:41.885455,page_view,32,15
638,2025-03-31 16:59:41.885457,page_view,85,44
858,2025-03-31 21:59:41.885459,purchase,82,8
338,2025-03-31 22:38:41.885460,add_to_cart,58,40
720,2025-03-31 08:56:41.885462,add_to_cart,44,48
962,2025-03-31 15:33:41.885464,add_to_cart,46,22
94,2025-03-31 06:35:41.885465,page_view,17,43
855,2025-03-31 08:02:41.885467,add_to_cart,11,35
161,2025-03-31 13:35:41.885469,add_to_cart,38,14
232,2025-03-31 08:21:41.885471,purchase,39,28
697,2025-03-31 03:55:41.885472,add_to_cart,9,36
211,2025-03-31 16:39:41.885474,add_to_cart,67,30
845,2025-03-31 11:45:41.885476,purchase,66,43
817,2025-03-31 07:59:41.885477,add_to_cart,16,33
494,2025-03-31 18:12:41.885479,page_view,77,45
392,2025-03-31 21:01:41.885481,add_to_cart,25,26
685,2025-03-31 12:02:41.885482,purchase,24,27
881,2025-03-31 00:53:41.885484,page_view,47,10
848,2025-03-31 14:45:41.885486,page_view,78,21
964,2025-03-31 23:44:41.885487,page_view,90,19
999,2025-03-31 20:44:41.885489,add_to_cart,94,18
476,2025-03-31 16:32:41.885491,add_to_cart,98,47
349,2025-03-31 20:02:41.885492,page_view,77,26
291,2025-03-31 16:42:41.885494,page_view,10,46
362,2025-03-31 13:29:41.885496,page_view,81,36
32,2025-03-31 12:24:41.885497,add_to_cart,85,32
2,2025-03-31 22:36:41.885499,purchase,52,45
989,2025-03-31 17:01:41.885501,purchase,25,23
645,2025-03-31 12:48:41.885502,add_to_cart,94,25
824,2025-03-31 16:12:41.885504,purchase,50,34
456,2025-03-31 17:30:41.885506,page_view,75,22
410,2025-03-31 23:13:41.885508,page_view,13,47
230,2025-03-31 13:15:41.885509,add_to_cart,74,9
177,2025-03-31 18:01:41.885511,add_to_cart,12,28
525,2025-03-31 11:06:41.885513,page_view,28,16
285,2025-03-31 05:56:41.885514,purchase,56,48
567,2025-03-31 09:51:41.885516,add_to_cart,92,28
84,2025-03-31 22:13:41.885518,page_view,74,21
841,2025-03-31 09:21:41.885520,page_view,91,41
166,2025-03-31 15:11:41.885521,add_to_cart,21,36
323,2025-03-31 00:50:41.885523,purchase,88,38
250,2025-03-31 21:21:41.885525,purchase,3,49
311,2025-03-31 03:59:41.885526,purchase,98,7
991,2025-03-31 21:27:41.885528,page_view,66,16
78,2025-03-31 05:34:41.885530,add_to_cart,92,26
630,2025-03-31 19:42:41.885531,add_to_cart,54,42
630,2025-03-31 00:34:41.885533,purchase,85,21
69,2025-03-31 04:53:41.885535,purchase,75,32
172,2025-03-31 02:19:41.885537,add_to_cart,38,41
646,2025-03-31 11:04:41.885538,purchase,89,31
40,2025-03-31 21:22:41.885540,page_view,2,5
744,2025-03-31 07:40:41.885542,add_to_cart,82,8
88,2025-03-31 17:38:41.885543,add_to_cart,37,26
842,2025-03-31 13:34:41.885545,purchase,19,17
666,2025-03-31 05:24:41.885547,purchase,37,4
351,2025-03-31 08:10:41.885549,purchase,51,36
803,2025-03-31 12:27:41.885550,add_to_cart,57,30
89,2025-03-31 15:20:41.885552,add_to_cart,17,23
457,2025-03-31 22:41:41.885554,page_view,82,7
895,2025-03-31 21:19:41.885555,purchase,19,44
704,2025-03-31 03:25:41.885558,add_to_cart,49,12
577,2025-03-31 22:40:41.885560,page_view,20,38
663,2025-03-31 23:19:41.885561,page_view,1,38
576,2025-03-31 09:01:41.885563,add_to_cart,79,40
844,2025-03-31 13:02:41.885565,page_view,62,17
106,2025-03-31 01:45:41.885567,page_view,92,37
428,2025-03-31 03:15:41.885569,page_view,22,47
248,2025-03-31 03:46:41.885570,page_view,99,50
740,2025-03-31 22:29:41.885572,page_view,9,5
337,2025-03-31 15:02:41.885574,purchase,17,34
186,2025-03-31 05:39:41.885575,purchase,94,11
969,2025-03-31 22:00:41.885580,add_to_cart,67,28
900,2025-03-31 01:35:41.885582,purchase,75,48
523,2025-03-31 09:01:41.885584,purchase,17,30
659,2025-03-31 02:33:41.885585,purchase,55,23
769,2025-03-31 04:05:41.885588,page_view,22,43
517,2025-03-31 10:52:41.885590,purchase,52,9
194,2025-03-31 13:32:41.885591,add_to_cart,46,2
965,2025-03-31 08:59:41.885593,purchase,39,2
510,2025-03-31 11:30:41.885595,page_view,22,20
776,2025-03-31 13:08:41.885596,purchase,60,3
566,2025-03-31 10:57:41.885598,add_to_cart,54,22
609,2025-03-31 10:39:41.885600,page_view,84,44
865,2025-03-31 08:57:41.885601,page_view,23,44
407,2025-03-31 06:33:41.885603,purchase,38,7
330,2025-03-31 07:05:41.885605,purchase,56,46
337,2025-03-31 07:54:41.885607,purchase,72,36
130,2025-03-31 11:00:41.885608,purchase,54,3
217,2025-03-31 02:19:41.885610,page_view,52,8
726,2025-03-31 11:26:41.885612,purchase,85,37
210,2025-03-31 13:32:41.885613,page_view,7,1
174,2025-03-31 07:49:41.885619,page_view,92,48
13,2025-03-31 12:47:41.885621,add_to_cart,1,28
530,2025-03-31 06:52:41.885622,add_to_cart,19,39
893,2025-03-31 15:35:41.885624,page_view,26,35
247,2025-03-31 14:45:41.885629,add_to_cart,88,5
133,2025-03-31 01:27:41.885631,add_to_cart,64,34
481,2025-03-31 16:05:41.885632,add_to_cart,6,9
451,2025-03-31 06:43:41.885634,purchase,33,30
237,2025-03-31 19:47:41.885636,add_to_cart,15,18
995,2025-03-31 21:40:41.885637,purchase,59,8
623,2025-03-31 04:29:41.885639,purchase,64,19
2,2025-03-31 21:43:41.885641,page_view,2,11
873,2025-03-31 09:28:41.885642,add_to_cart,49,48
793,2025-03-31 21:33:41.885644,purchase,5,39
277,2025-03-31 07:00:41.885646,add_to_cart,64,6
571,2025-03-31 04:14:41.885648,purchase,3,17
102,2025-03-31 00:12:41.885649,add_to_cart,6,12
656,2025-03-31 18:12:41.885651,page_view,87,8
198,2025-03-31 18:26:41.885653,purchase,17,47
390,2025-03-31 18:43:41.885654,purchase,30,14
257,2025-03-31 05:17:41.885656,page_view,63,14
212,2025-03-31 08:18:41.885657,add_to_cart,47,39
612,2025-03-31 13:38:41.885659,page_view,86,24
765,2025-03-31 10:04:41.885661,add_to_cart,13,49
216,2025-03-31 10:10:41.885662,purchase,32,11
574,2025-03-31 14:09:41.885664,add_to_cart,77,33
540,2025-03-31 03:54:41.885666,add_to_cart,71,42
307,2025-03-31 03:40:41.885667,purchase,47,26
779,2025-03-31 02:05:41.885669,add_to_cart,48,48
493,2025-03-31 20:51:41.885671,page_view,8,22
655,2025-03-31 23:58:41.885672,purchase,78,4
19,2025-03-31 02:54:41.885674,page_view,62,15
349,2025-03-31 22:02:41.885676,purchase,15,37
128,2025-03-31 04:13:41.885678,page_view,92,29
848,2025-03-31 05:18:41.885679,purchase,55,21
258,2025-03-31 13:24:41.885681,page_view,42,32
18,2025-03-31 09:38:41.885683,purchase,78,16
668,2025-03-31 23:01:41.885684,page_view,79,12
78,2025-03-31 12:40:41.885686,purchase,32,38
206,2025-03-31 04:47:41.885688,page_view,21,24
909,2025-03-31 03:17:41.885689,page_view,47,4
26,2025-03-31 17:58:41.885691,purchase,62,38
719,2025-03-31 03:05:41.885693,page_view,61,39
296,2025-03-31 22:21:41.885694,add_to_cart,83,47
863,2025-03-31 06:56:41.885696,add_to_cart,88,16
664,2025-03-31 13:10:41.885698,add_to_cart,77,48
33,2025-03-31 22:58:41.885700,add_to_cart,81,6
118,2025-03-31 01:05:41.885701,page_view,55,3
987,2025-03-31 03:31:41.885703,add_to_cart,100,21
332,2025-03-31 17:54:41.885705,add_to_cart,84,12
934,2025-03-31 10:10:41.885706,purchase,72,15
167,2025-03-31 18:25:41.885708,purchase,23,49
620,2025-03-31 01:07:41.885710,purchase,8,7
982,2025-03-31 09:10:41.885711,add_to_cart,80,13
401,2025-03-31 20:23:41.885713,purchase,96,5
303,2025-03-31 16:59:41.885715,purchase,35,6
277,2025-03-31 13:37:41.885716,add_to_cart,41,48
32,2025-03-31 15:42:41.885718,add_to_cart,66,19
806,2025-03-31 05:44:41.885720,add_to_cart,49,40
244,2025-03-31 17:27:41.885721,page_view,26,41
366,2025-03-31 17:38:41.885723,page_view,62,34
39,2025-03-31 16:25:41.885725,add_to_cart,14,49
925,2025-03-31 00:38:41.885726,purchase,23,27
347,2025-03-31 06:03:41.885728,purchase,62,21
881,2025-03-31 06:04:41.885730,page_view,36,50
725,2025-03-31 08:52:41.885731,page_view,22,21
661,2025-03-31 15:50:41.885733,purchase,20,24
261,2025-03-31 11:01:41.885735,page_view,77,14
641,2025-03-31 05:39:41.885736,add_to_cart,93,32
888,2025-03-31 22:06:41.885738,page_view,74,16
576,2025-03-31 15:28:41.885740,page_view,33,23
458,2025-03-31 17:23:41.885741,page_view,41,34
864,2025-03-31 23:35:41.885743,add_to_cart,88,45
185,2025-03-31 03:06:41.885745,add_to_cart,77,35
341,2025-03-31 17:30:41.885746,add_to_cart,33,15
831,2025-03-31 04:59:41.885748,add_to_cart,65,35
769,2025-03-31 15:06:41.885750,add_to_cart,88,6
74,2025-03-31 01:30:41.885751,add_to_cart,56,40
663,2025-03-31 16:52:41.885753,purchase,33,1
527,2025-03-31 16:54:41.885755,purchase,31,19
242,2025-03-31 07:39:41.885756,page_view,79,43
692,2025-03-31 16:21:41.885758,purchase,97,45
414,2025-03-31 08:16:41.885760,purchase,88,6
599,2025-03-31 07:08:41.885761,page_view,39,39
981,2025-03-31 09:20:41.885763,purchase,32,16
111,2025-03-31 21:01:41.885765,add_to_cart,47,42
68,2025-03-31 07:01:41.885766,add_to_cart,25,45
91,2025-03-31 00:53:41.885768,page_view,93,38
1,2025-03-31 03:51:41.885770,page_view,4,38
541,2025-03-31 09:05:41.885772,add_to_cart,38,8
316,2025-03-31 17:26:41.885773,add_to_cart,56,10
840,2025-03-31 13:31:41.885775,page_view,14,36
113,2025-03-31 01:33:41.885776,page_view,9,1
356,2025-03-31 13:33:41.885778,add_to_cart,48,49
799,2025-03-31 22:00:41.885780,purchase,12,48
90,2025-03-31 09:35:41.885782,page_view,10,33
781,2025-03-31 07:07:41.885783,page_view,34,7
325,2025-03-31 20:55:41.885785,page_view,45,1
61,2025-03-31 09:53:41.885787,purchase,73,23
788,2025-03-31 08:14:41.885788,purchase,76,29
97,2025-03-31 15:39:41.885790,add_to_cart,7,12
198,2025-03-31 09:49:41.885792,page_view,44,20
853,2025-03-31 11:33:41.885793,add_to_cart,93,23
841,2025-03-31 21:34:41.885795,page_view,71,28
396,2025-03-31 21:43:41.885797,page_view,57,46
296,2025-03-31 21:24:41.885798,add_to_cart,1,42
214,2025-03-31 07:22:41.885800,page_view,12,26
553,2025-03-31 06:15:41.885802,page_view,77,28
975,2025-03-31 15:48:41.885803,purchase,20,27
342,2025-03-31 00:43:41.885805,page_view,80,3
149,2025-03-31 22:59:41.885807,purchase,50,14
360,2025-03-31 10:22:41.885809,purchase,25,8
238,2025-03-31 10:53:41.885810,add_to_cart,79,23
680,2025-03-31 13:26:41.885812,add_to_cart,86,40
765,2025-03-31 00:29:41.885814,purchase,79,43
679,2025-03-31 15:00:41.885815,add_to_cart,92,46
247,2025-03-31 03:48:41.885817,purchase,37,44
446,2025-03-31 10:06:41.885819,purchase,66,48
684,2025-03-31 23:37:41.885820,purchase,35,42
875,2025-03-31 22:44:41.885822,add_to_cart,13,48
558,2025-03-31 06:40:41.885824,page_view,24,49
374,2025-03-31 21:12:41.885826,purchase,13,16
77,2025-03-31 09:01:41.885828,page_view,3,24
347,2025-03-31 10:51:41.885830,page_view,13,17
89,2025-03-31 05:17:41.885831,purchase,55,32
573,2025-03-31 09:23:41.885833,add_to_cart,78,37
76,2025-03-31 02:03:41.885835,page_view,33,39
882,2025-03-31 05:31:41.885836,page_view,69,22
302,2025-03-31 09:47:41.885838,page_view,85,5
583,2025-03-31 17:00:41.885839,purchase,23,16
827,2025-03-31 23:35:41.885841,add_to_cart,68,28
613,2025-03-31 02:50:41.885843,add_to_cart,32,10
647,2025-03-31 02:08:41.885845,page_view,35,33
821,2025-03-31 17:14:41.885846,page_view,39,21
965,2025-03-31 08:03:41.885848,page_view,50,46
257,2025-03-31 12:57:41.885850,purchase,35,50
517,2025-03-31 11:07:41.885852,purchase,50,28
320,2025-03-31 09:07:41.885853,purchase,2,25
369,2025-03-31 04:38:41.885855,page_view,52,30
655,2025-03-31 11:39:41.885857,page_view,98,2
914,2025-03-31 12:01:41.885858,add_to_cart,22,8
352,2025-03-31 13:12:41.885860,purchase,6,22
9,2025-03-31 02:35:41.885862,purchase,36,12
336,2025-03-31 12:37:41.885863,page_view,14,9
133,2025-03-31 05:32:41.885865,purchase,98,36
69,2025-03-31 02:16:41.885867,purchase,48,8
700,2025-03-31 09:34:41.885869,add_to_cart,61,17
370,2025-03-31 21:29:41.885870,purchase,66,43
825,2025-03-31 09:33:41.885872,purchase,51,30
175,2025-03-31 02:56:41.885874,add_to_cart,40,37
123,2025-03-31 12:55:41.885875,add_to_cart,27,42
24,2025-03-31 21:36:41.885877,add_to_cart,79,24
705,2025-03-31 08:02:41.885879,page_view,62,3
557,2025-03-31 03:16:41.885880,purchase,62,3
615,2025-03-31 21:45:41.885882,page_view,9,16
849,2025-04-01 00:07:41.885884,page_view,21,10
939,2025-03-31 02:21:41.885885,page_view,97,30
910,2025-03-31 11:41:41.885887,purchase,25,16
773,2025-03-31 13:02:41.885889,add_to_cart,21,31
100,2025-03-31 05:11:41.885890,purchase,39,17
21,2025-03-31 20:04:41.885892,purchase,36,9
653,2025-03-31 01:27:41.885894,page_view,23,34
506,2025-03-31 09:49:41.885895,page_view,41,35
798,2025-03-31 21:01:41.885897,purchase,38,10
586,2025-03-31 03:54:41.885899,page_view,1,39
899,2025-03-31 15:04:41.885900,page_view,58,27
357,2025-03-31 11:53:41.885902,purchase,92,3
794,2025-03-31 18:33:41.885904,purchase,60,29
99,2025-03-31 00:52:41.885905,page_view,7,7
150,2025-03-31 16:41:41.885907,purchase,15,26
597,2025-03-31 04:50:41.885909,page_view,41,5
225,2025-03-31 11:47:41.885910,purchase,8,30
822,2025-03-31 02:47:41.885912,page_view,14,31
317,2025-03-31 06:53:41.885914,page_view,93,15
946,2025-03-31 15:45:41.885915,purchase,58,12
251,2025-03-31 23:43:41.885917,page_view,4,32
484,2025-03-31 15:44:41.885919,add_to_cart,21,50
770,2025-03-31 03:45:41.885920,add_to_cart,44,19
132,2025-03-31 06:13:41.885922,purchase,17,33
638,2025-03-31 20:08:41.885924,page_view,90,37
583,2025-03-31 20:37:41.885925,purchase,29,36
615,2025-03-31 16:56:41.885927,add_to_cart,50,42
395,2025-03-31 18:51:41.885929,page_view,38,19
498,2025-03-31 14:35:41.885931,purchase,76,27
33,2025-03-31 23:18:41.885932,page_view,51,44
951,2025-03-31 09:35:41.885934,page_view,98,14
976,2025-03-31 17:33:41.885936,purchase,5,16
774,2025-03-31 10:01:41.885937,add_to_cart,75,26
987,2025-03-31 20:39:41.885939,purchase,65,7
745,2025-03-31 06:12:41.885941,page_view,75,49
439,2025-03-31 17:49:41.885944,add_to_cart,96,46
460,2025-03-31 10:09:41.885946,page_view,17,16
395,2025-03-31 19:19:41.885947,purchase,87,14
369,2025-03-31 07:05:41.885949,purchase,50,19
406,2025-03-31 15:25:41.885951,purchase,38,31
661,2025-03-31 22:26:41.885952,add_to_cart,15,15
471,2025-03-31 15:21:41.885954,add_to_cart,24,26
535,2025-03-31 17:48:41.885956,add_to_cart,59,21
529,2025-03-31 19:01:41.885958,page_view,94,38
961,2025-03-31 04:56:41.885959,page_view,66,41
931,2025-03-31 03:06:41.885961,page_view,55,36
914,2025-03-31 14:03:41.885963,add_to_cart,88,45
302,2025-03-31 08:04:41.885964,add_to_cart,10,19
371,2025-03-31 15:30:41.885966,add_to_cart,14,4
53,2025-03-31 14:44:41.885968,purchase,40,35
404,2025-03-31 08:05:41.885970,add_to_cart,2,38
586,2025-03-31 14:16:41.885971,add_to_cart,98,7
925,2025-03-31 17:26:41.885973,purchase,74,39
117,2025-03-31 20:02:41.885975,page_view,46,5
914,2025-04-01 00:02:41.885977,page_view,79,37
451,2025-03-31 20:14:41.885978,purchase,2,8
533,2025-03-31 22:45:41.885980,purchase,16,16
412,2025-03-31 03:57:41.885982,page_view,87,16
873,2025-03-31 09:04:41.885984,purchase,23,17
80,2025-03-31 21:21:41.885985,purchase,3,18
239,2025-03-31 20:42:41.885987,add_to_cart,20,36
854,2025-03-31 00:58:41.885989,add_to_cart,6,39
274,2025-03-31 21:01:41.885990,purchase,83,23
304,2025-03-31 22:22:41.885992,add_to_cart,52,25
114,2025-03-31 13:34:41.885994,add_to_cart,1,36
809,2025-03-31 14:55:41.885996,purchase,16,31
269,2025-03-31 16:39:41.885997,purchase,26,13
541,2025-03-31 01:24:41.885999,page_view,41,43
86,2025-03-31 04:22:41.886001,add_to_cart,50,49
978,2025-03-31 20:00:41.886002,purchase,65,37
591,2025-03-31 02:02:41.886004,page_view,19,2
779,2025-03-31 15:57:41.886006,purchase,43,42
85,2025-03-31 05:43:41.886007,purchase,100,36
679,2025-03-31 01:10:41.886009,page_view,83,8
95,2025-03-31 14:04:41.886011,page_view,13,24
214,2025-04-01 00:05:41.886012,purchase,55,4
517,2025-03-31 03:36:41.886014,purchase,44,23
584,2025-03-31 22:38:41.886016,add_to_cart,9,15
162,2025-03-31 03:20:41.886018,purchase,16,1
549,2025-03-31 08:52:41.886019,purchase,1,47
995,2025-03-31 02:29:41.886021,purchase,92,15
261,2025-03-31 18:09:41.886023,page_view,20,41
404,2025-03-31 10:59:41.886024,page_view,72,11
339,2025-03-31 17:43:41.886026,page_view,56,5
923,2025-03-31 10:49:41.886028,page_view,81,34
990,2025-03-31 19:14:41.886029,page_view,38,12
792,2025-03-31 13:19:41.886031,page_view,56,6
603,2025-03-31 16:31:41.886033,page_view,68,31
332,2025-03-31 06:06:41.886034,purchase,36,41
838,2025-03-31 10:22:41.886036,add_to_cart,45,26
592,2025-03-31 21:10:41.886038,add_to_cart,66,13
561,2025-03-31 04:51:41.886039,page_view,81,38
826,2025-03-31 01:25:41.886041,purchase,90,34
174,2025-03-31 23:22:41.886043,page_view,48,27
920,2025-03-31 11:16:41.886044,page_view,18,23
889,2025-03-31 08:23:41.886046,add_to_cart,61,4
533,2025-03-31 21:31:41.886048,page_view,43,48
771,2025-03-31 13:26:41.886049,page_view,54,50
342,2025-03-31 13:40:41.886051,purchase,92,46
312,2025-03-31 18:45:41.886053,add_to_cart,65,10
197,2025-03-31 17:32:41.886054,add_to_cart,54,19
87,2025-03-31 09:49:41.886056,add_to_cart,88,17
133,2025-03-31 20:33:41.886058,purchase,93,35
354,2025-03-31 08:05:41.886059,purchase,14,3
936,2025-03-31 19:37:41.886061,purchase,32,35
547,2025-03-31 08:17:41.886063,page_view,84,28
644,2025-03-31 14:35:41.886064,add_to_cart,47,22
184,2025-03-31 09:15:41.886066,add_to_cart,9,10
212,2025-03-31 12:04:41.886068,page_view,70,36
235,2025-03-31 02:07:41.886070,page_view,77,25
798,2025-03-31 06:19:41.886071,page_view,49,18
506,2025-03-31 03:20:41.886073,page_view,42,13
204,2025-03-31 22:33:41.886075,purchase,34,17
342,2025-03-31 19:57:41.886077,add_to_cart,15,44
547,2025-03-31 02:17:41.886078,add_to_cart,78,18
942,2025-03-31 21:16:41.886080,add_to_cart,34,14
968,2025-03-31 13:58:41.886082,purchase,76,30
333,2025-03-31 20:20:41.886083,add_to_cart,49,47
481,2025-03-31 21:27:41.886085,page_view,11,35
301,2025-03-31 12:00:41.886087,purchase,49,23
600,2025-03-31 10:33:41.886089,purchase,68,45
302,2025-03-31 23:05:41.886090,purchase,90,47
774,2025-03-31 18:57:41.886092,purchase,69,50
889,2025-03-31 13:09:41.886094,purchase,32,27
270,2025-03-31 17:50:41.886099,add_to_cart,35,8
69,2025-03-31 11:55:41.886101,purchase,3,6
434,2025-03-31 18:25:41.886102,add_to_cart,26,44
52,2025-03-31 18:52:41.886104,purchase,57,36
26,2025-03-31 01:33:41.886106,page_view,77,45
621,2025-03-31 20:20:41.886108,add_to_cart,86,26
460,2025-03-31 04:58:41.886109,add_to_cart,81,48
734,2025-03-31 10:20:41.886111,purchase,82,10
442,2025-03-31 06:06:41.886113,add_to_cart,57,19
246,2025-03-31 06:30:41.886114,add_to_cart,51,42
40,2025-03-31 09:10:41.886116,page_view,69,18
716,2025-03-31 06:53:41.886118,add_to_cart,6,38
148,2025-03-31 15:46:41.886119,page_view,25,46
733,2025-03-31 07:12:41.886121,page_view,68,21
760,2025-03-31 11:21:41.886123,page_view,64,17
642,2025-03-31 14:12:41.886124,purchase,36,29
997,2025-03-31 22:09:41.886126,purchase,68,23
803,2025-03-31 19:22:41.886128,page_view,79,28
252,2025-03-31 09:51:41.886130,add_to_cart,97,39
883,2025-03-31 13:10:41.886131,add_to_cart,31,18
790,2025-03-31 21:24:41.886133,purchase,43,49
933,2025-03-31 22:32:41.886135,page_view,24,3
546,2025-03-31 00:36:41.886137,page_view,33,12
267,2025-03-31 00:14:41.886138,purchase,22,11
161,2025-03-31 02:27:41.886140,add_to_cart,86,24
253,2025-03-31 12:44:41.886142,add_to_cart,56,42
611,2025-03-31 17:44:41.886143,page_view,18,13
777,2025-03-31 20:55:41.886145,page_view,45,24
769,2025-03-31 06:55:41.886147,add_to_cart,24,1
563,2025-03-31 21:16:41.886148,add_to_cart,20,17
849,2025-03-31 02:12:41.886150,purchase,13,3
711,2025-03-31 18:05:41.886152,add_to_cart,81,41
78,2025-03-31 11:17:41.886154,add_to_cart,13,38
317,2025-03-31 19:15:41.886155,add_to_cart,66,25
4,2025-03-31 12:12:41.886157,add_to_cart,46,26
563,2025-03-31 23:43:41.886159,add_to_cart,62,37
255,2025-03-31 01:22:41.886160,add_to_cart,75,26
826,2025-03-31 18:05:41.886162,purchase,80,42
957,2025-03-31 17:39:41.886164,page_view,64,11
901,2025-03-31 13:10:41.886165,page_view,73,7
685,2025-03-31 13:29:41.886167,page_view,95,3
63,2025-03-31 01:53:41.886169,purchase,27,41
462,2025-03-31 18:00:41.886171,purchase,68,41
741,2025-03-31 01:32:41.886173,purchase,1,23
436,2025-03-31 00:26:41.886174,purchase,99,49
641,2025-03-31 10:36:41.886175,add_to_cart,89,12
320,2025-03-31 02:29:41.886177,purchase,10,35
651,2025-03-31 10:54:41.886178,purchase,21,24
725,2025-03-31 19:17:41.886180,page_view,46,20
703,2025-03-31 13:15:41.886181,page_view,56,19
303,2025-03-31 11:56:41.886183,page_view,35,20
97,2025-03-31 15:14:41.886184,purchase,33,40
977,2025-03-31 13:06:41.886185,purchase,3,43
348,2025-03-31 23:14:41.886187,add_to_cart,86,28
537,2025-03-31 13:12:41.886188,add_to_cart,26,10
138,2025-03-31 23:57:41.886190,purchase,68,30
476,2025-03-31 01:25:41.886191,add_to_cart,72,12
436,2025-03-31 00:17:41.886193,add_to_cart,67,47
871,2025-03-31 15:55:41.886194,add_to_cart,88,1
153,2025-03-31 06:05:41.886196,purchase,76,29
179,2025-03-31 05:47:41.886197,page_view,21,47
159,2025-03-31 23:21:41.886199,page_view,39,23
954,2025-03-31 11:58:41.886200,page_view,1,24
733,2025-03-31 08:36:41.886202,add_to_cart,26,38
996,2025-03-31 07:59:41.886203,add_to_cart,25,14
932,2025-03-31 11:42:41.886205,purchase,53,49
5,2025-03-31 15:57:41.886206,add_to_cart,44,4
723,2025-03-31 04:54:41.886207,page_view,11,14
463,2025-03-31 00:16:41.886209,add_to_cart,82,45
281,2025-03-31 18:26:41.886210,page_view,53,5
549,2025-03-31 15:43:41.886212,page_view,72,27
782,2025-03-31 16:03:41.886213,purchase,75,17
723,2025-03-31 11:08:41.886215,page_view,71,44
807,2025-03-31 03:18:41.886216,purchase,89,1
822,2025-03-31 03:24:41.886218,page_view,95,40
493,2025-03-31 06:31:41.886219,add_to_cart,33,39
980,2025-03-31 06:25:41.886221,page_view,19,27
700,2025-03-31 06:16:41.886222,page_view,5,2
478,2025-03-31 20:48:41.886223,purchase,64,4
696,2025-03-31 08:35:41.886225,page_view,52,22
695,2025-03-31 17:56:41.886226,add_to_cart,84,6
821,2025-03-31 10:24:41.886228,add_to_cart,87,43
294,2025-03-31 07:10:41.886229,page_view,47,44
493,2025-03-31 02:40:41.886231,page_view,68,45
20,2025-03-31 15:17:41.886232,page_view,75,37
888,2025-03-31 20:54:41.886234,add_to_cart,19,38
178,2025-03-31 01:32:41.886235,page_view,49,13
26,2025-03-31 19:09:41.886237,add_to_cart,26,7
915,2025-03-31 15:08:41.886241,page_view,20,39
552,2025-03-31 14:22:41.886243,purchase,1,49
641,2025-03-31 01:59:41.886244,add_to_cart,69,49
212,2025-03-31 13:28:41.886246,purchase,10,34
271,2025-03-31 21:55:41.886247,add_to_cart,64,23
204,2025-03-31 02:01:41.886249,add_to_cart,75,16
576,2025-03-31 11:53:41.886250,add_to_cart,69,32
305,2025-03-31 11:00:41.886252,purchase,70,13
525,2025-03-31 13:15:41.886253,page_view,40,26
266,2025-03-31 16:16:41.886255,purchase,95,11
614,2025-03-31 06:01:41.886256,add_to_cart,1,44
645,2025-03-31 16:49:41.886258,page_view,84,9
814,2025-03-31 01:17:41.886259,add_to_cart,99,31
126,2025-03-31 13:07:41.886261,purchase,43,31
146,2025-03-31 15:49:41.886262,add_to_cart,26,33
167,2025-03-31 15:46:41.886264,add_to_cart,92,19
299,2025-03-31 02:54:41.886265,purchase,33,11
427,2025-03-31 08:43:41.886266,page_view,19,1
699,2025-03-31 11:54:41.886268,add_to_cart,62,8
566,2025-03-31 20:08:41.886269,page_view,7,24
375,2025-03-31 10:29:41.886271,page_view,10,3
814,2025-03-31 10:11:41.886272,purchase,16,7
62,2025-03-31 08:52:41.886274,add_to_cart,53,43
428,2025-03-31 23:07:41.886275,page_view,56,48
772,2025-03-31 20:45:41.886277,add_to_cart,70,46
10,2025-03-31 13:09:41.886278,page_view,16,42
566,2025-03-31 17:16:41.886279,purchase,34,1
212,2025-03-31 17:09:41.886281,page_view,87,50
27,2025-03-31 04:13:41.886282,add_to_cart,55,22
715,2025-03-31 12:48:41.886284,add_to_cart,67,23
73,2025-03-31 19:39:41.886285,purchase,2,36
972,2025-03-31 18:21:41.886287,add_to_cart,76,3
420,2025-03-31 07:04:41.886288,purchase,98,3
621,2025-03-31 06:42:41.886290,add_to_cart,53,35
611,2025-03-31 22:45:41.886291,page_view,67,16
903,2025-03-31 01:19:41.886292,add_to_cart,61,46
984,2025-03-31 17:39:41.886294,purchase,37,1
771,2025-03-31 04:43:41.886295,add_to_cart,39,44
15,2025-03-31 20:31:41.886297,page_view,18,37
542,2025-03-31 20:46:41.886298,add_to_cart,10,30
105,2025-03-31 15:27:41.886300,add_to_cart,1,8
665,2025-03-31 03:21:41.886304,page_view,90,30
304,2025-03-31 13:41:41.886305,add_to_cart,93,26
853,2025-03-31 22:15:41.886307,page_view,82,12
745,2025-03-31 18:54:41.886308,page_view,95,50
507,2025-03-31 13:44:41.886310,page_view,89,7
176,2025-03-31 21:24:41.886311,purchase,49,27
353,2025-03-31 13:06:41.886313,page_view,17,34
882,2025-03-31 17:40:41.886315,page_view,50,42
871,2025-03-31 23:22:41.886316,add_to_cart,62,30
744,2025-03-31 13:01:41.886318,page_view,65,11
457,2025-03-31 23:05:41.886319,add_to_cart,72,6
470,2025-03-31 22:23:41.886320,purchase,60,16
485,2025-03-31 04:51:41.886322,page_view,80,14
118,2025-03-31 18:23:41.886323,purchase,79,17
353,2025-03-31 01:08:41.886325,add_to_cart,7,38
27,2025-03-31 11:18:41.886326,purchase,75,13
71,2025-03-31 06:23:41.886328,page_view,56,17
440,2025-03-31 00:13:41.886329,page_view,49,20
907,2025-03-31 20:05:41.886331,purchase,95,35
881,2025-03-31 13:46:41.886332,add_to_cart,53,45
989,2025-03-31 18:50:41.886334,purchase,55,10
921,2025-04-01 00:06:41.886335,page_view,59,49
760,2025-03-31 14:00:41.886337,purchase,70,17
608,2025-03-31 20:57:41.886338,purchase,58,11
914,2025-03-31 01:32:41.886340,add_to_cart,20,21
911,2025-03-31 02:15:41.886341,add_to_cart,13,30
438,2025-03-31 00:34:41.886343,page_view,43,31
566,2025-03-31 01:56:41.886344,add_to_cart,16,5
133,2025-03-31 13:41:41.886346,page_view,90,4
694,2025-03-31 16:31:41.886347,purchase,93,27
914,2025-03-31 06:22:41.886349,add_to_cart,69,7
488,2025-03-31 04:30:41.886350,page_view,3,37
262,2025-03-31 05:38:41.886351,page_view,26,39
464,2025-03-31 21:51:41.886353,page_view,11,37
186,2025-03-31 20:27:41.886354,add_to_cart,34,10
403,2025-03-31 18:15:41.886356,page_view,88,32
547,2025-03-31 17:16:41.886357,page_view,20,33
574,2025-03-31 14:00:41.886359,page_view,59,28
933,2025-03-31 02:44:41.886360,purchase,70,33
656,2025-03-31 14:05:41.886362,page_view,69,47
565,2025-03-31 13:07:41.886363,page_view,43,42
981,2025-03-31 00:41:41.886365,purchase,7,30
697,2025-03-31 00:46:41.886366,add_to_cart,69,14
446,2025-03-31 21:04:41.886368,page_view,26,50
372,2025-03-31 04:26:41.886369,add_to_cart,26,16
221,2025-03-31 05:46:41.886371,page_view,4,44
775,2025-03-31 09:52:41.886372,page_view,29,9
331,2025-03-31 10:28:41.886374,page_view,83,36
265,2025-03-31 10:50:41.886375,purchase,35,18
691,2025-03-31 00:58:41.886377,purchase,21,40
476,2025-03-31 02:21:41.886378,purchase,55,26
274,2025-03-31 19:36:41.886380,purchase,80,17
56,2025-03-31 23:56:41.886381,purchase,47,23
650,2025-03-31 02:53:41.886383,purchase,44,20
481,2025-03-31 20:10:41.886384,page_view,86,41
566,2025-03-31 02:25:41.886386,add_to_cart,17,11
563,2025-03-31 22:15:41.886387,purchase,7,35
124,2025-03-31 11:07:41.886389,add_to_cart,39,29
360,2025-03-31 07:39:41.886390,page_view,49,17
177,2025-03-31 19:20:41.886391,add_to_cart,100,13
43,2025-03-31 18:11:41.886393,page_view,93,30
581,2025-03-31 20:33:41.886394,add_to_cart,58,15
563,2025-03-31 03:24:41.886396,purchase,33,41
179,2025-03-31 06:53:41.886397,purchase,43,39
106,2025-03-31 02:22:41.886399,page_view,50,3
96,2025-03-31 03:44:41.886400,page_view,97,42
375,2025-03-31 16:22:41.886401,add_to_cart,48,21
901,2025-03-31 11:16:41.886403,purchase,52,48
950,2025-03-31 03:04:41.886404,page_view,40,28
731,2025-03-31 02:15:41.886406,purchase,80,28
371,2025-03-31 16:31:41.886407,page_view,33,50
196,2025-03-31 11:38:41.886409,purchase,59,5
935,2025-03-31 12:22:41.886410,add_to_cart,50,3
643,2025-03-31 22:50:41.886412,add_to_cart,29,5
257,2025-03-31 05:13:41.886413,add_to_cart,4,48
590,2025-03-31 18:19:41.886415,purchase,45,44
824,2025-03-31 16:23:41.886416,add_to_cart,22,29
16,2025-03-31 00:14:41.886417,add_to_cart,61,37
439,2025-03-31 07:59:41.886419,add_to_cart,99,30
54,2025-03-31 01:16:41.886420,purchase,65,16
557,2025-03-31 16:16:41.886422,page_view,37,50
462,2025-03-31 04:15:41.886423,page_view,97,11
420,2025-03-31 15:46:41.886425,purchase,59,22
403,2025-03-31 16:32:41.886426,add_to_cart,42,2
408,2025-03-31 05:19:41.886427,add_to_cart,66,48
621,2025-03-31 15:22:41.886429,add_to_cart,81,2
51,2025-03-31 19:43:41.886430,page_view,15,15
43,2025-03-31 18:18:41.886432,page_view,46,22
688,2025-03-31 11:41:41.886433,add_to_cart,60,16
975,2025-03-31 03:27:41.886435,add_to_cart,47,2
414,2025-03-31 00:33:41.886436,purchase,32,45
973,2025-03-31 18:29:41.886437,purchase,4,44
946,2025-03-31 08:48:41.886439,purchase,66,45
913,2025-03-31 14:54:41.886440,purchase,18,2
618,2025-03-31 03:42:41.886442,add_to_cart,23,38
602,2025-03-31 22:54:41.886443,purchase,31,3
234,2025-03-31 03:30:41.886445,page_view,29,50
98,2025-03-31 12:26:41.886446,page_view,45,12
501,2025-03-31 10:50:41.886448,page_view,68,24
599,2025-03-31 03:13:41.886449,page_view,40,39
895,2025-03-31 08:28:41.886451,add_to_cart,96,36
296,2025-03-31 04:17:41.886452,page_view,98,16
449,2025-03-31 22:31:41.886454,purchase,73,20
335,2025-03-31 18:59:41.886455,purchase,34,2
243,2025-03-31 07:11:41.886457,page_view,67,46
35,2025-03-31 06:25:41.886458,purchase,93,18
531,2025-03-31 05:28:41.886460,purchase,1,4
632,2025-03-31 04:42:41.886461,add_to_cart,15,21
12,2025-03-31 16:03:41.886463,add_to_cart,12,29
516,2025-03-31 06:21:41.886464,add_to_cart,58,18
18,2025-03-31 20:16:41.886466,purchase,26,5
938,2025-03-31 09:50:41.886467,purchase,74,45
170,2025-03-31 19:57:41.886469,page_view,30,9
811,2025-03-31 07:38:41.886470,add_to_cart,92,40
137,2025-03-31 21:51:41.886472,purchase,44,10
721,2025-03-31 13:39:41.886473,page_view,83,31
980,2025-03-31 23:54:41.886475,add_to_cart,19,34
385,2025-03-31 04:00:41.886476,add_to_cart,72,50
528,2025-03-31 10:10:41.886477,purchase,98,5
682,2025-03-31 19:29:41.886479,add_to_cart,57,18
199,2025-03-31 03:41:41.886480,add_to_cart,81,12
635,2025-03-31 13:25:41.886482,add_to_cart,66,12
166,2025-03-31 02:18:41.886488,page_view,90,33
272,2025-03-31 12:36:41.886490,add_to_cart,71,5
713,2025-03-31 01:28:41.886491,purchase,100,38
709,2025-03-31 21:52:41.886493,purchase,96,34
978,2025-03-31 14:22:41.886494,add_to_cart,17,44
246,2025-03-31 17:37:41.886496,page_view,88,29
709,2025-03-31 19:43:41.886497,add_to_cart,54,7
212,2025-03-31 02:05:41.886499,purchase,92,30
955,2025-03-31 02:39:41.886500,purchase,29,34
819,2025-03-31 10:08:41.886501,purchase,40,1
765,2025-03-31 14:34:41.886506,add_to_cart,60,21
92,2025-03-31 03:01:41.886507,purchase,89,24
792,2025-03-31 03:11:41.886508,page_view,35,3
898,2025-03-31 18:40:41.886510,add_to_cart,35,43
470,2025-03-31 23:43:41.886511,add_to_cart,11,29
633,2025-03-31 23:37:41.886513,purchase,5,27
785,2025-03-31 10:37:41.886514,purchase,60,23
264,2025-03-31 11:35:41.886516,purchase,93,35
316,2025-03-31 22:25:41.886517,purchase,36,41
158,2025-03-31 18:27:41.886519,page_view,4,45
253,2025-03-31 01:55:41.886520,add_to_cart,76,44
886,2025-03-31 03:17:41.886522,purchase,26,28
569,2025-03-31 19:50:41.886524,add_to_cart,16,27
511,2025-03-31 02:22:41.886528,page_view,85,24
252,2025-03-31 21:18:41.886529,page_view,82,12
157,2025-03-31 03:49:41.886531,purchase,47,27
180,2025-03-31 18:40:41.886532,purchase,38,18
795,2025-03-31 16:56:41.886534,page_view,34,16
719,2025-03-31 00:46:41.886535,add_to_cart,4,42
948,2025-03-31 12:41:41.886537,add_to_cart,11,18
805,2025-03-31 10:39:41.886538,add_to_cart,60,36
200,2025-03-31 02:08:41.886539,add_to_cart,42,33
897,2025-03-31 14:53:41.886541,page_view,82,9
28,2025-03-31 21:24:41.886542,page_view,92,42
827,2025-03-31 11:05:41.886544,add_to_cart,29,49
894,2025-03-31 22:14:41.886545,page_view,18,18
883,2025-03-31 19:38:41.886547,purchase,76,8
940,2025-03-31 14:48:41.886548,add_to_cart,85,26
862,2025-03-31 20:16:41.886550,purchase,76,23
222,2025-03-31 19:24:41.886551,add_to_cart,12,7
576,2025-03-31 07:50:41.886553,purchase,72,34
589,2025-03-31 15:50:41.886554,add_to_cart,83,33
483,2025-03-31 15:17:41.886556,add_to_cart,97,18
360,2025-03-31 06:44:41.886557,page_view,68,25
225,2025-03-31 04:29:41.886559,page_view,25,34
840,2025-03-31 05:52:41.886560,purchase,60,45
937,2025-03-31 03:13:41.886562,page_view,26,43
138,2025-03-31 19:39:41.886563,purchase,4,9
352,2025-03-31 21:09:41.886565,purchase,58,44
710,2025-03-31 17:22:41.886566,page_view,4,10
913,2025-03-31 03:47:41.886568,purchase,86,31
658,2025-03-31 11:22:41.886569,purchase,20,42
831,2025-03-31 23:27:41.886570,add_to_cart,33,13
973,2025-03-31 14:57:41.886572,purchase,84,30
931,2025-03-31 14:43:41.886573,add_to_cart,81,39
501,2025-03-31 02:22:41.886575,page_view,19,14
669,2025-03-31 18:17:41.886577,page_view,43,28
561,2025-03-31 20:12:41.886578,purchase,24,11
829,2025-03-31 14:00:41.886580,purchase,52,3
729,2025-03-31 15:02:41.886581,add_to_cart,31,26
760,2025-03-31 07:54:41.886582,page_view,58,40
705,2025-03-31 05:21:41.886584,purchase,20,3
923,2025-03-31 20:30:41.886586,purchase,17,25
731,2025-03-31 18:49:41.886587,purchase,43,16
609,2025-03-31 21:00:41.886588,page_view,84,43
759,2025-03-31 20:42:41.886590,page_view,40,15
993,2025-03-31 23:35:41.886591,purchase,52,40
790,2025-03-31 05:39:41.886593,purchase,36,41
839,2025-03-31 05:53:41.886594,add_to_cart,54,20
907,2025-03-31 22:06:41.886596,page_view,42,1
602,2025-03-31 17:25:41.886597,page_view,2,30
32,2025-03-31 17:19:41.886599,purchase,23,25
559,2025-03-31 10:56:41.886600,page_view,49,43
999,2025-03-31 21:38:41.886602,page_view,21,49
280,2025-03-31 16:12:41.886603,purchase,58,8
408,2025-03-31 23:04:41.886605,page_view,21,29
921,2025-03-31 11:59:41.886606,page_view,85,38
727,2025-03-31 21:30:41.886608,page_view,24,35
794,2025-03-31 15:25:41.886609,purchase,12,8
296,2025-03-31 17:00:41.886611,add_to_cart,11,7
625,2025-03-31 12:00:41.886612,page_view,38,19
373,2025-03-31 12:57:41.886614,purchase,49,30
172,2025-03-31 20:05:41.886615,page_view,89,8
490,2025-03-31 05:31:41.886617,add_to_cart,62,29
771,2025-03-31 04:37:41.886618,purchase,11,10
552,2025-03-31 03:59:41.886620,purchase,10,7
403,2025-03-31 05:11:41.886622,purchase,59,47
800,2025-03-31 21:56:41.886623,add_to_cart,64,36
36,2025-03-31 04:58:41.886625,purchase,52,35
65,2025-03-31 02:52:41.886626,page_view,24,21
719,2025-03-31 03:33:41.886628,add_to_cart,5,44
244,2025-03-31 12:48:41.886629,add_to_cart,19,41
344,2025-03-31 13:58:41.886630,page_view,5,48
473,2025-03-31 09:52:41.886632,purchase,15,22
318,2025-03-31 23:29:41.886633,add_to_cart,50,17
809,2025-03-31 07:41:41.886635,purchase,79,35
657,2025-03-31 01:30:41.886636,page_view,100,10
941,2025-03-31 22:35:41.886638,page_view,79,38
896,2025-03-31 16:17:41.886640,add_to_cart,1,25
403,2025-03-31 14:07:41.886641,page_view,85,12
457,2025-03-31 22:38:41.886642,add_to_cart,9,35
359,2025-03-31 17:38:41.886644,page_view,28,32
97,2025-03-31 14:52:41.886646,add_to_cart,22,18
81,2025-03-31 04:18:41.886647,add_to_cart,78,30
667,2025-03-31 10:18:41.886648,add_to_cart,97,24
944,2025-03-31 06:10:41.886650,add_to_cart,55,22
329,2025-03-31 18:51:41.886651,purchase,85,4
409,2025-03-31 11:54:41.886653,add_to_cart,3,33
342,2025-03-31 07:10:41.886654,add_to_cart,100,4
838,2025-03-31 06:08:41.886656,page_view,100,23
852,2025-03-31 05:02:41.886657,add_to_cart,33,9
553,2025-03-31 16:16:41.886659,add_to_cart,63,16
660,2025-03-31 08:36:41.886660,add_to_cart,36,19
924,2025-03-31 13:14:41.886661,add_to_cart,46,14
598,2025-03-31 12:11:41.886663,add_to_cart,34,33
348,2025-03-31 02:51:41.886664,purchase,79,1
359,2025-03-31 03:04:41.886666,purchase,94,36
987,2025-03-31 10:52:41.886667,purchase,58,4
687,2025-03-31 20:33:41.886669,add_to_cart,15,4
605,2025-03-31 23:50:41.886670,purchase,6,4
728,2025-03-31 22:00:41.886672,add_to_cart,69,32
992,2025-03-31 19:08:41.886673,page_view,61,39
10,2025-03-31 17:56:41.886675,page_view,9,8
232,2025-03-31 16:07:41.886676,page_view,86,35
98,2025-03-31 19:17:41.886678,add_to_cart,24,27
530,2025-03-31 12:27:41.886679,add_to_cart,55,23
65,2025-03-31 01:21:41.886681,purchase,86,16
201,2025-03-31 13:09:41.886682,add_to_cart,1,31
152,2025-03-31 16:13:41.886683,page_view,11,12
134,2025-03-31 12:28:41.886685,page_view,58,3
695,2025-03-31 12:27:41.886686,add_to_cart,74,8
389,2025-03-31 09:51:41.886688,page_view,9,42
663,2025-03-31 23:54:41.886689,purchase,73,20
210,2025-03-31 00:11:41.886691,add_to_cart,92,46
996,2025-03-31 08:00:41.886692,add_to_cart,60,45
825,2025-03-31 01:41:41.886694,add_to_cart,82,43
832,2025-03-31 09:49:41.886695,purchase,30,31
654,2025-03-31 08:53:41.886696,page_view,42,2
282,2025-03-31 20:53:41.886698,purchase,2,9
362,2025-03-31 13:08:41.886699,page_view,14,34
779,2025-03-31 03:29:41.886701,add_to_cart,50,16
812,2025-03-31 20:11:41.886702,purchase,32,2
280,2025-03-31 02:58:41.886704,purchase,44,39
540,2025-03-31 15:59:41.886705,add_to_cart,58,49
507,2025-03-31 21:00:41.886707,purchase,73,5
486,2025-03-31 07:56:41.886708,page_view,52,36
653,2025-03-31 16:01:41.886710,page_view,25,38
741,2025-03-31 20:11:41.886711,purchase,60,50
490,2025-03-31 08:23:41.886713,purchase,87,36
209,2025-03-31 07:05:41.886714,add_to_cart,28,6
196,2025-03-31 23:06:41.886715,add_to_cart,38,30
210,2025-03-31 21:52:41.886717,purchase,47,3
975,2025-03-31 02:54:41.886718,add_to_cart,27,40
874,2025-03-31 18:37:41.886720,purchase,87,27
301,2025-03-31 00:15:41.886721,add_to_cart,9,17
965,2025-03-31 06:25:41.886723,purchase,97,5
920,2025-03-31 07:29:41.886724,page_view,43,46
498,2025-03-31 02:18:41.886726,page_view,48,24
632,2025-03-31 08:45:41.886727,add_to_cart,16,39
365,2025-03-31 10:52:41.886729,page_view,69,29
205,2025-03-31 11:54:41.886730,purchase,13,40
481,2025-03-31 20:42:41.886731,purchase,88,11
765,2025-03-31 03:32:41.886733,purchase,59,25
538,2025-03-31 09:10:41.886734,page_view,13,42
663,2025-03-31 06:43:41.886736,purchase,43,27
955,2025-03-31 17:33:41.886737,add_to_cart,31,33
323,2025-03-31 03:31:41.886739,purchase,17,13
226,2025-03-31 14:26:41.886740,add_to_cart,78,19
944,2025-03-31 17:03:41.886742,page_view,80,35
913,2025-03-31 04:58:41.886743,add_to_cart,8,10
109,2025-03-31 08:51:41.886745,purchase,63,19
771,2025-03-31 23:04:41.886746,page_view,97,4
763,2025-03-31 16:27:41.886748,add_to_cart,59,18
428,2025-03-31 22:12:41.886749,page_view,98,43
979,2025-03-31 02:39:41.886750,add_to_cart,4,24
639,2025-03-31 00:14:41.886752,page_view,96,40
287,2025-03-31 12:36:41.886753,page_view,100,11
807,2025-03-31 08:56:41.886755,add_to_cart,18,3
249,2025-03-31 22:24:41.886756,purchase,75,3
866,2025-03-31 08:34:41.886758,add_to_cart,90,38
688,2025-03-31 20:29:41.886759,add_to_cart,40,41
541,2025-03-31 09:39:41.886761,purchase,12,9
112,2025-03-31 18:07:41.886762,purchase,9,40
929,2025-03-31 14:53:41.886764,purchase,95,28
184,2025-03-31 13:24:41.886765,add_to_cart,10,4
115,2025-03-31 09:38:41.886767,add_to_cart,48,20
742,2025-03-31 23:40:41.886768,page_view,4,41
226,2025-03-31 01:47:41.886770,add_to_cart,39,31
907,2025-03-31 02:21:41.886771,add_to_cart,57,49
496,2025-03-31 14:42:41.886773,add_to_cart,38,49
870,2025-03-31 05:40:41.886774,add_to_cart,51,15
827,2025-03-31 19:39:41.886775,page_view,54,26
501,2025-03-31 22:06:41.886777,purchase,87,12
717,2025-03-31 09:49:41.886778,page_view,34,13
925,2025-03-31 12:27:41.886780,page_view,89,6
645,2025-03-31 16:23:41.886781,page_view,21,38
945,2025-03-31 09:57:41.886783,add_to_cart,3,47
159,2025-03-31 22:49:41.886784,page_view,19,40
178,2025-03-31 23:45:41.886786,purchase,5,14
777,2025-03-31 07:50:41.886787,add_to_cart,26,38
866,2025-03-31 16:33:41.886789,purchase,52,40
139,2025-03-31 18:11:41.886790,page_view,28,27
10,2025-03-31 02:25:41.886792,page_view,38,10
349,2025-03-31 05:35:41.886793,purchase,41,13
687,2025-03-31 01:56:41.886795,page_view,29,29
467,2025-03-31 07:37:41.886796,page_view,3,14
840,2025-03-31 05:20:41.886798,page_view,60,46
558,2025-03-31 05:34:41.886799,purchase,7,9
690,2025-03-31 11:20:41.886801,add_to_cart,43,41
183,2025-03-31 05:41:41.886802,page_view,39,26
624,2025-03-31 23:02:41.886804,add_to_cart,13,15
327,2025-03-31 20:01:41.886805,add_to_cart,10,24
118,2025-03-31 10:23:41.886807,add_to_cart,77,9
59,2025-03-31 11:28:41.886808,add_to_cart,21,30
185,2025-03-31 04:25:41.886810,page_view,96,9
505,2025-03-31 12:49:41.886811,add_to_cart,79,47
927,2025-03-31 11:17:41.886813,add_to_cart,94,13
834,2025-03-31 10:03:41.886814,page_view,99,35
722,2025-03-31 21:12:41.886816,add_to_cart,65,5
732,2025-03-31 15:05:41.886817,add_to_cart,93,38
120,2025-03-31 16:45:41.886818,page_view,58,36
609,2025-03-31 16:16:41.886820,page_view,51,49
803,2025-03-31 18:58:41.886821,page_view,61,29
451,2025-03-31 20:56:41.886823,page_view,68,29
552,2025-03-31 23:44:41.886824,purchase,53,41
275,2025-03-31 07:19:41.886826,add_to_cart,82,31
389,2025-03-31 06:05:41.886827,page_view,25,8
858,2025-03-31 22:56:41.886829,page_view,85,35
110,2025-03-31 00:35:41.886830,add_to_cart,39,15
951,2025-03-31 08:50:41.886831,page_view,7,24
504,2025-03-31 03:05:41.886833,page_view,54,30
571,2025-03-31 03:35:41.886834,purchase,65,21
179,2025-03-31 19:31:41.886836,page_view,27,11
696,2025-03-31 12:19:41.886837,page_view,58,25
935,2025-03-31 09:01:41.886839,page_view,25,13
248,2025-03-31 17:15:41.886840,purchase,91,42
701,2025-03-31 14:49:41.886842,purchase,54,40
10,2025-03-31 01:17:41.886843,page_view,41,21
707,2025-03-31 02:19:41.886845,page_view,34,1
70,2025-03-31 11:10:41.886846,add_to_cart,98,20
797,2025-03-31 02:28:41.886848,page_view,65,39
790,2025-03-31 20:47:41.886849,page_view,89,11
511,2025-03-31 15:17:41.886851,purchase,75,12
722,2025-03-31 07:40:41.886852,add_to_cart,11,46
939,2025-03-31 13:05:41.886854,add_to_cart,47,27
912,2025-03-31 08:18:41.886855,add_to_cart,96,6
458,2025-03-31 15:03:41.886857,purchase,54,47
269,2025-03-31 10:49:41.886858,add_to_cart,57,38
576,2025-03-31 02:37:41.886859,purchase,69,15
352,2025-03-31 21:49:41.886861,purchase,3,42
667,2025-03-31 03:59:41.886862,add_to_cart,30,34
159,2025-03-31 11:35:41.886864,add_to_cart,48,7
680,2025-03-31 14:09:41.886865,purchase,39,10
428,2025-03-31 06:33:41.886870,page_view,15,35
20,2025-03-31 15:01:41.886872,add_to_cart,28,31
488,2025-03-31 22:06:41.886873,page_view,95,5
74,2025-03-31 03:08:41.886875,add_to_cart,31,47
684,2025-03-31 07:08:41.886876,add_to_cart,27,46
85,2025-03-31 11:15:41.886878,purchase,85,17
554,2025-03-31 09:26:41.886879,page_view,95,43
951,2025-03-31 21:43:41.886880,add_to_cart,25,17
739,2025-03-31 07:04:41.886882,add_to_cart,57,21
163,2025-03-31 02:22:41.886883,purchase,21,15
668,2025-03-31 13:55:41.886885,purchase,68,37
399,2025-03-31 02:13:41.886886,add_to_cart,2,1
358,2025-03-31 00:29:41.886888,page_view,33,38
279,2025-03-31 08:21:41.886889,add_to_cart,62,25
722,2025-03-31 18:56:41.886891,purchase,92,15
579,2025-03-31 18:01:41.886892,purchase,71,26
288,2025-03-31 18:39:41.886894,purchase,72,26
218,2025-03-31 13:31:41.886895,add_to_cart,91,49
709,2025-03-31 11:23:41.886897,purchase,40,7
254,2025-03-31 02:09:41.886898,page_view,94,35
395,2025-03-31 03:19:41.886899,purchase,91,34
38,2025-03-31 20:33:41.886901,purchase,90,42
747,2025-03-31 01:30:41.886903,add_to_cart,92,44
981,2025-03-31 10:03:41.886904,page_view,92,41
119,2025-03-31 02:47:41.886906,purchase,73,27
532,2025-03-31 18:31:41.886907,page_view,86,36
336,2025-03-31 11:22:41.886908,purchase,70,26
987,2025-03-31 03:19:41.886910,purchase,78,27
18,2025-03-31 18:30:41.886911,purchase,83,21
124,2025-03-31 03:14:41.886913,page_view,14,43
855,2025-03-31 11:53:41.886917,purchase,20,44
246,2025-03-31 04:33:41.886919,page_view,47,32
203,2025-03-31 19:28:41.886920,page_view,61,14
486,2025-03-31 03:28:41.886922,purchase,69,24
171,2025-03-31 20:46:41.886923,page_view,38,19
757,2025-03-31 13:09:41.886925,add_to_cart,50,46
396,2025-03-31 19:37:41.886926,add_to_cart,100,48
301,2025-03-31 18:54:41.886928,purchase,87,21
613,2025-03-31 15:36:41.886929,purchase,8,49
205,2025-03-31 10:07:41.886931,add_to_cart,89,3
362,2025-03-31 06:21:41.886933,page_view,98,38
375,2025-03-31 13:30:41.886934,purchase,25,37
786,2025-03-31 08:42:41.886935,purchase,66,44
534,2025-03-31 21:57:41.886937,purchase,2,49
270,2025-03-31 00:54:41.886938,purchase,92,7
146,2025-03-31 04:59:41.886940,purchase,70,20
927,2025-03-31 01:07:41.886941,page_view,62,41
526,2025-03-31 17:26:41.886943,page_view,28,19
305,2025-03-31 17:03:41.886944,page_view,100,39
684,2025-03-31 07:36:41.886946,add_to_cart,4,38
401,2025-03-31 15:02:41.886947,page_view,99,39
780,2025-03-31 19:44:41.886949,page_view,51,6
210,2025-03-31 13:33:41.886950,page_view,100,47
913,2025-03-31 08:18:41.886952,page_view,55,11
808,2025-03-31 11:20:41.886953,purchase,13,50
72,2025-03-31 15:08:41.886954,page_view,57,45
267,2025-03-31 01:38:41.886956,page_view,78,41
943,2025-03-31 06:52:41.886957,add_to_cart,76,27
475,2025-03-31 07:25:41.886959,purchase,15,46
185,2025-03-31 23:25:41.886960,add_to_cart,24,1
450,2025-03-31 17:25:41.886965,purchase,40,11
515,2025-03-31 05:52:41.886966,purchase,78,46
97,2025-03-31 04:52:41.886968,page_view,37,38
711,2025-03-31 10:12:41.886969,add_to_cart,73,11
445,2025-03-31 03:52:41.886971,purchase,96,24
878,2025-03-31 19:15:41.886972,page_view,11,19
882,2025-03-31 21:13:41.886974,page_view,76,25
474,2025-03-31 22:44:41.886975,add_to_cart,90,15
745,2025-03-31 19:01:41.886977,page_view,10,1
208,2025-03-31 12:39:41.886978,purchase,10,35
208,2025-03-31 01:16:41.886980,add_to_cart,20,23
131,2025-03-31 17:28:41.886981,purchase,84,36
639,2025-03-31 21:51:41.886983,page_view,64,18
955,2025-03-31 07:41:41.886984,page_view,30,37
394,2025-03-31 11:26:41.886986,add_to_cart,65,13
889,2025-03-31 14:20:41.886987,add_to_cart,36,26
467,2025-03-31 09:47:41.886988,add_to_cart,30,21
809,2025-03-31 07:20:41.886990,page_view,48,22
533,2025-03-31 02:28:41.886991,purchase,1,18
900,2025-03-31 16:56:41.886996,purchase,99,14
947,2025-03-31 07:03:41.886997,page_view,40,24
179,2025-03-31 14:43:41.886999,purchase,8,7
414,2025-03-31 02:17:41.887000,add_to_cart,67,29
177,2025-03-31 16:46:41.887002,page_view,60,3
302,2025-03-31 23:50:41.887003,add_to_cart,15,3
557,2025-03-31 19:44:41.887005,add_to_cart,88,38
862,2025-03-31 17:01:41.887006,purchase,20,11
218,2025-03-31 18:39:41.887009,page_view,93,10
683,2025-03-31 12:16:41.887011,add_to_cart,56,24
644,2025-03-31 23:52:41.887012,purchase,65,39
789,2025-03-31 13:22:41.887014,add_to_cart,60,22
378,2025-03-31 02:51:41.887015,purchase,30,14
811,2025-03-31 02:44:41.887017,purchase,98,15
475,2025-03-31 15:56:41.887018,purchase,11,27
97,2025-03-31 15:17:41.887020,page_view,18,22
577,2025-03-31 17:07:41.887021,page_view,44,44
823,2025-03-31 23:40:41.887023,add_to_cart,35,38
334,2025-03-31 18:54:41.887024,page_view,17,28
706,2025-03-31 01:43:41.887025,purchase,86,34
488,2025-03-31 14:41:41.887027,purchase,73,22
952,2025-03-31 22:08:41.887031,page_view,11,24
956,2025-03-31 15:43:41.887033,purchase,65,41
703,2025-03-31 22:47:41.887034,purchase,11,31
704,2025-03-31 23:57:41.887036,purchase,53,35
860,2025-03-31 18:26:41.887037,page_view,32,5
163,2025-03-31 09:32:41.887039,add_to_cart,65,27
449,2025-03-31 21:36:41.887040,add_to_cart,75,32
895,2025-03-31 21:05:41.887042,page_view,60,42
365,2025-03-31 11:31:41.887043,page_view,33,39
639,2025-03-31 21:01:41.887045,add_to_cart,12,31
347,2025-03-31 01:42:41.887046,purchase,19,6
550,2025-03-31 06:22:41.887048,purchase,3,6
788,2025-03-31 11:16:41.887049,page_view,48,44
525,2025-03-31 11:25:41.887051,page_view,36,22
462,2025-03-31 15:13:41.887052,purchase,71,30
791,2025-03-31 00:55:41.887054,page_view,31,1
18,2025-03-31 04:54:41.887055,page_view,61,8
212,2025-03-31 21:30:41.887056,page_view,26,36
205,2025-03-31 02:49:41.887058,page_view,27,15
611,2025-03-31 19:35:41.887059,purchase,50,34
44,2025-03-31 09:22:41.887061,add_to_cart,56,32
735,2025-03-31 01:39:41.887062,purchase,91,21
698,2025-03-31 19:19:41.887064,add_to_cart,98,32
413,2025-03-31 22:24:41.887065,purchase,100,46
721,2025-03-31 23:59:41.887067,page_view,52,44
760,2025-03-31 19:17:41.887068,add_to_cart,17,28
292,2025-03-31 01:18:41.887070,purchase,36,11
712,2025-03-31 16:05:41.887071,add_to_cart,79,26
413,2025-03-31 12:29:41.887073,add_to_cart,23,29
664,2025-03-31 16:20:41.887074,page_view,51,28
567,2025-03-31 22:04:41.887076,page_view,70,11
769,2025-03-31 00:38:41.887077,add_to_cart,58,43
342,2025-03-31 14:16:41.887079,purchase,50,30
187,2025-03-31 00:42:41.887080,add_to_cart,61,39
542,2025-03-31 15:54:41.887081,add_to_cart,36,47
441,2025-03-31 10:22:41.887083,purchase,89,5
963,2025-03-31 10:59:41.887084,purchase,76,23
485,2025-03-31 17:31:41.887086,purchase,41,28
986,2025-03-31 18:23:41.887087,add_to_cart,94,44
679,2025-03-31 18:27:41.887089,page_view,34,18
903,2025-03-31 01:34:41.887090,purchase,28,39
298,2025-03-31 04:34:41.887092,page_view,17,34
853,2025-03-31 22:14:41.887093,page_view,15,22
86,2025-03-31 14:45:41.887094,page_view,11,42
28,2025-03-31 07:01:41.887096,purchase,49,28
787,2025-03-31 08:13:41.887097,purchase,17,18
436,2025-04-01 00:06:41.887099,add_to_cart,13,17
908,2025-03-31 14:42:41.887100,add_to_cart,70,4
836,2025-03-31 23:15:41.887102,page_view,33,43
209,2025-03-31 23:08:41.887103,page_view,4,44
257,2025-03-31 07:16:41.887105,page_view,29,22
533,2025-03-31 14:17:41.887106,add_to_cart,80,41
350,2025-03-31 05:54:41.887108,purchase,12,14
179,2025-03-31 06:18:41.887109,purchase,80,34
871,2025-03-31 17:33:41.887110,page_view,27,23
151,2025-03-31 01:28:41.887112,add_to_cart,31,27
551,2025-03-31 21:48:41.887114,purchase,72,50
154,2025-03-31 07:30:41.887115,purchase,10,33
655,2025-03-31 03:35:41.887116,page_view,14,36
474,2025-03-31 14:34:41.887118,page_view,22,26
109,2025-03-31 14:50:41.887119,purchase,60,42
782,2025-03-31 04:47:41.887121,add_to_cart,28,12
209,2025-03-31 11:42:41.887122,purchase,25,14
845,2025-03-31 15:34:41.887124,add_to_cart,93,25
895,2025-03-31 07:28:41.887125,add_to_cart,76,27
751,2025-03-31 02:53:41.887127,purchase,100,35
169,2025-03-31 21:30:41.887128,page_view,60,43
178,2025-03-31 19:50:41.887130,page_view,77,49
455,2025-03-31 15:14:41.887131,page_view,32,23
376,2025-03-31 15:50:41.887132,purchase,15,34
171,2025-03-31 19:37:41.887134,add_to_cart,43,49
535,2025-03-31 11:59:41.887135,purchase,44,49
857,2025-03-31 19:36:41.887137,page_view,75,45
835,2025-03-31 17:54:41.887138,purchase,81,50
455,2025-03-31 22:14:41.887140,add_to_cart,16,44
996,2025-03-31 05:34:41.887141,page_view,89,6
865,2025-03-31 21:56:41.887143,page_view,32,45
938,2025-03-31 14:03:41.887144,page_view,11,6
226,2025-03-31 22:33:41.887146,add_to_cart,2,45
176,2025-03-31 01:51:41.887147,purchase,31,25
657,2025-03-31 15:15:41.887149,purchase,9,11
575,2025-03-31 15:34:41.887150,add_to_cart,36,33
155,2025-03-31 17:40:41.887152,page_view,29,1
534,2025-03-31 06:02:41.887153,add_to_cart,16,15
457,2025-03-31 08:35:41.887154,page_view,6,49
586,2025-03-31 04:00:41.887156,purchase,94,11
860,2025-03-31 14:43:41.887157,purchase,33,39
153,2025-03-31 22:16:41.887159,add_to_cart,66,47
696,2025-03-31 12:15:41.887160,purchase,51,22
593,2025-03-31 17:35:41.887162,add_to_cart,27,20
5,2025-03-31 03:52:41.887163,page_view,8,25
234,2025-03-31 17:39:41.887165,add_to_cart,37,46
527,2025-03-31 14:56:41.887166,page_view,28,35
917,2025-03-31 17:31:41.887168,page_view,6,35
10,2025-03-31 10:11:41.887169,purchase,91,3
27,2025-03-31 20:57:41.887170,purchase,93,20
946,2025-03-31 04:08:41.887172,page_view,63,42
431,2025-03-31 03:46:41.887173,purchase,74,2
150,2025-03-31 15:13:41.887175,page_view,28,21
521,2025-03-31 20:04:41.887177,add_to_cart,89,14
295,2025-03-31 01:49:41.887178,add_to_cart,72,35
908,2025-03-31 00:11:41.887179,add_to_cart,99,47
847,2025-03-31 07:22:41.887181,add_to_cart,49,22
277,2025-03-31 20:10:41.887182,page_view,77,41
708,2025-03-31 23:40:41.887184,page_view,59,24
27,2025-03-31 00:21:41.887185,page_view,83,29
384,2025-03-31 23:24:41.887187,page_view,43,17
760,2025-03-31 05:10:41.887188,purchase,32,11
887,2025-03-31 06:31:41.887190,purchase,100,42
20,2025-03-31 17:47:41.887191,add_to_cart,4,37
257,2025-03-31 02:06:41.887193,purchase,33,13
25,2025-03-31 10:46:41.887194,page_view,32,47
5,2025-03-31 19:12:41.887195,add_to_cart,11,21
67,2025-03-31 05:18:41.887198,page_view,30,32
169,2025-03-31 07:47:41.887199,page_view,16,38
664,2025-03-31 00:20:41.887200,page_view,26,5
564,2025-03-31 09:44:41.887202,purchase,29,22
168,2025-03-31 11:03:41.887203,add_to_cart,46,19
764,2025-03-31 02:15:41.887205,add_to_cart,71,33
462,2025-03-31 15:19:41.887206,add_to_cart,67,46
626,2025-03-31 06:07:41.887208,add_to_cart,2,16
340,2025-03-31 05:38:41.887209,add_to_cart,37,8
646,2025-03-31 11:21:41.887210,page_view,69,39
38,2025-03-31 10:42:41.887212,purchase,70,21
304,2025-03-31 02:58:41.887213,add_to_cart,78,32
456,2025-03-31 09:19:41.887215,add_to_cart,81,46
573,2025-03-31 05:09:41.887216,page_view,42,15
106,2025-03-31 21:58:41.887218,purchase,49,14
749,2025-03-31 11:36:41.887219,purchase,57,44
872,2025-03-31 18:14:41.887221,purchase,18,17
137,2025-03-31 13:48:41.887222,add_to_cart,84,11
175,2025-03-31 00:17:41.887223,page_view,90,47
238,2025-03-31 14:15:41.887225,page_view,23,16
905,2025-03-31 17:22:41.887226,purchase,59,7
937,2025-03-31 09:56:41.887228,page_view,4,23
322,2025-03-31 10:10:41.887229,add_to_cart,13,1
417,2025-03-31 18:42:41.887231,page_view,29,15
678,2025-03-31 15:41:41.887232,purchase,4,34
90,2025-03-31 09:52:41.887234,add_to_cart,23,44
566,2025-03-31 01:10:41.887235,page_view,1,5
785,2025-03-31 23:21:41.887237,page_view,69,45
751,2025-03-31 03:51:41.887238,page_view,18,35
752,2025-03-31 12:49:41.887240,add_to_cart,92,5
904,2025-03-31 15:49:41.887241,add_to_cart,69,6
620,2025-03-31 23:24:41.887243,purchase,69,48
785,2025-03-31 21:52:41.887244,add_to_cart,68,13
611,2025-03-31 21:24:41.887246,page_view,79,32
735,2025-03-31 23:31:41.887247,page_view,33,6
775,2025-03-31 06:07:41.887249,add_to_cart,21,2
33,2025-03-31 18:29:41.887250,page_view,70,18
437,2025-03-31 18:27:41.887252,add_to_cart,26,27
785,2025-03-31 04:17:41.887253,add_to_cart,73,37
503,2025-03-31 19:11:41.887255,add_to_cart,91,9
510,2025-03-31 14:55:41.887256,page_view,85,28
982,2025-03-31 01:40:41.887258,page_view,90,13
837,2025-03-31 10:53:41.887259,page_view,88,23
711,2025-03-31 09:33:41.887261,add_to_cart,14,35
850,2025-03-31 16:52:41.887262,page_view,3,28
97,2025-03-31 04:34:41.887264,page_view,47,37
624,2025-03-31 12:58:41.887268,page_view,35,38
701,2025-03-31 08:20:41.887270,page_view,25,4
550,2025-03-31 15:14:41.887271,add_to_cart,75,48
550,2025-03-31 00:17:41.887273,page_view,75,3
271,2025-03-31 03:49:41.887274,purchase,33,3
154,2025-03-31 18:55:41.887275,add_to_cart,14,11
207,2025-03-31 04:08:41.887277,page_view,21,42
192,2025-03-31 22:59:41.887278,page_view,57,10
84,2025-03-31 15:18:41.887280,add_to_cart,85,38
37,2025-03-31 04:12:41.887281,add_to_cart,47,20
266,2025-03-31 11:27:41.887283,page_view,41,47
862,2025-03-31 02:13:41.887284,purchase,9,25
548,2025-03-31 16:24:41.887286,add_to_cart,35,36
112,2025-03-31 10:30:41.887287,page_view,70,8
415,2025-03-31 05:32:41.887289,add_to_cart,43,7
332,2025-03-31 23:18:41.887290,page_view,89,14
618,2025-03-31 06:46:41.887292,page_view,100,44
670,2025-03-31 14:34:41.887293,purchase,81,29
271,2025-03-31 13:24:41.887295,purchase,83,46
225,2025-03-31 13:22:41.887296,add_to_cart,23,13
488,2025-03-31 16:15:41.887298,purchase,71,50
130,2025-03-31 08:15:41.887299,add_to_cart,23,34
13,2025-03-31 00:26:41.887300,page_view,77,5
48,2025-03-31 14:31:41.887302,add_to_cart,66,6
996,2025-03-31 01:23:41.887303,page_view,19,21
985,2025-03-31 19:43:41.887305,add_to_cart,67,3
429,2025-03-31 17:09:41.887306,page_view,90,37
881,2025-03-31 00:43:41.887308,page_view,7,6
876,2025-03-31 06:57:41.887309,purchase,32,20
956,2025-03-31 08:39:41.887311,add_to_cart,58,1
543,2025-03-31 18:12:41.887312,add_to_cart,90,35
119,2025-03-31 18:39:41.887314,purchase,68,19
74,2025-03-31 15:31:41.887315,purchase,7,23
397,2025-03-31 06:07:41.887316,add_to_cart,21,31
94,2025-03-31 07:14:41.887318,page_view,53,14
6,2025-03-31 08:58:41.887319,add_to_cart,75,38
787,2025-03-31 03:21:41.887321,purchase,75,23
598,2025-03-31 09:03:41.887322,add_to_cart,96,38
755,2025-03-31 05:28:41.887324,purchase,53,50
643,2025-03-31 12:02:41.887325,add_to_cart,70,30
284,2025-03-31 04:09:41.887327,add_to_cart,53,18
490,2025-03-31 04:35:41.887328,page_view,22,21
344,2025-03-31 13:48:41.887330,page_view,14,27
890,2025-03-31 17:32:41.887331,purchase,36,3
651,2025-03-31 11:47:41.887333,add_to_cart,67,15
87,2025-03-31 18:30:41.887334,page_view,89,36
443,2025-03-31 12:44:41.887335,page_view,100,46
749,2025-03-31 08:28:41.887337,add_to_cart,36,11
959,2025-03-31 13:30:41.887338,purchase,91,12
613,2025-04-01 00:06:41.887340,page_view,6,16
882,2025-03-31 15:42:41.887341,purchase,5,45
222,2025-03-31 18:29:41.887343,purchase,33,25
735,2025-03-31 14:53:41.887344,page_view,54,47
61,2025-03-31 10:21:41.887346,purchase,72,16
492,2025-03-31 01:32:41.887347,page_view,21,39
755,2025-03-31 11:03:41.887349,add_to_cart,38,47
42,2025-03-31 21:27:41.887350,purchase,67,5
80,2025-03-31 18:46:41.887352,purchase,51,27
343,2025-03-31 11:52:41.887353,add_to_cart,12,39
201,2025-03-31 18:40:41.887355,purchase,15,42
951,2025-03-31 03:45:41.887356,purchase,6,28
286,2025-03-31 18:32:41.887358,page_view,71,48
618,2025-03-31 06:48:41.887359,purchase,66,27
968,2025-03-31 11:01:41.887361,page_view,35,32
84,2025-03-31 03:12:41.887362,add_to_cart,9,47
39,2025-03-31 20:40:41.887364,purchase,42,24
13,2025-03-31 06:59:41.887365,purchase,41,50
427,2025-03-31 09:01:41.887367,page_view,8,27
752,2025-03-31 22:41:41.887368,purchase,84,33
366,2025-03-31 17:56:41.887370,page_view,34,37
89,2025-03-31 17:43:41.887371,add_to_cart,51,38
82,2025-03-31 13:54:41.887372,page_view,62,24
365,2025-03-31 01:07:41.887374,add_to_cart,85,2
345,2025-03-31 20:52:41.887375,add_to_cart,17,31
952,2025-03-31 13:12:41.887377,purchase,16,11
13,2025-03-31 20:38:41.887378,page_view,87,20
785,2025-03-31 15:13:41.887380,page_view,28,20
772,2025-03-31 19:37:41.887381,page_view,37,37
431,2025-03-31 23:46:41.887383,add_to_cart,50,46
710,2025-03-31 17:27:41.887384,purchase,87,6
205,2025-03-31 02:29:41.887386,add_to_cart,45,17
304,2025-03-31 10:10:41.887387,page_view,44,8
516,2025-03-31 01:16:41.887389,add_to_cart,70,42
935,2025-03-31 17:29:41.887390,purchase,1,39
353,2025-03-31 17:44:41.887392,add_to_cart,8,38
962,2025-03-31 17:32:41.887393,add_to_cart,74,5
557,2025-04-01 00:00:41.887394,purchase,33,47
400,2025-03-31 14:38:41.887396,purchase,84,40
913,2025-03-31 16:53:41.887397,add_to_cart,5,45
424,2025-03-31 18:58:41.887399,add_to_cart,75,27
820,2025-03-31 00:36:41.887400,page_view,42,39
435,2025-03-31 06:20:41.887402,page_view,57,33
488,2025-03-31 04:33:41.887403,purchase,48,48
656,2025-03-31 21:12:41.887405,add_to_cart,57,23
445,2025-03-31 17:46:41.887406,purchase,17,47
4,2025-03-31 00:30:41.887407,add_to_cart,36,38
135,2025-03-31 20:14:41.887409,purchase,58,47
946,2025-03-31 23:01:41.887410,page_view,82,44
179,2025-03-31 07:54:41.887412,add_to_cart,15,43
180,2025-03-31 05:25:41.887413,purchase,77,12
697,2025-03-31 12:12:41.887415,add_to_cart,13,48
672,2025-04-01 00:03:41.887416,add_to_cart,45,4
637,2025-03-31 15:08:41.887418,add_to_cart,43,26
91,2025-03-31 17:37:41.887419,page_view,47,13
4,2025-03-31 01:42:41.887420,page_view,67,48
346,2025-03-31 08:25:41.887422,add_to_cart,35,41
791,2025-04-01 00:02:41.887423,add_to_cart,58,13
552,2025-03-31 02:08:41.887425,page_view,80,42
226,2025-03-31 04:22:41.887426,purchase,73,49
288,2025-03-31 08:54:41.887428,purchase,99,45
596,2025-03-31 11:10:41.887429,add_to_cart,58,42
165,2025-03-31 01:47:41.887431,purchase,74,5
172,2025-03-31 05:20:41.887432,add_to_cart,94,26
133,2025-03-31 16:01:41.887433,purchase,87,42
564,2025-03-31 20:08:41.887435,purchase,24,26
577,2025-03-31 22:05:41.887436,add_to_cart,66,19
230,2025-03-31 13:41:41.887438,purchase,75,17
231,2025-03-31 00:54:41.887439,add_to_cart,40,43
209,2025-03-31 18:30:41.887441,add_to_cart,74,32
755,2025-03-31 15:34:41.887442,purchase,95,16
651,2025-03-31 06:27:41.887444,purchase,37,14
933,2025-03-31 06:52:41.887445,add_to_cart,86,2
216,2025-03-31 09:49:41.887446,page_view,54,12
324,2025-03-31 02:26:41.887448,page_view,78,11
874,2025-03-31 02:14:41.887449,page_view,17,7
652,2025-03-31 10:10:41.887451,add_to_cart,60,48
161,2025-03-31 21:28:41.887452,add_to_cart,51,18
374,2025-03-31 21:07:41.887454,add_to_cart,97,8
672,2025-03-31 17:29:41.887455,page_view,4,38
183,2025-03-31 05:49:41.887457,add_to_cart,45,48
939,2025-03-31 11:56:41.887458,page_view,58,27
397,2025-03-31 08:17:41.887459,page_view,67,13
626,2025-03-31 07:09:41.887461,add_to_cart,27,12
820,2025-03-31 20:40:41.887462,purchase,36,23
409,2025-03-31 21:24:41.887464,add_to_cart,97,17
572,2025-03-31 23:03:41.887465,page_view,50,35
947,2025-03-31 22:39:41.887467,purchase,72,2
703,2025-03-31 13:50:41.887468,page_view,6,27
617,2025-03-31 16:13:41.887470,add_to_cart,43,12
852,2025-03-31 23:31:41.887471,page_view,5,41
392,2025-03-31 08:15:41.887473,purchase,27,14
94,2025-03-31 06:41:41.887474,add_to_cart,62,4
664,2025-03-31 19:55:41.887476,add_to_cart,66,16
440,2025-03-31 22:57:41.887477,purchase,66,15
842,2025-03-31 10:54:41.887479,add_to_cart,26,16
336,2025-03-31 22:06:41.887480,page_view,89,16
526,2025-03-31 07:27:41.887482,purchase,58,19
245,2025-03-31 05:19:41.887483,purchase,5,28
860,2025-03-31 01:08:41.887484,add_to_cart,6,27
2,2025-03-31 13:07:41.887486,purchase,45,25
609,2025-03-31 08:55:41.887488,purchase,22,40
494,2025-03-31 02:11:41.887489,add_to_cart,30,25
29,2025-03-31 20:00:41.887491,add_to_cart,99,48
79,2025-03-31 13:55:41.887492,page_view,82,50
586,2025-03-31 19:34:41.887494,purchase,68,21
953,2025-03-31 18:45:41.887495,add_to_cart,12,34
941,2025-03-31 06:10:41.887496,purchase,2,16
508,2025-03-31 00:16:41.887498,purchase,96,49
25,2025-03-31 17:20:41.887499,page_view,76,27
785,2025-03-31 15:44:41.887501,add_to_cart,89,44
496,2025-03-31 14:10:41.887502,page_view,86,31
791,2025-03-31 22:00:41.887504,add_to_cart,82,32
661,2025-03-31 12:02:41.887505,add_to_cart,85,27
322,2025-03-31 12:54:41.887507,purchase,46,41
323,2025-03-31 16:57:41.887508,purchase,46,18
502,2025-03-31 07:57:41.887510,purchase,36,38
739,2025-03-31 21:53:41.887511,page_view,4,31
639,2025-03-31 09:24:41.887513,page_view,50,25
653,2025-03-31 19:50:41.887516,add_to_cart,32,13
239,2025-03-31 02:33:41.887517,add_to_cart,49,27
742,2025-03-31 14:27:41.887519,page_view,62,46
966,2025-03-31 06:54:41.887520,add_to_cart,16,37
24,2025-03-31 10:48:41.887522,add_to_cart,28,42
161,2025-03-31 07:16:41.887523,page_view,25,37
977,2025-03-31 19:59:41.887525,purchase,70,48
170,2025-03-31 18:25:41.887526,add_to_cart,32,14
904,2025-03-31 10:25:41.887528,purchase,12,31
596,2025-03-31 10:17:41.887529,page_view,92,40
432,2025-03-31 22:28:41.887531,purchase,7,41
934,2025-03-31 17:02:41.887532,page_view,48,20
240,2025-03-31 16:21:41.887533,purchase,71,17
355,2025-03-31 11:30:41.887535,page_view,58,16
136,2025-03-31 16:16:41.887536,add_to_cart,77,18
476,2025-03-31 16:29:41.887538,page_view,40,3
57,2025-03-31 08:00:41.887539,page_view,17,31
531,2025-03-31 15:41:41.887541,purchase,46,39
225,2025-03-31 02:57:41.887542,purchase,52,42
339,2025-03-31 00:58:41.887543,page_view,33,34
27,2025-03-31 04:49:41.887545,page_view,46,44
225,2025-03-31 13:13:41.887546,add_to_cart,23,24
490,2025-03-31 10:08:41.887548,add_to_cart,57,41
938,2025-03-31 01:54:41.887549,purchase,37,33
449,2025-03-31 20:55:41.887551,add_to_cart,78,36
130,2025-03-31 15:51:41.887552,page_view,59,33
670,2025-03-31 18:40:41.887554,page_view,33,43
520,2025-03-31 23:57:41.887555,add_to_cart,23,1
82,2025-03-31 10:52:41.887557,purchase,40,40
7,2025-03-31 14:40:41.887558,page_view,37,28
167,2025-03-31 02:23:41.887560,purchase,2,19
634,2025-03-31 05:59:41.887561,add_to_cart,65,12
816,2025-03-31 04:39:41.887563,add_to_cart,34,46
753,2025-03-31 06:22:41.887564,add_to_cart,59,22
90,2025-03-31 08:05:41.887565,add_to_cart,54,36
904,2025-03-31 10:22:41.887567,add_to_cart,31,17
588,2025-03-31 03:31:41.887568,page_view,22,13
847,2025-03-31 08:04:41.887570,purchase,40,18
141,2025-03-31 20:47:41.887571,add_to_cart,53,19
316,2025-03-31 07:43:41.887573,add_to_cart,76,33
381,2025-03-31 00:31:41.887577,page_view,18,10
700,2025-03-31 23:49:41.887579,purchase,44,5
533,2025-03-31 05:53:41.887581,purchase,81,19
964,2025-03-31 09:58:41.887582,page_view,81,48
368,2025-03-31 21:40:41.887583,add_to_cart,77,5
495,2025-03-31 11:41:41.887585,purchase,11,20
295,2025-03-31 01:56:41.887586,add_to_cart,69,33
581,2025-03-31 18:46:41.887588,add_to_cart,52,8
303,2025-03-31 03:25:41.887589,purchase,53,16
250,2025-03-31 07:17:41.887591,purchase,18,16
144,2025-03-31 23:45:41.887592,page_view,78,18
524,2025-03-31 00:40:41.887594,add_to_cart,52,1
876,2025-03-31 01:52:41.887595,add_to_cart,83,50
232,2025-03-31 04:16:41.887597,add_to_cart,7,43
686,2025-03-31 11:42:41.887598,add_to_cart,75,10
682,2025-03-31 12:13:41.887599,page_view,18,15
922,2025-03-31 11:46:41.887601,purchase,13,11
542,2025-03-31 02:58:41.887602,purchase,53,8
166,2025-03-31 15:31:41.887604,add_to_cart,75,1
832,2025-03-31 02:04:41.887605,page_view,56,25
968,2025-03-31 23:33:41.887607,purchase,69,30
163,2025-03-31 19:02:41.887609,purchase,60,1
523,2025-03-31 17:52:41.887610,add_to_cart,28,48
14,2025-03-31 15:13:41.887612,add_to_cart,35,38
813,2025-03-31 20:43:41.887613,page_view,34,21
640,2025-03-31 14:29:41.887615,purchase,95,39
844,2025-03-31 04:26:41.887616,purchase,73,43
270,2025-03-31 06:43:41.887618,page_view,84,6
199,2025-03-31 06:58:41.887619,purchase,77,17
631,2025-03-31 22:19:41.887623,add_to_cart,19,47
755,2025-03-31 04:07:41.887625,purchase,81,40
450,2025-03-31 05:18:41.887626,page_view,62,47
842,2025-03-31 05:38:41.887628,purchase,45,46
668,2025-03-31 00:48:41.887629,page_view,44,38
681,2025-03-31 18:19:41.887631,page_view,43,6
11,2025-03-31 04:33:41.887632,page_view,51,33
852,2025-03-31 23:52:41.887634,purchase,91,15
934,2025-03-31 03:34:41.887635,purchase,14,17
453,2025-03-31 04:43:41.887636,purchase,62,23
802,2025-03-31 02:33:41.887638,page_view,4,12
102,2025-03-31 23:53:41.887639,page_view,63,36
390,2025-03-31 05:19:41.887641,purchase,82,12
638,2025-03-31 03:58:41.887642,add_to_cart,54,3
197,2025-03-31 19:06:41.887644,purchase,57,31
602,2025-03-31 21:21:41.887645,page_view,79,5
816,2025-03-31 08:42:41.887647,add_to_cart,41,38
262,2025-03-31 04:06:41.887648,page_view,55,36
150,2025-03-31 19:44:41.887650,page_view,19,16
241,2025-03-31 10:34:41.887651,page_view,94,19
714,2025-03-31 08:38:41.887652,page_view,33,10
532,2025-03-31 16:03:41.887654,purchase,28,37
748,2025-03-31 18:06:41.887655,page_view,18,36
148,2025-03-31 15:09:41.887657,add_to_cart,57,30
39,2025-03-31 03:05:41.887658,page_view,44,29
456,2025-03-31 18:25:41.887660,purchase,23,8
871,2025-03-31 05:21:41.887661,add_to_cart,57,11
828,2025-03-31 00:40:41.887663,add_to_cart,32,26
699,2025-03-31 16:21:41.887664,purchase,76,49
532,2025-03-31 07:10:41.887666,page_view,89,49
168,2025-03-31 20:19:41.887667,add_to_cart,29,9
707,2025-03-31 05:03:41.887669,add_to_cart,39,38
122,2025-03-31 04:12:41.887670,add_to_cart,23,18
209,2025-03-31 02:21:41.887672,purchase,35,35
907,2025-03-31 18:37:41.887673,page_view,95,2
627,2025-03-31 18:05:41.887675,add_to_cart,62,14
290,2025-03-31 08:47:41.887676,page_view,46,49
288,2025-03-31 08:35:41.887678,page_view,65,7
904,2025-03-31 18:48:41.887679,purchase,19,15
266,2025-03-31 03:02:41.887681,page_view,46,42
488,2025-03-31 12:59:41.887682,add_to_cart,3,2
265,2025-03-31 17:27:41.887683,page_view,72,42
551,2025-03-31 09:35:41.887685,purchase,88,24
93,2025-03-31 02:08:41.887686,add_to_cart,21,39
782,2025-03-31 10:42:41.887688,page_view,61,1
579,2025-03-31 11:55:41.887689,page_view,86,4
567,2025-03-31 18:49:41.887691,add_to_cart,26,36
250,2025-03-31 09:35:41.887692,purchase,17,19
97,2025-03-31 00:39:41.887694,purchase,100,35
315,2025-03-31 16:52:41.887695,purchase,62,41
150,2025-03-31 08:12:41.887696,add_to_cart,19,34
587,2025-03-31 10:49:41.887698,page_view,5,25
601,2025-03-31 17:22:41.887699,add_to_cart,94,37
713,2025-03-31 17:38:41.887701,page_view,89,28
249,2025-03-31 20:38:41.887702,page_view,99,30
419,2025-03-31 02:15:41.887704,purchase,17,37
655,2025-03-31 05:49:41.887705,purchase,9,4
507,2025-03-31 02:00:41.887707,add_to_cart,20,43
168,2025-03-31 08:34:41.887708,add_to_cart,28,48
229,2025-03-31 17:10:41.887710,add_to_cart,56,50
897,2025-03-31 23:37:41.887711,add_to_cart,26,10
226,2025-03-31 03:07:41.887713,add_to_cart,12,41
214,2025-03-31 13:36:41.887714,add_to_cart,49,19
583,2025-03-31 05:50:41.887716,page_view,26,16
843,2025-03-31 02:20:41.887717,purchase,25,8
547,2025-03-31 01:16:41.887719,page_view,76,33
661,2025-03-31 23:28:41.887720,page_view,75,12
246,2025-03-31 12:16:41.887722,page_view,34,16
623,2025-03-31 17:04:41.887723,page_view,37,48
77,2025-03-31 20:33:41.887724,page_view,8,13
505,2025-03-31 23:09:41.887726,page_view,24,47
286,2025-03-31 17:30:41.887727,purchase,9,35
156,2025-03-31 02:31:41.887729,purchase,54,3
450,2025-03-31 10:35:41.887730,page_view,14,30
236,2025-03-31 02:24:41.887732,purchase,90,42
755,2025-03-31 21:02:41.887733,page_view,76,43
337,2025-03-31 19:56:41.887735,page_view,7,22
868,2025-03-31 00:34:41.887736,page_view,72,40
972,2025-03-31 12:05:41.887738,add_to_cart,67,30
834,2025-03-31 19:28:41.887739,page_view,84,18
388,2025-03-31 21:16:41.887740,page_view,19,3
18,2025-03-31 03:34:41.887742,page_view,63,28
859,2025-03-31 14:45:41.887743,page_view,20,44
409,2025-03-31 10:56:41.887745,add_to_cart,20,9
948,2025-03-31 03:49:41.887746,purchase,67,19
92,2025-03-31 12:42:41.887748,page_view,42,4
714,2025-03-31 10:55:41.887749,page_view,36,17
530,2025-03-31 18:30:41.887751,page_view,53,41
676,2025-03-31 07:18:41.887752,purchase,70,15
549,2025-03-31 14:05:41.887753,page_view,34,27
287,2025-03-31 05:12:41.887755,page_view,70,33
422,2025-03-31 16:22:41.887756,page_view,99,40
164,2025-03-31 14:25:41.887758,purchase,48,42
57,2025-03-31 05:11:41.887759,page_view,75,35
208,2025-03-31 23:00:41.887761,add_to_cart,73,39
242,2025-03-31 16:36:41.887762,page_view,45,10
440,2025-03-31 02:50:41.887764,add_to_cart,50,3
483,2025-03-31 02:04:41.887765,page_view,38,33
80,2025-03-31 08:48:41.887767,add_to_cart,51,33
559,2025-03-31 15:50:41.887768,page_view,21,33
586,2025-03-31 04:35:41.887769,page_view,23,34
561,2025-03-31 06:02:41.887771,add_to_cart,14,14
596,2025-03-31 05:31:41.887772,purchase,30,32
85,2025-03-31 21:40:41.887774,add_to_cart,16,23
140,2025-03-31 01:48:41.887775,page_view,37,12
389,2025-03-31 10:54:41.887777,purchase,79,20
482,2025-03-31 06:23:41.887778,purchase,9,32
171,2025-03-31 12:51:41.887780,purchase,59,5
569,2025-03-31 14:30:41.887781,purchase,55,10
356,2025-03-31 20:47:41.887782,purchase,53,12
598,2025-03-31 15:30:41.887784,page_view,86,11
502,2025-03-31 20:11:41.887785,page_view,60,20
679,2025-03-31 05:18:41.887787,purchase,88,34
248,2025-03-31 13:33:41.887788,add_to_cart,43,28
445,2025-03-31 22:18:41.887790,add_to_cart,54,41
984,2025-03-31 03:06:41.887791,purchase,95,12
116,2025-03-31 15:12:41.887793,purchase,43,2
307,2025-03-31 21:34:41.887794,page_view,46,30
482,2025-03-31 17:46:41.887796,add_to_cart,51,10
787,2025-03-31 06:12:41.887797,add_to_cart,88,6
695,2025-03-31 08:18:41.887798,page_view,57,7
757,2025-03-31 14:36:41.887800,add_to_cart,32,39
485,2025-03-31 22:29:41.887801,add_to_cart,48,42
841,2025-03-31 09:07:41.887803,add_to_cart,39,14
366,2025-03-31 10:24:41.887804,add_to_cart,23,37
336,2025-03-31 05:51:41.887806,purchase,94,26
324,2025-03-31 22:09:41.887807,add_to_cart,54,38
857,2025-03-31 12:19:41.887809,purchase,8,34
126,2025-03-31 15:04:41.887810,page_view,69,41
342,2025-03-31 06:02:41.887812,add_to_cart,65,14
626,2025-03-31 14:59:41.887813,purchase,4,10
334,2025-03-31 03:56:41.887815,page_view,21,38
154,2025-03-31 20:41:41.887816,purchase,4,47
834,2025-03-31 10:43:41.887818,page_view,32,28
304,2025-03-31 08:09:41.887819,purchase,43,42
754,2025-03-31 21:44:41.887821,page_view,73,38
976,2025-03-31 20:37:41.887822,purchase,44,43
553,2025-03-31 21:30:41.887824,add_to_cart,95,38
908,2025-03-31 00:57:41.887825,purchase,79,33
741,2025-03-31 09:16:41.887827,page_view,1,35
392,2025-03-31 06:01:41.887828,purchase,45,20
643,2025-03-31 20:29:41.887829,purchase,70,10
176,2025-03-31 07:57:41.887831,add_to_cart,73,19
537,2025-03-31 13:16:41.887832,add_to_cart,61,10
364,2025-03-31 22:07:41.887834,purchase,33,25
883,2025-03-31 15:23:41.887835,purchase,38,12
540,2025-03-31 01:13:41.887837,purchase,15,11
807,2025-03-31 06:57:41.887838,page_view,39,17
306,2025-03-31 03:57:41.887840,add_to_cart,99,24
248,2025-03-31 15:13:41.887841,page_view,70,9
981,2025-03-31 11:55:41.887843,add_to_cart,19,31
812,2025-03-31 16:08:41.887844,page_view,94,9
487,2025-03-31 01:57:41.887846,add_to_cart,98,6
994,2025-03-31 04:55:41.887847,add_to_cart,20,34
78,2025-03-31 12:13:41.887848,add_to_cart,3,28
321,2025-03-31 22:35:41.887850,purchase,29,5
587,2025-03-31 10:54:41.887852,add_to_cart,9,38
830,2025-03-31 06:48:41.887853,purchase,48,41
867,2025-03-31 06:26:41.887855,purchase,1,46
455,2025-03-31 08:50:41.887856,purchase,65,29
484,2025-03-31 02:26:41.887858,purchase,9,1
377,2025-03-31 01:50:41.887859,add_to_cart,84,11
581,2025-03-31 21:11:41.887861,page_view,39,12
199,2025-03-31 23:03:41.887862,purchase,67,11
929,2025-03-31 12:11:41.887864,purchase,60,40
39,2025-03-31 05:45:41.887865,purchase,78,31
337,2025-03-31 03:44:41.887867,page_view,38,30
551,2025-03-31 06:48:41.887868,page_view,25,7
769,2025-03-31 06:06:41.887870,add_to_cart,42,3
362,2025-03-31 23:12:41.887871,purchase,41,33
150,2025-03-31 14:33:41.887873,add_to_cart,72,39
606,2025-03-31 17:53:41.887874,page_view,6,28
151,2025-03-31 04:45:41.887876,add_to_cart,75,15
984,2025-03-31 11:08:41.887877,purchase,80,5
203,2025-03-31 09:44:41.887878,add_to_cart,71,45
65,2025-03-31 22:38:41.887880,page_view,93,47
556,2025-03-31 14:39:41.887881,purchase,9,24
902,2025-03-31 20:16:41.887883,add_to_cart,39,28
298,2025-03-31 16:43:41.887884,purchase,49,24
48,2025-03-31 04:41:41.887886,add_to_cart,90,26
684,2025-03-31 20:34:41.887887,purchase,39,41
893,2025-03-31 07:41:41.887889,page_view,25,21
298,2025-03-31 23:46:41.887890,add_to_cart,55,44
136,2025-03-31 04:34:41.887892,page_view,63,35
109,2025-03-31 17:35:41.887893,purchase,19,32
574,2025-03-31 06:57:41.887900,add_to_cart,82,41
47,2025-03-31 05:52:41.887902,purchase,32,2
755,2025-03-31 03:35:41.887903,page_view,28,27
991,2025-03-31 18:55:41.887905,page_view,84,23
816,2025-03-31 22:36:41.887906,page_view,36,42
314,2025-03-31 21:50:41.887907,page_view,38,47
553,2025-03-31 04:36:41.887909,add_to_cart,28,49
651,2025-03-31 20:00:41.887911,page_view,39,21
815,2025-03-31 19:07:41.887912,add_to_cart,47,34
210,2025-03-31 19:07:41.887914,page_view,76,18
524,2025-03-31 21:00:41.887915,purchase,56,12
431,2025-03-31 12:53:41.887917,add_to_cart,64,38
596,2025-03-31 05:22:41.887918,add_to_cart,85,8
439,2025-03-31 10:48:41.887920,purchase,12,14
740,2025-03-31 18:50:41.887921,page_view,6,5
673,2025-03-31 04:44:41.887923,page_view,2,35
97,2025-03-31 22:45:41.887924,page_view,23,27
427,2025-03-31 10:57:41.887926,purchase,57,43
961,2025-03-31 13:25:41.887927,add_to_cart,25,21
800,2025-03-31 01:46:41.887929,add_to_cart,25,28
25,2025-03-31 20:51:41.887930,purchase,98,20
50,2025-03-31 03:48:41.887932,page_view,28,25
864,2025-03-31 23:17:41.887933,page_view,86,7
685,2025-03-31 03:03:41.887935,add_to_cart,36,12
93,2025-03-31 06:02:41.887936,add_to_cart,59,26
328,2025-03-31 06:59:41.887938,add_to_cart,78,10
41,2025-03-31 04:37:41.887939,purchase,82,44
278,2025-03-31 02:04:41.887940,page_view,65,15
313,2025-03-31 18:32:41.887942,purchase,93,8
3,2025-03-31 12:31:41.887943,add_to_cart,64,40
334,2025-03-31 11:48:41.887945,purchase,40,14
906,2025-03-31 04:06:41.887946,add_to_cart,12,28
182,2025-03-31 11:49:41.887948,purchase,93,41
634,2025-03-31 13:51:41.887949,add_to_cart,70,47
70,2025-03-31 02:49:41.887951,add_to_cart,44,43
408,2025-03-31 15:16:41.887952,purchase,48,20
332,2025-03-31 23:39:41.887954,purchase,36,42
534,2025-03-31 06:30:41.887955,page_view,75,11
557,2025-03-31 06:03:41.887956,page_view,42,1
878,2025-03-31 00:49:41.887958,page_view,3,16
577,2025-03-31 03:14:41.887959,add_to_cart,19,32
886,2025-03-31 08:56:41.887961,add_to_cart,75,35
452,2025-03-31 22:45:41.887962,add_to_cart,71,27
23,2025-03-31 00:40:41.887964,purchase,32,15
449,2025-03-31 12:18:41.887965,page_view,98,14
277,2025-03-31 10:34:41.887967,page_view,40,47
440,2025-03-31 09:16:41.887968,add_to_cart,68,11
263,2025-03-31 15:37:41.887970,purchase,38,48
117,2025-03-31 02:20:41.887971,add_to_cart,4,12
351,2025-03-31 08:24:41.887973,purchase,64,20
253,2025-03-31 04:31:41.887974,add_to_cart,61,44
852,2025-03-31 23:37:41.887976,purchase,19,44
637,2025-03-31 09:45:41.887977,page_view,33,5
779,2025-03-31 02:40:41.887979,add_to_cart,90,45
619,2025-03-31 12:43:41.887980,page_view,19,4
764,2025-03-31 08:28:41.887981,add_to_cart,22,45
786,2025-03-31 23:36:41.887983,purchase,70,29
768,2025-03-31 13:10:41.887984,add_to_cart,42,13
883,2025-03-31 13:45:41.887986,page_view,16,41
325,2025-03-31 23:00:41.887987,purchase,39,38
612,2025-03-31 11:36:41.887989,purchase,10,15
165,2025-03-31 23:23:41.887990,add_to_cart,82,45
985,2025-03-31 00:48:41.887992,purchase,90,31
339,2025-03-31 14:23:41.887993,page_view,84,12
792,2025-03-31 23:39:41.887995,purchase,67,13
602,2025-03-31 15:01:41.887996,purchase,65,34
45,2025-03-31 20:49:41.887998,add_to_cart,29,33
361,2025-03-31 06:38:41.887999,add_to_cart,83,23
942,2025-03-31 13:23:41.888000,page_view,31,30
570,2025-03-31 08:00:41.888002,page_view,72,11
82,2025-03-31 19:28:41.888003,purchase,7,41
738,2025-03-31 21:40:41.888005,purchase,35,49
437,2025-03-31 14:18:41.888006,purchase,70,17
206,2025-03-31 18:16:41.888008,page_view,49,26
933,2025-03-31 16:53:41.888009,purchase,82,26
704,2025-03-31 02:00:41.888011,purchase,97,48
82,2025-03-31 12:41:41.888012,page_view,54,3
139,2025-03-31 23:34:41.888014,add_to_cart,31,30
183,2025-03-31 07:31:41.888015,page_view,70,41
651,2025-03-31 18:38:41.888017,page_view,66,2
828,2025-03-31 03:29:41.888018,add_to_cart,93,15
894,2025-03-31 20:41:41.888020,add_to_cart,6,23
306,2025-03-31 07:20:41.888021,add_to_cart,53,36
793,2025-03-31 02:20:41.888023,page_view,3,38
876,2025-03-31 04:18:41.888024,purchase,97,27
106,2025-03-31 07:06:41.888026,purchase,86,10
766,2025-03-31 21:36:41.888029,page_view,25,33
514,2025-03-31 17:50:41.888030,page_view,76,41
971,2025-03-31 02:46:41.888032,purchase,17,9
206,2025-03-31 17:05:41.888033,page_view,44,45
646,2025-03-31 05:59:41.888035,page_view,72,43
143,2025-03-31 23:19:41.888036,page_view,77,12
41,2025-03-31 23:15:41.888038,add_to_cart,1,11
452,2025-03-31 20:49:41.888039,page_view,11,14
587,2025-03-31 03:22:41.888041,page_view,14,4
12,2025-03-31 18:46:41.888042,purchase,42,46
895,2025-03-31 01:22:41.888044,add_to_cart,34,39
547,2025-03-31 08:19:41.888045,page_view,28,43
220,2025-03-31 11:36:41.888047,page_view,9,42
643,2025-03-31 03:39:41.888048,add_to_cart,20,45
687,2025-03-31 20:32:41.888050,purchase,72,16
381,2025-03-31 03:23:41.888051,page_view,4,28
251,2025-03-31 06:11:41.888053,purchase,86,24
336,2025-03-31 00:57:41.888054,add_to_cart,1,34
55,2025-03-31 04:56:41.888056,page_view,79,26
417,2025-03-31 00:11:41.888057,page_view,12,9
833,2025-03-31 17:15:41.888058,page_view,52,41
871,2025-03-31 05:39:41.888060,add_to_cart,61,5
684,2025-03-31 14:04:41.888061,page_view,81,8
423,2025-03-31 15:41:41.888063,page_view,31,13
456,2025-03-31 23:36:41.888064,add_to_cart,69,42
745,2025-03-31 10:50:41.888066,purchase,43,20
672,2025-03-31 17:33:41.888067,add_to_cart,49,30
643,2025-03-31 09:12:41.888069,page_view,90,41
151,2025-03-31 12:32:41.888070,page_view,59,35
940,2025-03-31 19:19:41.888072,page_view,86,22
109,2025-03-31 03:24:41.888073,page_view,72,38
551,2025-03-31 10:37:41.888075,add_to_cart,27,15
31,2025-03-31 14:48:41.888076,purchase,42,24
175,2025-03-31 18:29:41.888077,purchase,71,17
912,2025-03-31 04:48:41.888079,purchase,26,19
775,2025-03-31 06:41:41.888080,page_view,98,6
852,2025-03-31 02:23:41.888082,page_view,87,20
638,2025-03-31 01:03:41.888083,purchase,11,4
218,2025-03-31 15:47:41.888085,purchase,82,9
379,2025-03-31 05:21:41.888086,add_to_cart,26,47
492,2025-03-31 18:14:41.888088,purchase,95,15
526,2025-03-31 05:42:41.888089,purchase,77,8
866,2025-03-31 07:33:41.888091,page_view,97,35
658,2025-03-31 22:21:41.888092,purchase,33,42
622,2025-03-31 08:27:41.888094,purchase,87,33
132,2025-03-31 18:54:41.888095,page_view,84,7
360,2025-03-31 06:37:41.888097,add_to_cart,62,28
842,2025-03-31 04:43:41.888098,page_view,34,2
365,2025-03-31 04:44:41.888100,purchase,68,19
863,2025-03-31 18:14:41.888101,purchase,73,29
782,2025-03-31 14:36:41.888102,purchase,71,24
554,2025-03-31 05:33:41.888104,add_to_cart,54,40
53,2025-03-31 01:56:41.888105,add_to_cart,56,42
150,2025-03-31 05:30:41.888107,page_view,26,9
102,2025-03-31 19:46:41.888108,purchase,88,2
615,2025-03-31 04:10:41.888110,purchase,31,32
342,2025-03-31 20:17:41.888111,page_view,37,42
523,2025-03-31 02:06:41.888113,page_view,50,24
473,2025-03-31 17:21:41.888114,add_to_cart,33,37
862,2025-03-31 15:45:41.888116,page_view,70,41
226,2025-03-31 06:52:41.888117,add_to_cart,39,31
450,2025-03-31 04:58:41.888119,add_to_cart,53,37
25,2025-03-31 01:03:41.888120,page_view,99,23
97,2025-03-31 21:48:41.888122,purchase,80,20
626,2025-03-31 12:54:41.888123,page_view,4,3
446,2025-03-31 01:08:41.888125,page_view,49,15
861,2025-03-31 20:41:41.888126,add_to_cart,20,47
272,2025-03-31 10:40:41.888128,purchase,38,47
644,2025-03-31 18:21:41.888129,page_view,86,27
55,2025-03-31 23:10:41.888131,purchase,7,42
534,2025-03-31 03:34:41.888132,page_view,24,24
71,2025-03-31 15:33:41.888134,purchase,61,20
360,2025-03-31 20:44:41.888135,page_view,17,24
635,2025-03-31 22:09:41.888137,purchase,77,30
368,2025-03-31 02:40:41.888138,page_view,43,17
531,2025-03-31 15:58:41.888139,purchase,74,45
507,2025-03-31 17:42:41.888141,page_view,99,44
147,2025-03-31 23:45:41.888142,page_view,70,1
154,2025-03-31 23:00:41.888144,page_view,82,10
798,2025-03-31 05:24:41.888145,purchase,67,10
469,2025-03-31 16:29:41.888147,add_to_cart,13,33
784,2025-03-31 03:57:41.888148,page_view,39,8
825,2025-03-31 09:18:41.888150,page_view,25,46
253,2025-03-31 22:44:41.888151,add_to_cart,83,16
459,2025-03-31 02:15:41.888153,purchase,13,16
246,2025-03-31 16:23:41.888154,add_to_cart,87,15
410,2025-03-31 02:26:41.888156,add_to_cart,14,45
351,2025-03-31 23:51:41.888157,purchase,12,27
771,2025-03-31 11:57:41.888158,add_to_cart,68,40
603,2025-03-31 06:21:41.888160,purchase,58,35
591,2025-03-31 19:31:41.888161,purchase,23,9
406,2025-03-31 13:32:41.888163,page_view,18,45
974,2025-03-31 04:28:41.888167,purchase,23,13
122,2025-03-31 02:14:41.888169,page_view,88,30
969,2025-03-31 17:05:41.888170,purchase,56,17
426,2025-04-01 00:01:41.888172,page_view,90,33
277,2025-03-31 15:06:41.888173,page_view,22,10
643,2025-03-31 13:35:41.888175,purchase,19,8
539,2025-03-31 06:09:41.888176,page_view,60,45
643,2025-03-31 05:48:41.888178,purchase,65,35
55,2025-03-31 09:29:41.888179,purchase,74,25
437,2025-03-31 13:01:41.888181,add_to_cart,91,8
117,2025-03-31 00:45:41.888182,add_to_cart,85,7
703,2025-03-31 00:16:41.888184,purchase,46,47
512,2025-03-31 15:46:41.888185,purchase,9,34
750,2025-03-31 23:55:41.888187,page_view,73,42
465,2025-03-31 03:33:41.888188,purchase,19,5
374,2025-03-31 14:41:41.888190,page_view,91,34
913,2025-03-31 01:32:41.888191,page_view,36,45
654,2025-03-31 05:58:41.888193,purchase,40,48
410,2025-03-31 05:13:41.888194,add_to_cart,69,11
453,2025-03-31 13:43:41.888196,add_to_cart,17,34
431,2025-03-31 22:44:41.888197,page_view,26,36
963,2025-03-31 23:48:41.888199,purchase,18,12
707,2025-03-31 02:50:41.888204,add_to_cart,16,32
653,2025-03-31 16:30:41.888205,page_view,35,10
437,2025-03-31 21:20:41.888206,purchase,23,13
398,2025-03-31 04:39:41.888208,purchase,77,46
698,2025-03-31 04:29:41.888209,page_view,96,34
635,2025-03-31 09:39:41.888211,add_to_cart,36,43
946,2025-03-31 13:50:41.888212,page_view,16,46
482,2025-03-31 03:57:41.888214,purchase,33,48
127,2025-03-31 16:41:41.888215,add_to_cart,68,5
71,2025-03-31 20:16:41.888217,page_view,85,14
637,2025-03-31 12:08:41.888218,purchase,81,22
751,2025-03-31 09:46:41.888220,page_view,47,34
950,2025-03-31 05:18:41.888221,purchase,10,6
854,2025-03-31 16:50:41.888223,page_view,13,39
637,2025-04-01 00:06:41.888224,add_to_cart,24,44
800,2025-03-31 12:25:41.888226,add_to_cart,81,32
768,2025-03-31 00:20:41.888227,purchase,14,20
941,2025-03-31 05:58:41.888229,page_view,91,1
872,2025-04-01 00:04:41.888230,page_view,100,26
757,2025-03-31 04:46:41.888232,purchase,30,46
905,2025-03-31 18:18:41.888233,add_to_cart,77,46
791,2025-03-31 11:14:41.888236,add_to_cart,57,50
797,2025-03-31 04:10:41.888237,purchase,8,47
255,2025-03-31 04:52:41.888239,purchase,77,38
97,2025-03-31 06:01:41.888240,purchase,11,27
464,2025-03-31 06:27:41.888242,purchase,32,36
581,2025-03-31 04:37:41.888243,page_view,82,9
543,2025-03-31 23:32:41.888245,page_view,55,19
133,2025-03-31 18:57:41.888246,page_view,36,6
737,2025-03-31 01:16:41.888248,purchase,63,26
197,2025-03-31 17:25:41.888249,add_to_cart,74,10
737,2025-03-31 22:37:41.888254,purchase,11,11
135,2025-03-31 23:17:41.888255,page_view,29,5
616,2025-03-31 06:01:41.888257,purchase,9,26
588,2025-03-31 07:32:41.888258,purchase,15,26
599,2025-03-31 20:51:41.888260,page_view,18,1
460,2025-03-31 23:12:41.888261,purchase,29,10
731,2025-03-31 04:58:41.888263,page_view,31,19
18,2025-03-31 06:49:41.888264,add_to_cart,13,27
575,2025-03-31 13:53:41.888266,add_to_cart,17,39
645,2025-03-31 13:13:41.888267,page_view,80,48
630,2025-03-31 09:25:41.888268,purchase,83,32
330,2025-03-31 00:38:41.888270,purchase,91,40
772,2025-03-31 06:40:41.888271,purchase,32,26
283,2025-03-31 12:31:41.888273,page_view,15,42
892,2025-03-31 18:57:41.888274,page_view,42,36
186,2025-03-31 17:26:41.888276,page_view,95,35
727,2025-03-31 11:38:41.888277,add_to_cart,70,43
225,2025-03-31 09:16:41.888279,purchase,62,45
260,2025-03-31 06:28:41.888280,add_to_cart,68,7
50,2025-03-31 11:15:41.888282,add_to_cart,45,41
710,2025-03-31 05:02:41.888283,page_view,45,19
391,2025-03-31 23:27:41.888285,add_to_cart,86,50
699,2025-03-31 08:12:41.888286,page_view,63,40
929,2025-03-31 21:49:41.888288,page_view,80,45
350,2025-03-31 00:12:41.888289,page_view,14,40
515,2025-03-31 23:05:41.888291,add_to_cart,86,10
957,2025-03-31 13:32:41.888292,purchase,65,46
423,2025-03-31 17:36:41.888294,purchase,95,3
398,2025-03-31 07:42:41.888295,purchase,42,27
420,2025-03-31 16:45:41.888297,purchase,98,40
900,2025-03-31 22:43:41.888298,add_to_cart,89,32
766,2025-03-31 23:30:41.888300,add_to_cart,44,19
391,2025-03-31 16:49:41.888301,purchase,9,24
877,2025-03-31 00:26:41.888303,purchase,87,25
379,2025-03-31 06:58:41.888304,add_to_cart,70,39
775,2025-03-31 19:53:41.888306,purchase,13,47
72,2025-03-31 09:38:41.888307,page_view,66,15
633,2025-03-31 20:55:41.888309,page_view,97,31
402,2025-03-31 12:31:41.888310,page_view,3,14
402,2025-03-31 03:54:41.888312,page_view,79,31
670,2025-03-31 21:01:41.888313,purchase,25,41
444,2025-03-31 12:28:41.888315,add_to_cart,29,10
79,2025-03-31 23:19:41.888317,page_view,97,10
28,2025-03-31 07:13:41.888318,add_to_cart,40,19
882,2025-03-31 14:26:41.888320,purchase,26,4
704,2025-03-31 21:56:41.888321,purchase,48,32
318,2025-03-31 17:33:41.888322,add_to_cart,37,46
115,2025-03-31 21:22:41.888324,purchase,40,24
311,2025-03-31 04:46:41.888325,add_to_cart,2,5
319,2025-03-31 20:42:41.888327,page_view,84,45
961,2025-03-31 06:08:41.888328,purchase,27,8
945,2025-03-31 23:22:41.888330,purchase,71,4
254,2025-03-31 12:13:41.888331,page_view,14,39
881,2025-03-31 13:25:41.888333,add_to_cart,66,50
361,2025-03-31 16:18:41.888334,purchase,4,25
615,2025-03-31 02:46:41.888336,purchase,28,50
40,2025-03-31 02:34:41.888337,page_view,45,5
254,2025-03-31 13:24:41.888338,purchase,67,23
173,2025-03-31 21:53:41.888340,page_view,16,39
302,2025-03-31 16:04:41.888341,purchase,48,9
280,2025-03-31 21:05:41.888343,purchase,44,7
482,2025-03-31 21:58:41.888344,page_view,7,26
476,2025-03-31 19:57:41.888346,page_view,32,16
736,2025-03-31 06:56:41.888348,add_to_cart,48,13
144,2025-03-31 07:24:41.888349,page_view,39,27
426,2025-03-31 06:13:41.888350,add_to_cart,27,1
202,2025-03-31 14:00:41.888352,purchase,57,19
600,2025-03-31 18:54:41.888353,page_view,60,12
241,2025-03-31 23:31:41.888355,add_to_cart,94,23
668,2025-03-31 03:21:41.888357,purchase,88,29
801,2025-03-31 22:14:41.888358,purchase,11,35
698,2025-03-31 14:02:41.888359,page_view,59,19
752,2025-03-31 02:15:41.888361,page_view,94,45
927,2025-03-31 23:30:41.888362,add_to_cart,73,1
762,2025-03-31 11:37:41.888364,page_view,79,22
388,2025-03-31 02:05:41.888365,add_to_cart,49,47
80,2025-03-31 16:34:41.888367,page_view,72,9
690,2025-03-31 20:18:41.888368,page_view,74,21
94,2025-03-31 16:37:41.888370,page_view,91,29
228,2025-03-31 15:24:41.888371,page_view,99,34
750,2025-03-31 18:59:41.888373,add_to_cart,13,17
960,2025-03-31 15:54:41.888374,page_view,13,40
441,2025-03-31 13:29:41.888376,add_to_cart,41,13
791,2025-03-31 22:17:41.888377,add_to_cart,38,8
484,2025-03-31 02:09:41.888379,purchase,17,32
689,2025-03-31 11:16:41.888380,purchase,53,23
322,2025-03-31 08:16:41.888382,purchase,22,13
214,2025-03-31 21:53:41.888383,add_to_cart,54,19
200,2025-03-31 19:31:41.888385,add_to_cart,90,43
86,2025-03-31 02:30:41.888386,add_to_cart,62,14
232,2025-03-31 03:11:41.888388,add_to_cart,96,19
881,2025-03-31 07:35:41.888389,purchase,36,31
536,2025-03-31 19:31:41.888390,purchase,92,1
116,2025-03-31 10:12:41.888392,add_to_cart,72,26
928,2025-03-31 19:18:41.888393,purchase,90,26
697,2025-03-31 15:42:41.888395,page_view,27,14
86,2025-03-31 13:56:41.888396,add_to_cart,11,15
412,2025-03-31 10:17:41.888398,add_to_cart,1,43
345,2025-03-31 22:49:41.888399,purchase,61,42
369,2025-03-31 01:33:41.888401,page_view,100,3
326,2025-03-31 23:31:41.888402,add_to_cart,7,30
987,2025-03-31 18:44:41.888404,page_view,69,37
870,2025-03-31 01:28:41.888405,page_view,9,22
945,2025-03-31 14:23:41.888407,add_to_cart,36,6
402,2025-03-31 17:10:41.888408,add_to_cart,89,7
462,2025-03-31 01:09:41.888410,add_to_cart,69,46
88,2025-03-31 07:29:41.888411,purchase,8,23
999,2025-03-31 12:15:41.888412,purchase,70,17
322,2025-03-31 09:57:41.888414,page_view,85,40
516,2025-03-31 16:04:41.888416,purchase,55,40
316,2025-03-31 00:53:41.888417,page_view,100,40
491,2025-03-31 18:09:41.888418,page_view,90,22
134,2025-03-31 16:58:41.888420,purchase,99,47
848,2025-03-31 04:26:41.888421,page_view,51,45
78,2025-03-31 17:58:41.888423,add_to_cart,24,50
705,2025-03-31 22:46:41.888424,page_view,6,50
334,2025-03-31 11:47:41.888426,add_to_cart,53,8
923,2025-03-31 12:48:41.888427,page_view,1,41
506,2025-03-31 10:45:41.888429,page_view,8,19
264,2025-03-31 23:16:41.888430,purchase,22,20
20,2025-03-31 03:41:41.888431,page_view,17,14
390,2025-03-31 12:41:41.888433,page_view,4,35
185,2025-03-31 09:25:41.888434,add_to_cart,80,31
386,2025-03-31 09:01:41.888436,page_view,50,48
690,2025-03-31 04:51:41.888437,add_to_cart,88,9
598,2025-03-31 08:54:41.888439,purchase,44,20
252,2025-03-31 16:23:41.888441,add_to_cart,21,22
141,2025-03-31 10:47:41.888442,page_view,40,34
432,2025-03-31 01:19:41.888443,purchase,2,31
183,2025-03-31 11:13:41.888445,purchase,32,18
347,2025-03-31 15:59:41.888446,add_to_cart,20,1
181,2025-03-31 08:26:41.888448,page_view,19,41
695,2025-03-31 03:30:41.888449,page_view,42,31
957,2025-03-31 17:02:41.888451,page_view,79,19
56,2025-03-31 16:56:41.888452,page_view,42,13
593,2025-03-31 11:17:41.888454,add_to_cart,47,49
462,2025-03-31 10:04:41.888455,page_view,65,15
98,2025-03-31 00:46:41.888456,purchase,91,36
184,2025-03-31 05:22:41.888458,add_to_cart,84,28
966,2025-03-31 11:54:41.888459,add_to_cart,55,47
211,2025-03-31 23:17:41.888461,purchase,21,34
810,2025-03-31 18:49:41.888462,purchase,14,18
318,2025-03-31 21:12:41.888464,page_view,84,19
288,2025-03-31 14:55:41.888465,add_to_cart,58,40
456,2025-03-31 22:29:41.888466,page_view,39,35
411,2025-03-31 01:29:41.888468,page_view,15,14
664,2025-03-31 06:27:41.888469,page_view,78,9
414,2025-03-31 00:55:41.888471,purchase,81,46
382,2025-03-31 12:44:41.888472,add_to_cart,50,10
87,2025-03-31 18:06:41.888474,page_view,76,25
239,2025-03-31 01:50:41.888475,page_view,14,11
332,2025-03-31 15:50:41.888477,page_view,7,22
562,2025-03-31 14:58:41.888478,purchase,46,12
600,2025-03-31 15:39:41.888480,add_to_cart,40,30
715,2025-03-31 18:49:41.888481,purchase,17,46
423,2025-03-31 13:55:41.888483,page_view,74,29
748,2025-03-31 07:08:41.888484,page_view,77,22
784,2025-03-31 23:41:41.888486,purchase,38,50
898,2025-03-31 01:57:41.888487,purchase,72,44
441,2025-03-31 02:12:41.888488,add_to_cart,72,7
395,2025-03-31 04:32:41.888490,add_to_cart,42,19
926,2025-03-31 09:59:41.888491,add_to_cart,74,29
89,2025-03-31 07:32:41.888493,purchase,62,33
251,2025-03-31 09:30:41.888494,add_to_cart,27,9
619,2025-03-31 06:15:41.888496,add_to_cart,34,32
410,2025-03-31 02:53:41.888497,page_view,89,44
792,2025-03-31 14:26:41.888499,add_to_cart,9,27
116,2025-03-31 16:15:41.888500,page_view,6,40
45,2025-03-31 03:16:41.888501,page_view,34,16
236,2025-03-31 06:35:41.888503,add_to_cart,65,32
530,2025-03-31 04:16:41.888504,add_to_cart,74,8
683,2025-03-31 11:14:41.888506,purchase,80,49
127,2025-03-31 08:38:41.888507,add_to_cart,96,5
438,2025-03-31 10:49:41.888509,page_view,88,34
479,2025-03-31 00:30:41.888511,add_to_cart,48,13
192,2025-03-31 12:14:41.888512,page_view,51,22
414,2025-03-31 09:36:41.888514,page_view,45,1
712,2025-03-31 22:36:41.888515,add_to_cart,69,47
381,2025-03-31 11:07:41.888517,page_view,18,16
869,2025-03-31 12:23:41.888518,page_view,89,6
680,2025-03-31 13:59:41.888520,add_to_cart,91,41
368,2025-03-31 05:17:41.888521,page_view,48,23
417,2025-03-31 04:53:41.888523,page_view,45,30
217,2025-03-31 10:21:41.888524,add_to_cart,4,15
455,2025-03-31 17:29:41.888526,page_view,12,3
146,2025-03-31 20:27:41.888527,page_view,14,47
595,2025-03-31 23:46:41.888528,add_to_cart,34,22
251,2025-03-31 03:03:41.888530,page_view,1,9
189,2025-03-31 01:03:41.888532,add_to_cart,51,35
482,2025-03-31 07:30:41.888533,purchase,61,50
796,2025-03-31 03:55:41.888535,page_view,42,40
679,2025-03-31 15:34:41.888536,page_view,88,46
512,2025-03-31 15:24:41.888537,purchase,43,41
784,2025-03-31 12:19:41.888539,purchase,35,31
959,2025-03-31 02:44:41.888540,add_to_cart,100,27
128,2025-03-31 09:11:41.888543,add_to_cart,42,36
998,2025-03-31 14:38:41.888545,purchase,96,9
24,2025-03-31 13:42:41.888546,page_view,39,35
697,2025-03-31 19:18:41.888548,page_view,25,4
465,2025-03-31 08:42:41.888549,purchase,39,47
488,2025-03-31 02:08:41.888551,page_view,39,6
726,2025-03-31 16:27:41.888552,add_to_cart,57,40
797,2025-03-31 11:54:41.888553,purchase,54,44
8,2025-03-31 11:59:41.888555,add_to_cart,66,21
155,2025-03-31 04:06:41.888556,page_view,93,36
369,2025-03-31 14:24:41.888558,add_to_cart,53,24
983,2025-03-31 07:17:41.888559,purchase,61,30
838,2025-03-31 16:35:41.888561,purchase,77,14
242,2025-03-31 23:00:41.888562,purchase,23,32
653,2025-03-31 11:37:41.888564,add_to_cart,86,35
765,2025-03-31 07:09:41.888565,add_to_cart,99,14
19,2025-03-31 22:17:41.888567,add_to_cart,4,49
952,2025-03-31 22:50:41.888569,add_to_cart,85,3
94,2025-03-31 04:13:41.888570,page_view,17,28
689,2025-03-31 08:08:41.888571,page_view,30,3
319,2025-03-31 16:05:41.888573,page_view,8,37
290,2025-03-31 02:46:41.888574,add_to_cart,44,30
106,2025-03-31 02:13:41.888576,add_to_cart,59,32
478,2025-03-31 03:44:41.888577,add_to_cart,97,49
565,2025-03-31 20:21:41.888579,page_view,83,31
799,2025-03-31 12:17:41.888580,page_view,13,27
528,2025-03-31 10:50:41.888582,add_to_cart,89,33
776,2025-03-31 20:50:41.888583,add_to_cart,87,23
319,2025-03-31 17:13:41.888585,page_view,26,16
716,2025-03-31 23:18:41.888586,add_to_cart,76,5
118,2025-03-31 22:47:41.888587,page_view,59,17
755,2025-03-31 10:02:41.888589,add_to_cart,78,9
412,2025-03-31 17:05:41.888590,purchase,42,19
493,2025-03-31 13:50:41.888592,purchase,71,9
959,2025-03-31 17:16:41.888593,purchase,26,35
20,2025-03-31 03:43:41.888595,page_view,22,43
342,2025-03-31 08:40:41.888596,add_to_cart,53,8
151,2025-03-31 09:31:41.888597,purchase,20,29
438,2025-03-31 09:06:41.888599,add_to_cart,74,38
787,2025-03-31 22:13:41.888600,page_view,74,29
867,2025-03-31 10:15:41.888602,add_to_cart,70,26
567,2025-03-31 19:42:41.888603,purchase,91,33
395,2025-03-31 11:18:41.888605,page_view,8,14
708,2025-03-31 13:01:41.888606,page_view,64,17
497,2025-03-31 07:46:41.888608,add_to_cart,28,37
279,2025-03-31 02:52:41.888609,add_to_cart,86,35
931,2025-03-31 01:33:41.888611,page_view,39,50
298,2025-03-31 06:14:41.888612,purchase,44,10
961,2025-03-31 00:09:41.888614,page_view,38,2
302,2025-03-31 15:55:41.888615,purchase,20,45
789,2025-03-31 19:40:41.888617,purchase,86,38
282,2025-03-31 17:42:41.888618,page_view,58,28
864,2025-03-31 05:35:41.888620,purchase,95,36
432,2025-03-31 17:51:41.888621,purchase,91,34
576,2025-03-31 13:05:41.888623,page_view,10,39
34,2025-03-31 19:12:41.888624,purchase,53,32
370,2025-03-31 01:56:41.888626,page_view,59,6
654,2025-03-31 03:57:41.888627,page_view,20,3
171,2025-03-31 18:39:41.888629,page_view,75,20
165,2025-03-31 12:04:41.888630,purchase,72,41
400,2025-03-31 20:01:41.888632,page_view,91,21
50,2025-03-31 13:40:41.888633,add_to_cart,18,7
11,2025-03-31 19:52:41.888635,page_view,95,6
906,2025-03-31 14:18:41.888636,page_view,67,32
871,2025-03-31 12:42:41.888638,add_to_cart,51,19
899,2025-03-31 04:48:41.888639,add_to_cart,33,2
803,2025-03-31 10:59:41.888641,page_view,49,39
200,2025-03-31 17:15:41.888642,purchase,73,7
838,2025-03-31 19:35:41.888643,purchase,12,30
670,2025-03-31 10:12:41.888645,page_view,40,7
727,2025-03-31 12:13:41.888646,page_view,19,8
475,2025-03-31 15:51:41.888648,purchase,63,42
290,2025-03-31 06:42:41.888649,purchase,74,5
862,2025-03-31 16:08:41.888651,purchase,59,23
695,2025-03-31 07:13:41.888652,purchase,35,9
676,2025-03-31 14:03:41.888654,purchase,93,7
726,2025-03-31 16:02:41.888655,purchase,78,49
204,2025-03-31 10:49:41.888657,purchase,22,27
199,2025-03-31 10:17:41.888658,purchase,87,48
630,2025-03-31 11:12:41.888659,page_view,30,6
761,2025-03-31 20:46:41.888661,page_view,4,40
847,2025-03-31 06:04:41.888662,purchase,71,14
894,2025-03-31 16:40:41.888664,purchase,55,37
51,2025-03-31 06:28:41.888665,add_to_cart,62,12
355,2025-03-31 13:13:41.888667,page_view,28,45
851,2025-03-31 06:15:41.888668,add_to_cart,98,7
491,2025-03-31 23:09:41.888670,add_to_cart,77,50
86,2025-03-31 12:54:41.888671,add_to_cart,14,49
303,2025-03-31 00:24:41.888673,page_view,50,35
405,2025-03-31 18:20:41.888674,page_view,93,33
783,2025-03-31 01:43:41.888676,purchase,66,23
237,2025-03-31 19:14:41.888677,page_view,79,15
176,2025-03-31 06:23:41.888678,purchase,46,45
554,2025-03-31 00:54:41.888680,purchase,45,22
536,2025-03-31 22:12:41.888681,add_to_cart,82,26
380,2025-03-31 16:13:41.888683,purchase,71,22
308,2025-03-31 11:03:41.888684,page_view,87,16
448,2025-03-31 02:42:41.888686,purchase,85,15
564,2025-03-31 19:19:41.888687,page_view,72,1
640,2025-03-31 02:11:41.888689,add_to_cart,86,28
429,2025-03-31 06:39:41.888690,add_to_cart,69,25
846,2025-03-31 09:24:41.888692,purchase,94,19
963,2025-03-31 07:33:41.888693,add_to_cart,54,6
503,2025-03-31 05:31:41.888695,add_to_cart,43,42
863,2025-03-31 20:40:41.888696,purchase,39,46
180,2025-03-31 14:19:41.888698,purchase,73,11
535,2025-03-31 18:15:41.888699,purchase,36,24
38,2025-03-31 02:09:41.888701,page_view,47,43
497,2025-03-31 18:24:41.888702,add_to_cart,82,19
894,2025-03-31 02:46:41.888704,add_to_cart,67,11
789,2025-03-31 02:13:41.888705,purchase,69,50
506,2025-03-31 23:32:41.888707,add_to_cart,94,31
60,2025-03-31 13:57:41.888708,page_view,85,6
164,2025-03-31 02:30:41.888710,add_to_cart,8,4
344,2025-03-31 03:05:41.888711,add_to_cart,9,49
644,2025-03-31 14:54:41.888712,purchase,85,29
151,2025-03-31 13:52:41.888714,purchase,80,5
104,2025-03-31 05:10:41.888715,page_view,96,5
432,2025-03-31 04:32:41.888717,add_to_cart,97,4
545,2025-03-31 17:48:41.888718,add_to_cart,38,37
285,2025-03-31 13:52:41.888720,page_view,100,42
330,2025-03-31 16:46:41.888721,page_view,21,36
947,2025-03-31 21:08:41.888723,page_view,100,24
400,2025-03-31 15:42:41.888724,add_to_cart,95,25
579,2025-03-31 21:37:41.888725,page_view,13,49
421,2025-03-31 13:22:41.888727,purchase,76,8
330,2025-03-31 16:30:41.888728,add_to_cart,100,50
963,2025-03-31 14:33:41.888730,add_to_cart,10,9
30,2025-03-31 04:54:41.888731,purchase,45,11
338,2025-03-31 16:35:41.888733,page_view,20,36
125,2025-03-31 13:28:41.888734,purchase,89,48
350,2025-03-31 01:12:41.888736,page_view,60,48
560,2025-03-31 22:12:41.888737,purchase,68,23
117,2025-03-31 16:10:41.888739,page_view,68,17
344,2025-03-31 03:03:41.888740,purchase,79,31
823,2025-03-31 08:11:41.888742,page_view,4,39
93,2025-03-31 19:29:41.888743,purchase,60,41
587,2025-03-31 04:55:41.888745,page_view,99,31
675,2025-03-31 14:35:41.888746,page_view,32,45
374,2025-03-31 07:38:41.888748,add_to_cart,72,6
325,2025-03-31 15:49:41.888749,page_view,15,42
167,2025-03-31 22:05:41.888751,add_to_cart,91,35
246,2025-03-31 17:02:41.888752,add_to_cart,93,44
191,2025-03-31 04:18:41.888754,purchase,70,23
882,2025-03-31 12:51:41.888755,purchase,96,5
708,2025-03-31 19:52:41.888757,purchase,37,41
426,2025-03-31 21:31:41.888758,page_view,79,30
28,2025-03-31 03:54:41.888760,add_to_cart,65,47
274,2025-03-31 21:49:41.888761,add_to_cart,36,30
640,2025-03-31 17:48:41.888763,purchase,53,9
580,2025-03-31 09:56:41.888764,add_to_cart,21,19
559,2025-03-31 23:41:41.888765,purchase,67,21
144,2025-03-31 04:01:41.888767,purchase,1,30
82,2025-04-01 00:05:41.888769,add_to_cart,12,37
280,2025-03-31 18:51:41.888770,add_to_cart,58,17
218,2025-03-31 13:18:41.888772,purchase,11,22
642,2025-03-31 10:41:41.888773,purchase,14,6
236,2025-03-31 02:50:41.888775,add_to_cart,96,16
880,2025-03-31 15:23:41.888776,purchase,8,9
243,2025-03-31 04:22:41.888777,page_view,5,23
672,2025-03-31 12:00:41.888779,page_view,20,49
902,2025-03-31 06:47:41.888780,add_to_cart,59,48
295,2025-03-31 17:51:41.888782,add_to_cart,40,2
13,2025-03-31 18:54:41.888783,purchase,56,4
461,2025-03-31 14:08:41.888785,purchase,60,38
775,2025-03-31 02:07:41.888786,page_view,56,19
164,2025-03-31 09:25:41.888788,purchase,42,10
42,2025-03-31 13:01:41.888789,purchase,38,4
959,2025-03-31 21:26:41.888791,page_view,21,40
566,2025-03-31 15:09:41.888792,purchase,25,32
17,2025-03-31 09:12:41.888793,page_view,89,40
299,2025-03-31 13:12:41.888795,page_view,78,35
133,2025-03-31 20:03:41.888796,page_view,78,21
989,2025-03-31 07:21:41.888798,page_view,60,37
359,2025-03-31 12:14:41.888799,add_to_cart,58,47
198,2025-03-31 15:29:41.888801,purchase,80,44
541,2025-03-31 17:51:41.888802,add_to_cart,73,30
44,2025-03-31 12:08:41.888804,page_view,48,33
277,2025-03-31 03:19:41.888805,page_view,16,3
930,2025-03-31 05:31:41.888807,page_view,53,39
381,2025-03-31 09:44:41.888808,purchase,69,4
264,2025-03-31 14:26:41.888810,purchase,20,16
402,2025-03-31 14:19:41.888811,add_to_cart,71,2
33,2025-03-31 09:49:41.888813,add_to_cart,59,17
219,2025-03-31 08:28:41.888814,add_to_cart,25,29
264,2025-03-31 17:48:41.888816,page_view,83,18
816,2025-03-31 13:34:41.888817,add_to_cart,95,28
143,2025-03-31 08:40:41.888819,page_view,86,40
988,2025-03-31 05:54:41.888820,add_to_cart,64,6
710,2025-03-31 00:33:41.888821,purchase,12,27
988,2025-03-31 01:13:41.888823,page_view,57,12
218,2025-03-31 19:32:41.888824,add_to_cart,47,7
181,2025-03-31 23:48:41.888826,purchase,92,44
913,2025-03-31 03:49:41.888827,page_view,92,18
336,2025-03-31 17:58:41.888829,add_to_cart,29,7
356,2025-03-31 06:38:41.888830,page_view,3,8
889,2025-03-31 02:25:41.888835,add_to_cart,1,21
78,2025-03-31 14:46:41.888837,purchase,88,4
942,2025-03-31 10:00:41.888838,add_to_cart,42,11
979,2025-03-31 15:10:41.888840,page_view,35,10
786,2025-03-31 17:55:41.888841,add_to_cart,4,21
77,2025-03-31 19:19:41.888843,purchase,32,20
823,2025-03-31 05:14:41.888844,purchase,66,31
550,2025-03-31 07:32:41.888846,add_to_cart,94,17
581,2025-03-31 01:42:41.888847,add_to_cart,80,7
117,2025-03-31 05:19:41.888848,add_to_cart,57,42
421,2025-03-31 12:50:41.888850,add_to_cart,34,47
887,2025-03-31 00:53:41.888851,purchase,49,41
852,2025-03-31 13:38:41.888853,purchase,47,14
48,2025-03-31 01:57:41.888854,purchase,83,20
492,2025-03-31 02:34:41.888856,purchase,64,32
425,2025-03-31 21:48:41.888857,purchase,83,49
541,2025-03-31 07:34:41.888859,page_view,96,47
3,2025-03-31 04:16:41.888860,purchase,67,45
8,2025-03-31 13:26:41.888862,purchase,46,8
101,2025-03-31 13:41:41.888863,purchase,20,50
853,2025-03-31 05:26:41.888865,purchase,79,37
942,2025-03-31 15:47:41.888866,add_to_cart,40,22
676,2025-03-31 18:49:41.888867,page_view,45,1
914,2025-03-31 08:28:41.888869,page_view,97,16
300,2025-03-31 14:57:41.888870,add_to_cart,15,41
605,2025-03-31 16:52:41.888872,purchase,34,28
364,2025-03-31 14:16:41.888873,page_view,83,3
947,2025-03-31 21:31:41.888875,purchase,11,26
585,2025-03-31 16:29:41.888876,add_to_cart,42,14
421,2025-03-31 17:05:41.888878,purchase,17,48
645,2025-03-31 16:11:41.888879,add_to_cart,13,41
463,2025-03-31 12:53:41.888881,page_view,54,18
816,2025-03-31 21:00:41.888882,purchase,52,11
529,2025-03-31 08:37:41.888884,purchase,8,38
418,2025-03-31 03:41:41.888885,page_view,68,37
702,2025-03-31 09:15:41.888887,add_to_cart,29,29
715,2025-03-31 09:27:41.888888,add_to_cart,82,9
249,2025-03-31 04:33:41.888890,page_view,2,21
181,2025-03-31 07:17:41.888891,add_to_cart,60,40
142,2025-03-31 02:16:41.888892,purchase,46,44
55,2025-03-31 19:42:41.888894,purchase,40,18
154,2025-03-31 18:29:41.888896,add_to_cart,98,49
545,2025-04-01 00:06:41.888897,add_to_cart,36,42
661,2025-03-31 13:12:41.888899,add_to_cart,94,46
486,2025-03-31 23:00:41.888900,page_view,97,2
187,2025-03-31 23:09:41.888901,page_view,93,10
542,2025-03-31 15:19:41.888903,page_view,92,30
716,2025-03-31 13:37:41.888904,page_view,25,17
955,2025-03-31 18:08:41.888906,purchase,40,5
326,2025-03-31 13:53:41.888907,purchase,44,17
506,2025-03-31 12:51:41.888909,purchase,63,42
276,2025-03-31 16:21:41.888910,page_view,1,50
427,2025-03-31 15:03:41.888912,page_view,32,30
389,2025-03-31 07:26:41.888913,purchase,5,39
825,2025-03-31 03:21:41.888915,add_to_cart,72,12
447,2025-03-31 00:20:41.888916,page_view,52,47
852,2025-03-31 13:33:41.888918,add_to_cart,72,18
342,2025-03-31 13:03:41.888919,add_to_cart,54,31
954,2025-03-31 20:58:41.888921,page_view,65,34
485,2025-03-31 07:15:41.888922,page_view,97,47
102,2025-03-31 01:28:41.888924,purchase,75,20
304,2025-03-31 09:05:41.888925,add_to_cart,7,47
489,2025-03-31 03:38:41.888927,page_view,51,32
622,2025-03-31 23:11:41.888928,page_view,54,2
887,2025-03-31 01:28:41.888930,purchase,96,44
490,2025-03-31 08:33:41.888931,purchase,84,26
765,2025-03-31 21:04:41.888933,add_to_cart,39,44
278,2025-03-31 02:31:41.888934,page_view,67,24
35,2025-03-31 03:19:41.888935,purchase,28,10
656,2025-03-31 05:58:41.888937,page_view,3,11
72,2025-03-31 23:07:41.888938,page_view,39,20
518,2025-03-31 07:46:41.888940,purchase,92,45
840,2025-03-31 22:26:41.888941,add_to_cart,52,10
867,2025-03-31 12:52:41.888943,add_to_cart,85,20
250,2025-03-31 06:30:41.888944,page_view,56,40
605,2025-03-31 02:54:41.888946,add_to_cart,76,12
261,2025-03-31 12:24:41.888947,page_view,79,11
346,2025-03-31 05:34:41.888949,page_view,94,26
848,2025-03-31 22:05:41.888950,add_to_cart,67,9
762,2025-03-31 11:14:41.888952,add_to_cart,100,11
336,2025-03-31 02:49:41.888953,add_to_cart,67,28
734,2025-03-31 03:01:41.888955,page_view,51,34
447,2025-03-31 02:52:41.888956,page_view,67,43
407,2025-03-31 23:56:41.888958,purchase,80,50
590,2025-03-31 12:33:41.888959,add_to_cart,29,20
435,2025-03-31 14:51:41.888961,purchase,76,49
774,2025-03-31 11:14:41.888965,page_view,89,8
618,2025-03-31 08:43:41.888967,page_view,53,20
25,2025-03-31 22:01:41.888968,add_to_cart,1,40
357,2025-03-31 02:14:41.888970,add_to_cart,78,37
436,2025-03-31 22:12:41.888971,page_view,35,1
328,2025-03-31 19:29:41.888973,add_to_cart,42,31
430,2025-03-31 12:15:41.888974,add_to_cart,59,44
902,2025-03-31 18:46:41.888976,page_view,64,20
245,2025-03-31 15:10:41.888977,purchase,15,27
244,2025-03-31 05:24:41.888979,purchase,75,5
87,2025-03-31 14:41:41.888980,page_view,61,48
621,2025-03-31 11:36:41.888982,page_view,40,49
754,2025-03-31 20:56:41.888983,page_view,32,31
48,2025-03-31 19:20:41.888985,purchase,90,42
19,2025-03-31 04:02:41.888986,add_to_cart,19,49
848,2025-03-31 14:52:41.888987,add_to_cart,70,25
918,2025-03-31 19:17:41.888989,purchase,25,8
25,2025-03-31 05:20:41.888991,add_to_cart,65,50
987,2025-03-31 13:13:41.888992,page_view,10,47
207,2025-03-31 05:42:41.888994,page_view,28,28
641,2025-03-31 23:56:41.888995,purchase,39,42
927,2025-03-31 10:55:41.888996,page_view,3,5
273,2025-03-31 09:19:41.888998,purchase,57,35
960,2025-03-31 23:45:41.888999,add_to_cart,17,10
630,2025-03-31 01:50:41.889001,add_to_cart,92,23
82,2025-03-31 02:06:41.889002,page_view,5,15
411,2025-03-31 19:45:41.889004,page_view,57,34
949,2025-03-31 15:42:41.889005,purchase,18,25
85,2025-03-31 13:25:41.889007,add_to_cart,57,6
150,2025-03-31 11:18:41.889008,add_to_cart,55,49
929,2025-03-31 12:31:41.889010,page_view,100,2
962,2025-03-31 13:47:41.889011,page_view,47,32
71,2025-03-31 04:12:41.889013,page_view,91,40
237,2025-03-31 11:28:41.889014,add_to_cart,54,5
282,2025-03-31 14:21:41.889016,add_to_cart,30,3
331,2025-03-31 02:23:41.889017,purchase,100,17
607,2025-03-31 15:22:41.889018,add_to_cart,20,36
207,2025-03-31 14:16:41.889020,page_view,83,22
989,2025-03-31 15:10:41.889021,purchase,54,13
988,2025-03-31 21:41:41.889023,add_to_cart,40,50
631,2025-03-31 14:11:41.889024,purchase,45,23
259,2025-03-31 05:25:41.889026,purchase,23,32
562,2025-03-31 19:17:41.889027,purchase,76,32
419,2025-03-31 05:43:41.889029,page_view,70,27
584,2025-03-31 18:53:41.889030,page_view,66,9
378,2025-03-31 15:40:41.889034,purchase,16,12
750,2025-03-31 23:00:41.889036,page_view,35,19
923,2025-03-31 14:39:41.889037,purchase,45,28
494,2025-03-31 23:57:41.889039,page_view,78,46
50,2025-03-31 21:38:41.889040,purchase,48,2
304,2025-03-31 19:47:41.889042,purchase,30,26
889,2025-03-31 18:53:41.889043,add_to_cart,80,19
392,2025-03-31 09:46:41.889045,add_to_cart,60,13
464,2025-03-31 22:22:41.889046,page_view,39,42
550,2025-03-31 03:08:41.889048,add_to_cart,27,25
437,2025-03-31 06:34:41.889049,page_view,35,34
647,2025-03-31 12:40:41.889051,purchase,46,31
149,2025-03-31 20:41:41.889052,page_view,92,47
262,2025-03-31 02:14:41.889055,page_view,81,39
742,2025-03-31 14:33:41.889057,add_to_cart,26,37
965,2025-03-31 07:04:41.889058,purchase,8,17
309,2025-03-31 14:17:41.889059,page_view,38,42
74,2025-03-31 19:27:41.889061,purchase,77,15
366,2025-03-31 16:22:41.889062,purchase,36,18
959,2025-03-31 18:29:41.889064,add_to_cart,35,42
38,2025-03-31 10:22:41.889065,page_view,19,22
304,2025-03-31 22:29:41.889067,purchase,62,19
951,2025-03-31 12:33:41.889068,page_view,78,17
17,2025-03-31 12:32:41.889070,purchase,56,2
316,2025-03-31 06:21:41.889071,page_view,59,38
783,2025-03-31 07:38:41.889073,add_to_cart,31,46
127,2025-03-31 08:13:41.889074,page_view,13,19
708,2025-03-31 08:28:41.889075,add_to_cart,32,9
591,2025-03-31 05:57:41.889077,purchase,7,13
222,2025-03-31 03:09:41.889078,add_to_cart,64,45
987,2025-03-31 18:29:41.889080,page_view,92,12
481,2025-03-31 15:44:41.889081,add_to_cart,31,4
941,2025-03-31 15:52:41.889083,add_to_cart,44,49
597,2025-03-31 06:53:41.889084,purchase,32,28
441,2025-03-31 20:03:41.889086,purchase,15,16
252,2025-03-31 09:19:41.889087,add_to_cart,45,24
54,2025-03-31 22:29:41.889088,purchase,73,35
232,2025-03-31 16:45:41.889090,page_view,64,50
847,2025-03-31 19:25:41.889091,purchase,60,48
227,2025-03-31 12:21:41.889093,page_view,16,17
455,2025-03-31 13:40:41.889094,page_view,87,48
86,2025-03-31 09:51:41.889096,purchase,60,49
612,2025-03-31 12:47:41.889097,add_to_cart,61,24
283,2025-03-31 06:46:41.889099,add_to_cart,78,34
811,2025-03-31 23:18:41.889100,add_to_cart,47,36
438,2025-03-31 19:07:41.889102,purchase,23,4
536,2025-03-31 18:15:41.889103,purchase,28,40
186,2025-03-31 19:25:41.889105,add_to_cart,2,43
259,2025-03-31 08:52:41.889106,add_to_cart,79,17
659,2025-03-31 19:49:41.889107,add_to_cart,59,39
331,2025-03-31 20:09:41.889109,add_to_cart,56,37
940,2025-03-31 02:53:41.889110,add_to_cart,84,42
730,2025-03-31 15:01:41.889112,page_view,16,37
580,2025-03-31 07:20:41.889113,page_view,17,28
20,2025-03-31 04:52:41.889114,add_to_cart,19,5
674,2025-03-31 23:43:41.889116,purchase,59,8
489,2025-03-31 19:31:41.889117,page_view,92,46
877,2025-03-31 23:35:41.889119,add_to_cart,2,50
950,2025-03-31 20:35:41.889120,purchase,66,4
532,2025-03-31 12:59:41.889122,purchase,9,13
336,2025-03-31 17:29:41.889123,add_to_cart,53,41
970,2025-03-31 15:07:41.889125,page_view,97,38
75,2025-03-31 17:03:41.889126,add_to_cart,51,20
762,2025-03-31 07:46:41.889128,page_view,60,45
85,2025-03-31 09:12:41.889129,page_view,31,1
357,2025-03-31 22:21:41.889131,add_to_cart,91,25
220,2025-03-31 12:24:41.889132,purchase,10,43
174,2025-03-31 00:33:41.889134,purchase,36,3
559,2025-03-31 04:20:41.889135,purchase,51,25
17,2025-03-31 19:22:41.889137,page_view,30,6
332,2025-03-31 23:49:41.889138,add_to_cart,58,2
187,2025-03-31 09:44:41.889140,add_to_cart,13,18
961,2025-03-31 23:04:41.889141,page_view,37,25
790,2025-03-31 09:25:41.889143,page_view,12,42
451,2025-03-31 05:31:41.889144,page_view,97,4
396,2025-03-31 22:50:41.889145,page_view,43,26
646,2025-03-31 12:20:41.889147,add_to_cart,78,48
465,2025-03-31 06:29:41.889148,page_view,81,9
945,2025-03-31 20:02:41.889150,purchase,66,22
98,2025-03-31 19:15:41.889151,add_to_cart,94,11
738,2025-03-31 02:59:41.889153,add_to_cart,12,44
154,2025-03-31 21:32:41.889154,purchase,64,22
228,2025-03-31 15:25:41.889156,purchase,6,36
988,2025-03-31 08:39:41.889157,add_to_cart,49,19
620,2025-03-31 23:17:41.889159,purchase,93,26
143,2025-03-31 15:07:41.889160,add_to_cart,72,6
881,2025-03-31 15:09:41.889161,page_view,25,26
846,2025-03-31 13:11:41.889163,page_view,48,48
377,2025-03-31 12:32:41.889165,add_to_cart,76,27
458,2025-03-31 16:37:41.889166,add_to_cart,59,4
956,2025-03-31 09:25:41.889168,purchase,77,38
712,2025-03-31 03:16:41.889169,purchase,64,3
359,2025-03-31 23:09:41.889171,purchase,67,20
295,2025-03-31 21:46:41.889172,add_to_cart,30,39
252,2025-03-31 05:09:41.889174,purchase,84,22
643,2025-03-31 10:07:41.889175,purchase,60,31
295,2025-03-31 11:03:41.889177,add_to_cart,25,43
493,2025-03-31 23:17:41.889178,purchase,19,50
384,2025-03-31 09:39:41.889180,page_view,83,18
859,2025-03-31 07:11:41.889181,page_view,42,28
60,2025-03-31 19:44:41.889183,purchase,64,14
906,2025-03-31 00:58:41.889184,page_view,39,24
998,2025-03-31 02:06:41.889185,purchase,48,50
430,2025-03-31 07:38:41.889187,page_view,1,46
305,2025-03-31 09:38:41.889188,page_view,76,32
436,2025-03-31 09:49:41.889190,purchase,36,23
622,2025-03-31 19:03:41.889191,page_view,98,36
669,2025-03-31 07:36:41.889193,add_to_cart,87,8
494,2025-03-31 09:28:41.889194,add_to_cart,34,18
69,2025-03-31 18:59:41.889196,add_to_cart,55,13
821,2025-03-31 07:28:41.889197,page_view,42,12
837,2025-03-31 01:23:41.889199,add_to_cart,25,28
471,2025-03-31 09:45:41.889200,purchase,2,32
708,2025-03-31 09:23:41.889201,page_view,84,14
824,2025-03-31 11:33:41.889203,page_view,73,13
418,2025-03-31 17:21:41.889204,page_view,59,13
193,2025-03-31 09:22:41.889206,add_to_cart,52,27
402,2025-03-31 11:25:41.889207,add_to_cart,32,14
679,2025-03-31 07:17:41.889209,page_view,3,11
107,2025-03-31 06:23:41.889210,add_to_cart,17,19
752,2025-03-31 04:45:41.889212,purchase,22,44
308,2025-03-31 06:38:41.889213,add_to_cart,51,8
217,2025-03-31 02:52:41.889215,add_to_cart,69,1
789,2025-03-31 21:30:41.889216,add_to_cart,79,3
899,2025-03-31 22:15:41.889217,add_to_cart,88,2
718,2025-03-31 20:03:41.889219,page_view,27,21
882,2025-03-31 07:08:41.889220,purchase,84,13
643,2025-03-31 09:55:41.889222,page_view,23,13
